

Microchip MPLAB XC8 Assembler V2.36 build 20220127204148 
                                                                                               Sun May 15 11:59:41 2022

Microchip MPLAB XC8 C Compiler v2.36 (Free license) build 20220127204148 Og1 
     1                           	processor	18F46K22
     2                           	fnconf	rparam,??,?,0
     3                           	pagewidth 120
     4                           	opt	flic
     5                           	psect	idataCOMRAM,global,class=CODE,delta=1,noexec
     6                           	psect	idataBANK1,global,class=CODE,delta=1,noexec
     7                           	psect	mediumconst,global,reloc=2,class=MEDIUMCONST,delta=1,noexec
     8                           	psect	cinit,global,reloc=2,class=CODE,delta=1
     9                           	psect	bssCOMRAM,global,class=COMRAM,space=1,delta=1,lowdata,noexec
    10                           	psect	dataCOMRAM,global,class=COMRAM,space=1,delta=1,lowdata,noexec
    11                           	psect	bssBANK1,global,class=BANK1,space=1,delta=1,lowdata,noexec
    12                           	psect	dataBANK1,global,class=BANK1,space=1,delta=1,lowdata,noexec
    13                           	psect	bssBANK2,global,class=BANK2,space=1,delta=1,lowdata,noexec
    14                           	psect	cstackBANK2,global,class=BANK2,space=1,delta=1,lowdata,noexec
    15                           	psect	cstackBANK1,global,class=BANK1,space=1,delta=1,lowdata,noexec
    16                           	psect	cstackBANK0,global,class=BANK0,space=1,delta=1,lowdata,noexec
    17                           	psect	cstackCOMRAM,global,class=COMRAM,space=1,delta=1,lowdata,noexec
    18                           	psect	text0,global,reloc=2,class=CODE,delta=1
    19                           	psect	text1,global,reloc=2,class=CODE,delta=1
    20                           	psect	text2,global,reloc=2,class=CODE,delta=1,group=3
    21                           	psect	text3,global,reloc=2,class=CODE,delta=1
    22                           	psect	text4,global,reloc=2,class=CODE,delta=1,group=3
    23                           	psect	text5,global,reloc=2,class=CODE,delta=1,group=2
    24                           	psect	text6,global,reloc=2,class=CODE,delta=1,group=3
    25                           	psect	text7,global,reloc=2,class=CODE,delta=1,group=1
    26                           	psect	text8,global,reloc=2,class=CODE,delta=1,group=1
    27                           	psect	text9,global,reloc=2,class=CODE,delta=1,group=1
    28                           	psect	text10,global,reloc=2,class=CODE,delta=1,group=1
    29                           	psect	text11,global,reloc=2,class=CODE,delta=1,group=3
    30                           	psect	text12,global,reloc=2,class=CODE,delta=1,group=2
    31                           	psect	text13,global,reloc=2,class=CODE,delta=1,group=2
    32                           	psect	text14,global,reloc=2,class=CODE,delta=1,group=3
    33                           	psect	text15,global,reloc=2,class=CODE,delta=1,group=1
    34                           	psect	text16,global,reloc=2,class=CODE,delta=1,group=3
    35                           	psect	text17,global,reloc=2,class=CODE,delta=1,group=3
    36                           	psect	text18,global,reloc=2,class=CODE,delta=1
    37                           	psect	text19,global,reloc=2,class=CODE,delta=1
    38                           	psect	text20,global,reloc=2,class=CODE,delta=1
    39                           	psect	text21,global,reloc=2,class=CODE,delta=1
    40                           	psect	text22,global,reloc=2,class=CODE,delta=1,group=2
    41                           	psect	text23,global,reloc=2,class=CODE,delta=1
    42                           	psect	text24,global,reloc=2,class=CODE,delta=1
    43                           	psect	text25,global,reloc=2,class=CODE,delta=1
    44                           	psect	text26,global,reloc=2,class=CODE,delta=1
    45                           	psect	text27,global,reloc=2,class=CODE,delta=1
    46                           	psect	text28,global,reloc=2,class=CODE,delta=1
    47                           	psect	text29,global,reloc=2,class=CODE,delta=1
    48                           	psect	text30,global,reloc=2,class=CODE,delta=1
    49                           	psect	text31,global,reloc=2,class=CODE,delta=1
    50                           	psect	intcode,global,reloc=2,class=CODE,delta=1
    51                           	psect	text33,global,reloc=2,class=CODE,delta=1
    52                           	psect	intsave_regs,global,class=BIGRAM,space=1,delta=1,noexec
    53                           	psect	rparam,global,class=COMRAM,space=1,delta=1,noexec
    54                           	psect	temp,global,ovrld,common,class=COMRAM,space=1,delta=1
    55                           	psect	idloc,global,abs,ovrld,class=IDLOC,space=5,delta=1,noexec
    56                           	psect	config,global,abs,ovrld,class=CONFIG,space=4,delta=1,noexec
    57  0000                     
    58                           ; Version 2.35
    59                           ; Generated 05/05/2021 GMT
    60                           ; 
    61                           ; Copyright © 2021, Microchip Technology Inc. and its subsidiaries ("Microchip")
    62                           ; All rights reserved.
    63                           ; 
    64                           ; This software is developed by Microchip Technology Inc. and its subsidiaries ("Microch
      +                          ip").
    65                           ; 
    66                           ; Redistribution and use in source and binary forms, with or without modification, are
    67                           ; permitted provided that the following conditions are met:
    68                           ; 
    69                           ;     1. Redistributions of source code must retain the above copyright notice, this lis
      +                          t of
    70                           ;        conditions and the following disclaimer.
    71                           ; 
    72                           ;     2. Redistributions in binary form must reproduce the above copyright notice, this 
      +                          list
    73                           ;        of conditions and the following disclaimer in the documentation and/or other
    74                           ;        materials provided with the distribution. Publication is not required when
    75                           ;        this file is used in an embedded application.
    76                           ; 
    77                           ;     3. Microchip's name may not be used to endorse or promote products derived from th
      +                          is
    78                           ;        software without specific prior written permission.
    79                           ; 
    80                           ; THIS SOFTWARE IS PROVIDED BY MICROCHIP "AS IS" AND ANY EXPRESS OR IMPLIED WARRANTIES,
    81                           ; INCLUDING, BUT NOT LIMITED TO, THE IMPLIED WARRANTIES OF MERCHANTABILITY AND FITNESS F
      +                          OR
    82                           ; PURPOSE ARE DISCLAIMED.  IN NO EVENT SHALL MICROCHIP BE LIABLE FOR ANY DIRECT, INDIREC
      +                          T,
    83                           ; INCIDENTAL, SPECIAL, EXEMPLARY, OR CONSEQUENTIAL DAMAGES (INCLUDING BUT NOT LIMITED TO
    84                           ; PROCUREMENT OF SUBSTITUTE GOODS OR SERVICES; LOSS OF USE, DATA OR PROFITS; OR BUSINESS
    85                           ; INTERRUPTION) HOWSOEVER CAUSED AND ON ANY THEORY OF LIABILITY, WHETHER IN CONTRACT, ST
      +                          RICT
    86                           ; LIABILITY, OR TORT (INCLUDING NEGLIGENCE OR OTHERWISE) ARISING IN ANY WAY OUT OF THE U
      +                          SE OF
    87                           ; THIS SOFTWARE, EVEN IF ADVISED OF THE POSSIBILITY OF SUCH DAMAGE.
    88                           ; 
    89                           ; 
    90                           ; Code-generator required, PIC18F46K22 Definitions
    91                           ; 
    92                           ; SFR Addresses
    93  0000                     
    94                           	psect	idataCOMRAM
    95  001E60                     __pidataCOMRAM:
    96                           	callstack 0
    97                           
    98                           ;initializer for _delay
    99  001E60  F424               	dw	62500
   100                           
   101                           	psect	idataBANK1
   102  001D40                     __pidataBANK1:
   103                           	callstack 0
   104                           
   105                           ;initializer for main@F6537
   106  001D40  47                 	db	71
   107  001D41  50                 	db	80
   108  001D42  49                 	db	73
   109  001D43  4F                 	db	79
   110  001D44  00                 	db	0
   111  001D45  55                 	db	85
   112  001D46  41                 	db	65
   113  001D47  52                 	db	82
   114  001D48  54                 	db	84
   115  001D49  00                 	db	0
   116  001D4A  50                 	db	80
   117  001D4B  57                 	db	87
   118  001D4C  4D                 	db	77
   119  001D4D  00                 	db	0
   120  001D4E  00                 	db	0
   121  001D4F  41                 	db	65
   122  001D50  44                 	db	68
   123  001D51  43                 	db	67
   124  001D52  00                 	db	0
   125  001D53  00                 	db	0
   126  001D54  44                 	db	68
   127  001D55  41                 	db	65
   128  001D56  43                 	db	67
   129  001D57  00                 	db	0
   130  001D58  00                 	db	0
   131  001D59  48                 	db	72
   132  001D5A  52                 	db	82
   133  001D5B  41                 	db	65
   134  001D5C  00                 	db	0
   135  001D5D  00                 	db	0
   136  001D5E  20                 	db	32
   137  001D5F  20                 	db	32
   138  001D60  20                 	db	32
   139  001D61  00                 	db	0
   140  001D62  00                 	db	0
   141                           
   142                           ;initializer for stoa@F1142
   143  001D63  28                 	db	40
   144  001D64  6E                 	db	110
   145  001D65  75                 	db	117
   146  001D66  6C                 	db	108
   147  001D67  6C                 	db	108
   148  001D68  29                 	db	41
   149  001D69  00                 	db	0
   150                           
   151                           ;initializer for main@F6541
   152  001D6A  2D                 	db	45
   153  001D6B  3E                 	db	62
   154  001D6C  00                 	db	0
   155                           
   156                           ;initializer for _w
   157  001D6D  FFFF               	dw	65535
   158                           
   159                           	psect	mediumconst
   160  00FE40                     __pmediumconst:
   161                           	callstack 0
   162  00FE40  00                 	db	0
   163  00FE41                     _tabulka:
   164                           	callstack 0
   165  00FE41  80                 	db	128
   166  00FE42  86                 	db	134
   167  00FE43  8C                 	db	140
   168  00FE44  92                 	db	146
   169  00FE45  98                 	db	152
   170  00FE46  9E                 	db	158
   171  00FE47  A5                 	db	165
   172  00FE48  AA                 	db	170
   173  00FE49  B0                 	db	176
   174  00FE4A  B6                 	db	182
   175  00FE4B  BC                 	db	188
   176  00FE4C  C1                 	db	193
   177  00FE4D  C6                 	db	198
   178  00FE4E  CB                 	db	203
   179  00FE4F  D0                 	db	208
   180  00FE50  D5                 	db	213
   181  00FE51  DA                 	db	218
   182  00FE52  DE                 	db	222
   183  00FE53  E2                 	db	226
   184  00FE54  E6                 	db	230
   185  00FE55  EA                 	db	234
   186  00FE56  ED                 	db	237
   187  00FE57  F0                 	db	240
   188  00FE58  F3                 	db	243
   189  00FE59  F5                 	db	245
   190  00FE5A  F8                 	db	248
   191  00FE5B  FA                 	db	250
   192  00FE5C  FB                 	db	251
   193  00FE5D  FD                 	db	253
   194  00FE5E  FE                 	db	254
   195  00FE5F  FE                 	db	254
   196  00FE60  FF                 	db	255
   197  00FE61  FF                 	db	255
   198  00FE62  FF                 	db	255
   199  00FE63  FE                 	db	254
   200  00FE64  FE                 	db	254
   201  00FE65  FD                 	db	253
   202  00FE66  FB                 	db	251
   203  00FE67  FA                 	db	250
   204  00FE68  F8                 	db	248
   205  00FE69  F5                 	db	245
   206  00FE6A  F3                 	db	243
   207  00FE6B  F0                 	db	240
   208  00FE6C  ED                 	db	237
   209  00FE6D  EA                 	db	234
   210  00FE6E  E6                 	db	230
   211  00FE6F  E2                 	db	226
   212  00FE70  DE                 	db	222
   213  00FE71  DA                 	db	218
   214  00FE72  D5                 	db	213
   215  00FE73  D0                 	db	208
   216  00FE74  CB                 	db	203
   217  00FE75  C6                 	db	198
   218  00FE76  C1                 	db	193
   219  00FE77  BC                 	db	188
   220  00FE78  B6                 	db	182
   221  00FE79  B0                 	db	176
   222  00FE7A  AA                 	db	170
   223  00FE7B  A5                 	db	165
   224  00FE7C  9E                 	db	158
   225  00FE7D  98                 	db	152
   226  00FE7E  92                 	db	146
   227  00FE7F  8C                 	db	140
   228  00FE80  86                 	db	134
   229  00FE81  80                 	db	128
   230  00FE82  79                 	db	121
   231  00FE83  73                 	db	115
   232  00FE84  6D                 	db	109
   233  00FE85  67                 	db	103
   234  00FE86  61                 	db	97
   235  00FE87  5A                 	db	90
   236  00FE88  55                 	db	85
   237  00FE89  4F                 	db	79
   238  00FE8A  49                 	db	73
   239  00FE8B  43                 	db	67
   240  00FE8C  3E                 	db	62
   241  00FE8D  39                 	db	57
   242  00FE8E  34                 	db	52
   243  00FE8F  2F                 	db	47
   244  00FE90  2A                 	db	42
   245  00FE91  25                 	db	37
   246  00FE92  21                 	db	33
   247  00FE93  1D                 	db	29
   248  00FE94  19                 	db	25
   249  00FE95  15                 	db	21
   250  00FE96  12                 	db	18
   251  00FE97  0F                 	db	15
   252  00FE98  0C                 	db	12
   253  00FE99  0A                 	db	10
   254  00FE9A  07                 	db	7
   255  00FE9B  05                 	db	5
   256  00FE9C  04                 	db	4
   257  00FE9D  02                 	db	2
   258  00FE9E  01                 	db	1
   259  00FE9F  01                 	db	1
   260  00FEA0  00                 	db	0
   261  00FEA1  00                 	db	0
   262  00FEA2  00                 	db	0
   263  00FEA3  01                 	db	1
   264  00FEA4  01                 	db	1
   265  00FEA5  02                 	db	2
   266  00FEA6  04                 	db	4
   267  00FEA7  05                 	db	5
   268  00FEA8  07                 	db	7
   269  00FEA9  0A                 	db	10
   270  00FEAA  0C                 	db	12
   271  00FEAB  0F                 	db	15
   272  00FEAC  12                 	db	18
   273  00FEAD  15                 	db	21
   274  00FEAE  19                 	db	25
   275  00FEAF  1D                 	db	29
   276  00FEB0  21                 	db	33
   277  00FEB1  25                 	db	37
   278  00FEB2  2A                 	db	42
   279  00FEB3  2F                 	db	47
   280  00FEB4  34                 	db	52
   281  00FEB5  39                 	db	57
   282  00FEB6  3E                 	db	62
   283  00FEB7  43                 	db	67
   284  00FEB8  49                 	db	73
   285  00FEB9  4F                 	db	79
   286  00FEBA  55                 	db	85
   287  00FEBB  5A                 	db	90
   288  00FEBC  61                 	db	97
   289  00FEBD  67                 	db	103
   290  00FEBE  6D                 	db	109
   291  00FEBF  73                 	db	115
   292  00FEC0  79                 	db	121
   293  00FEC1                     __end_of_tabulka:
   294                           	callstack 0
   295  0000                     _SSP2STATbits	set	3949
   296  0000                     _SSP2ADD	set	3950
   297  0000                     _ANSELDbits	set	3899
   298  0000                     _TRISDbits	set	3989
   299  0000                     _TXSTA1bits	set	4012
   300  0000                     _ANSELCbits	set	3898
   301  0000                     _TRISEbits	set	3990
   302  0000                     _ANSELBbits	set	3897
   303  0000                     _ANSELEbits	set	3900
   304  0000                     _ANSELAbits	set	3896
   305  0000                     _ADRESL	set	4035
   306  0000                     _ADRESH	set	4036
   307  0000                     _PORTAbits	set	3968
   308  0000                     _PORTCbits	set	3970
   309  0000                     _LATCbits	set	3979
   310  0000                     _LATDbits	set	3980
   311  0000                     _RC1IE	set	31981
   312  0000                     _LATBbits	set	3978
   313  0000                     _TMR1ON	set	32360
   314  0000                     _TMR2ON	set	32210
   315  0000                     _TMR2IF	set	31985
   316  0000                     _GIE	set	32663
   317  0000                     _SSP1IF	set	31987
   318  0000                     _LATD6	set	31846
   319  0000                     _LATD5	set	31845
   320  0000                     _LATD4	set	31844
   321  0000                     _LATC4	set	31836
   322  0000                     _LATD3	set	31843
   323  0000                     _LATD2	set	31842
   324  0000                     _LATC1	set	31833
   325  0000                     _GODONE	set	32273
   326  0000                     _TMR1IE	set	31976
   327  0000                     _TMR1IF	set	31984
   328  0000                     _TX1IF	set	31988
   329  0000                     _TX1IE	set	31980
   330  0000                     _RCSTA1bits	set	4011
   331  0000                     _TXREG1	set	4013
   332  0000                     _RCREG1	set	4014
   333  0000                     _SSP2IF	set	32039
   334  0000                     _RC1IF	set	31989
   335  0000                     _TMR1	set	4046
   336  0000                     _T2CONbits	set	4026
   337  0000                     _PR2	set	4027
   338  0000                     _SPBRG1	set	4015
   339  0000                     _CCPR1L	set	4030
   340  0000                     _ADCON2bits	set	4032
   341  0000                     _PEIE	set	32662
   342  0000                     _TRISAbits	set	3986
   343  0000                     _TRISBbits	set	3987
   344  0000                     _TRISCbits	set	3988
   345  0000                     _LATAbits	set	3977
   346  0000                     _LATB3	set	31827
   347  0000                     _ADCON0bits	set	4034
   348  0000                     _SSP1CON1bits	set	4038
   349  0000                     _SSPBUF	set	4041
   350  0000                     _T1CONbits	set	4045
   351  0000                     _SSP1STATbits	set	4039
   352  0000                     _CCPTMRS0bits	set	3913
   353  0000                     _SSP2CON2bits	set	3947
   354  0000                     _SSP2CON1bits	set	3948
   355  0000                     _CCP1CONbits	set	4029
   356  0000                     _SSP2BUF	set	3951
   357  00FEC1                     STR_8:
   358  00FEC1  4E                 	db	78	;'N'
   359  00FEC2  6F                 	db	111	;'o'
   360  00FEC3  76                 	db	118	;'v'
   361  00FEC4  61                 	db	97	;'a'
   362  00FEC5  20                 	db	32
   363  00FEC6  68                 	db	104	;'h'
   364  00FEC7  72                 	db	114	;'r'
   365  00FEC8  61                 	db	97	;'a'
   366  00FEC9  3A                 	db	58	;':'
   367  00FECA  42                 	db	66	;'B'
   368  00FECB  54                 	db	84	;'T'
   369  00FECC  4E                 	db	78	;'N'
   370  00FECD  31                 	db	49	;'1'
   371  00FECE  20                 	db	32
   372  00FECF  20                 	db	32
   373  00FED0  20                 	db	32
   374  00FED1  20                 	db	32
   375  00FED2  20                 	db	32
   376  00FED3  20                 	db	32
   377  00FED4  20                 	db	32
   378  00FED5  20                 	db	32
   379  00FED6  20                 	db	32
   380  00FED7  20                 	db	32
   381  00FED8  20                 	db	32
   382  00FED9  20                 	db	32
   383  00FEDA  20                 	db	32
   384  00FEDB  20                 	db	32
   385  00FEDC  20                 	db	32
   386  00FEDD  20                 	db	32
   387  00FEDE  20                 	db	32
   388  00FEDF  20                 	db	32
   389  00FEE0  20                 	db	32
   390  00FEE1  00                 	db	0
   391  00FEE2                     STR_12:
   392  00FEE2  61                 	db	97	;'a'
   393  00FEE3  6B                 	db	107	;'k'
   394  00FEE4  74                 	db	116	;'t'
   395  00FEE5  75                 	db	117	;'u'
   396  00FEE6  61                 	db	97	;'a'
   397  00FEE7  6C                 	db	108	;'l'
   398  00FEE8  6E                 	db	110	;'n'
   399  00FEE9  69                 	db	105	;'i'
   400  00FEEA  3A                 	db	58	;':'
   401  00FEEB  25                 	db	37
   402  00FEEC  75                 	db	117	;'u'
   403  00FEED  20                 	db	32
   404  00FEEE  20                 	db	32
   405  00FEEF  20                 	db	32
   406  00FEF0  20                 	db	32
   407  00FEF1  20                 	db	32
   408  00FEF2  20                 	db	32
   409  00FEF3  20                 	db	32
   410  00FEF4  20                 	db	32
   411  00FEF5  20                 	db	32
   412  00FEF6  20                 	db	32
   413  00FEF7  20                 	db	32
   414  00FEF8  20                 	db	32
   415  00FEF9  20                 	db	32
   416  00FEFA  20                 	db	32
   417  00FEFB  20                 	db	32
   418  00FEFC  20                 	db	32
   419  00FEFD  20                 	db	32
   420  00FEFE  00                 	db	0
   421  00FEFF                     STR_9:
   422  00FEFF  47                 	db	71	;'G'
   423  00FF00  41                 	db	65	;'A'
   424  00FF01  4D                 	db	77	;'M'
   425  00FF02  45                 	db	69	;'E'
   426  00FF03  20                 	db	32
   427  00FF04  4F                 	db	79	;'O'
   428  00FF05  56                 	db	86	;'V'
   429  00FF06  45                 	db	69	;'E'
   430  00FF07  52                 	db	82	;'R'
   431  00FF08  20                 	db	32
   432  00FF09  20                 	db	32
   433  00FF0A  20                 	db	32
   434  00FF0B  20                 	db	32
   435  00FF0C  20                 	db	32
   436  00FF0D  20                 	db	32
   437  00FF0E  20                 	db	32
   438  00FF0F  20                 	db	32
   439  00FF10  20                 	db	32
   440  00FF11  20                 	db	32
   441  00FF12  20                 	db	32
   442  00FF13  20                 	db	32
   443  00FF14  20                 	db	32
   444  00FF15  20                 	db	32
   445  00FF16  20                 	db	32
   446  00FF17  20                 	db	32
   447  00FF18  20                 	db	32
   448  00FF19  20                 	db	32
   449  00FF1A  00                 	db	0
   450  00FF1B                     STR_13:
   451  00FF1B  4E                 	db	78	;'N'
   452  00FF1C  65                 	db	101	;'e'
   453  00FF1D  78                 	db	120	;'x'
   454  00FF1E  74                 	db	116	;'t'
   455  00FF1F  20                 	db	32
   456  00FF20  6C                 	db	108	;'l'
   457  00FF21  65                 	db	101	;'e'
   458  00FF22  76                 	db	118	;'v'
   459  00FF23  65                 	db	101	;'e'
   460  00FF24  6C                 	db	108	;'l'
   461  00FF25  3A                 	db	58	;':'
   462  00FF26  20                 	db	32
   463  00FF27  42                 	db	66	;'B'
   464  00FF28  54                 	db	84	;'T'
   465  00FF29  4E                 	db	78	;'N'
   466  00FF2A  31                 	db	49	;'1'
   467  00FF2B  20                 	db	32
   468  00FF2C  20                 	db	32
   469  00FF2D  20                 	db	32
   470  00FF2E  20                 	db	32
   471  00FF2F  20                 	db	32
   472  00FF30  20                 	db	32
   473  00FF31  20                 	db	32
   474  00FF32  20                 	db	32
   475  00FF33  20                 	db	32
   476  00FF34  20                 	db	32
   477  00FF35  00                 	db	0
   478  00FF36                     STR_11:
   479  00FF36  6F                 	db	111	;'o'
   480  00FF37  74                 	db	116	;'t'
   481  00FF38  6F                 	db	111	;'o'
   482  00FF39  63                 	db	99	;'c'
   483  00FF3A  20                 	db	32
   484  00FF3B  6E                 	db	110	;'n'
   485  00FF3C  61                 	db	97	;'a'
   486  00FF3D  3A                 	db	58	;':'
   487  00FF3E  25                 	db	37
   488  00FF3F  75                 	db	117	;'u'
   489  00FF40  20                 	db	32
   490  00FF41  20                 	db	32
   491  00FF42  20                 	db	32
   492  00FF43  20                 	db	32
   493  00FF44  20                 	db	32
   494  00FF45  20                 	db	32
   495  00FF46  20                 	db	32
   496  00FF47  20                 	db	32
   497  00FF48  20                 	db	32
   498  00FF49  20                 	db	32
   499  00FF4A  20                 	db	32
   500  00FF4B  20                 	db	32
   501  00FF4C  20                 	db	32
   502  00FF4D  20                 	db	32
   503  00FF4E  00                 	db	0
   504  00FF4F                     STR_3:
   505  00FF4F  50                 	db	80	;'P'
   506  00FF50  57                 	db	87	;'W'
   507  00FF51  4D                 	db	77	;'M'
   508  00FF52  20                 	db	32
   509  00FF53  70                 	db	112	;'p'
   510  00FF54  6F                 	db	111	;'o'
   511  00FF55  6D                 	db	109	;'m'
   512  00FF56  6F                 	db	111	;'o'
   513  00FF57  63                 	db	99	;'c'
   514  00FF58  69                 	db	105	;'i'
   515  00FF59  20                 	db	32
   516  00FF5A  50                 	db	80	;'P'
   517  00FF5B  4F                 	db	79	;'O'
   518  00FF5C  54                 	db	84	;'T'
   519  00FF5D  20                 	db	32
   520  00FF5E  20                 	db	32
   521  00FF5F  20                 	db	32
   522  00FF60  20                 	db	32
   523  00FF61  20                 	db	32
   524  00FF62  20                 	db	32
   525  00FF63  20                 	db	32
   526  00FF64  20                 	db	32
   527  00FF65  20                 	db	32
   528  00FF66  20                 	db	32
   529  00FF67  00                 	db	0
   530  00FF68                     STR_10:
   531  00FF68  6C                 	db	108	;'l'
   532  00FF69  65                 	db	101	;'e'
   533  00FF6A  76                 	db	118	;'v'
   534  00FF6B  65                 	db	101	;'e'
   535  00FF6C  6C                 	db	108	;'l'
   536  00FF6D  3A                 	db	58	;':'
   537  00FF6E  20                 	db	32
   538  00FF6F  25                 	db	37
   539  00FF70  75                 	db	117	;'u'
   540  00FF71  20                 	db	32
   541  00FF72  20                 	db	32
   542  00FF73  20                 	db	32
   543  00FF74  20                 	db	32
   544  00FF75  20                 	db	32
   545  00FF76  20                 	db	32
   546  00FF77  20                 	db	32
   547  00FF78  20                 	db	32
   548  00FF79  20                 	db	32
   549  00FF7A  20                 	db	32
   550  00FF7B  20                 	db	32
   551  00FF7C  20                 	db	32
   552  00FF7D  20                 	db	32
   553  00FF7E  20                 	db	32
   554  00FF7F  00                 	db	0
   555  00FF80                     STR_1:
   556  00FF80  42                 	db	66	;'B'
   557  00FF81  69                 	db	105	;'i'
   558  00FF82  6E                 	db	110	;'n'
   559  00FF83  61                 	db	97	;'a'
   560  00FF84  72                 	db	114	;'r'
   561  00FF85  6E                 	db	110	;'n'
   562  00FF86  69                 	db	105	;'i'
   563  00FF87  20                 	db	32
   564  00FF88  63                 	db	99	;'c'
   565  00FF89  69                 	db	105	;'i'
   566  00FF8A  74                 	db	116	;'t'
   567  00FF8B  61                 	db	97	;'a'
   568  00FF8C  63                 	db	99	;'c'
   569  00FF8D  20                 	db	32
   570  00FF8E  20                 	db	32
   571  00FF8F  20                 	db	32
   572  00FF90  20                 	db	32
   573  00FF91  20                 	db	32
   574  00FF92  20                 	db	32
   575  00FF93  20                 	db	32
   576  00FF94  20                 	db	32
   577  00FF95  20                 	db	32
   578  00FF96  20                 	db	32
   579  00FF97  00                 	db	0
   580  00FF98                     STR_2:
   581  00FF98  7A                 	db	122	;'z'
   582  00FF99  70                 	db	112	;'p'
   583  00FF9A  72                 	db	114	;'r'
   584  00FF9B  61                 	db	97	;'a'
   585  00FF9C  76                 	db	118	;'v'
   586  00FF9D  61                 	db	97	;'a'
   587  00FF9E  20                 	db	32
   588  00FF9F  6E                 	db	110	;'n'
   589  00FFA0  61                 	db	97	;'a'
   590  00FFA1  6F                 	db	111	;'o'
   591  00FFA2  70                 	db	112	;'p'
   592  00FFA3  61                 	db	97	;'a'
   593  00FFA4  6B                 	db	107	;'k'
   594  00FFA5  20                 	db	32
   595  00FFA6  20                 	db	32
   596  00FFA7  20                 	db	32
   597  00FFA8  20                 	db	32
   598  00FFA9  20                 	db	32
   599  00FFAA  20                 	db	32
   600  00FFAB  20                 	db	32
   601  00FFAC  20                 	db	32
   602  00FFAD  20                 	db	32
   603  00FFAE  20                 	db	32
   604  00FFAF  00                 	db	0
   605  00FFB0                     STR_6:
   606  00FFB0  6F                 	db	111	;'o'
   607  00FFB1  72                 	db	114	;'r'
   608  00FFB2  65                 	db	101	;'e'
   609  00FFB3  7A                 	db	122	;'z'
   610  00FFB4  61                 	db	97	;'a'
   611  00FFB5  6E                 	db	110	;'n'
   612  00FFB6  79                 	db	121	;'y'
   613  00FFB7  20                 	db	32
   614  00FFB8  73                 	db	115	;'s'
   615  00FFB9  69                 	db	105	;'i'
   616  00FFBA  6E                 	db	110	;'n'
   617  00FFBB  75                 	db	117	;'u'
   618  00FFBC  73                 	db	115	;'s'
   619  00FFBD  20                 	db	32
   620  00FFBE  20                 	db	32
   621  00FFBF  20                 	db	32
   622  00FFC0  20                 	db	32
   623  00FFC1  20                 	db	32
   624  00FFC2  20                 	db	32
   625  00FFC3  20                 	db	32
   626  00FFC4  20                 	db	32
   627  00FFC5  20                 	db	32
   628  00FFC6  20                 	db	32
   629  00FFC7  00                 	db	0
   630  00FFC8                     STR_4:
   631  00FFC8  6E                 	db	110	;'n'
   632  00FFC9  61                 	db	97	;'a'
   633  00FFCA  73                 	db	115	;'s'
   634  00FFCB  6F                 	db	111	;'o'
   635  00FFCC  62                 	db	98	;'b'
   636  00FFCD  65                 	db	101	;'e'
   637  00FFCE  6E                 	db	110	;'n'
   638  00FFCF  69                 	db	105	;'i'
   639  00FFD0  20                 	db	32
   640  00FFD1  70                 	db	112	;'p'
   641  00FFD2  6F                 	db	111	;'o'
   642  00FFD3  74                 	db	116	;'t'
   643  00FFD4  20                 	db	32
   644  00FFD5  20                 	db	32
   645  00FFD6  20                 	db	32
   646  00FFD7  20                 	db	32
   647  00FFD8  20                 	db	32
   648  00FFD9  20                 	db	32
   649  00FFDA  20                 	db	32
   650  00FFDB  20                 	db	32
   651  00FFDC  20                 	db	32
   652  00FFDD  20                 	db	32
   653  00FFDE  00                 	db	0
   654  00FFDF                     STR_14:
   655  00FFDF  25                 	db	37
   656  00FFE0  73                 	db	115	;'s'
   657  00FFE1  25                 	db	37
   658  00FFE2  73                 	db	115	;'s'
   659  00FFE3  20                 	db	32
   660  00FFE4  20                 	db	32
   661  00FFE5  20                 	db	32
   662  00FFE6  20                 	db	32
   663  00FFE7  20                 	db	32
   664  00FFE8  20                 	db	32
   665  00FFE9  20                 	db	32
   666  00FFEA  20                 	db	32
   667  00FFEB  20                 	db	32
   668  00FFEC  20                 	db	32
   669  00FFED  20                 	db	32
   670  00FFEE  00                 	db	0
   671  00FFEF                     STR_5:
   672  00FFEF  25                 	db	37
   673  00FFF0  6C                 	db	108	;'l'
   674  00FFF1  75                 	db	117	;'u'
   675  00FFF2  0A                 	db	10
   676  00FFF3  00                 	db	0
   677  00FFF4                     STR_16:
   678  00FFF4  6C                 	db	108	;'l'
   679  00FFF5  6C                 	db	108	;'l'
   680  00FFF6  73                 	db	115	;'s'
   681  00FFF7  00                 	db	0
   682  00FFF8                     STR_7:
   683  00FFF8  25                 	db	37
   684  00FFF9  75                 	db	117	;'u'
   685  00FFFA  0D                 	db	13
   686  00FFFB  00                 	db	0
   687  00FFFC                     STR_21:
   688  00FFFC  6C                 	db	108	;'l'
   689  00FFFD  75                 	db	117	;'u'
   690  00FFFE  00                 	db	0
   691  00FFFF  00                 	db	0	; dummy byte at the end
   692  0000                     
   693                           ; #config settings
   694                           
   695                           	psect	cinit
   696  001A58                     __pcinit:
   697                           	callstack 0
   698  001A58                     start_initialization:
   699                           	callstack 0
   700  001A58                     __initialization:
   701                           	callstack 0
   702                           
   703                           ; Initialize objects allocated to BANK1 (47 bytes)
   704                           ; load TBLPTR registers with __pidataBANK1
   705  001A58  0E40               	movlw	low __pidataBANK1
   706  001A5A  6EF6               	movwf	tblptrl,c
   707  001A5C  0E1D               	movlw	high __pidataBANK1
   708  001A5E  6EF7               	movwf	tblptrh,c
   709  001A60  0E00               	movlw	low (__pidataBANK1 shr (0+16))
   710  001A62  6EF8               	movwf	tblptru,c
   711  001A64  EE01  F0A7         	lfsr	0,__pdataBANK1
   712  001A68  EE10 F02F          	lfsr	1,47
   713  001A6C                     copy_data0:
   714  001A6C  0009               	tblrd		*+
   715  001A6E  CFF5 FFEE          	movff	tablat,postinc0
   716  001A72  50E5               	movf	postdec1,w,c
   717  001A74  50E1               	movf	fsr1l,w,c
   718  001A76  E1FA               	bnz	copy_data0
   719                           
   720                           ; Initialize objects allocated to COMRAM (2 bytes)
   721                           ; load TBLPTR registers with __pidataCOMRAM
   722  001A78  0E60               	movlw	low __pidataCOMRAM
   723  001A7A  6EF6               	movwf	tblptrl,c
   724  001A7C  0E1E               	movlw	high __pidataCOMRAM
   725  001A7E  6EF7               	movwf	tblptrh,c
   726  001A80  0E00               	movlw	low (__pidataCOMRAM shr (0+16))
   727  001A82  6EF8               	movwf	tblptru,c
   728  001A84  0009               	tblrd		*+	;fetch initializer
   729  001A86  CFF5 F055          	movff	tablat,__pdataCOMRAM
   730  001A8A  0009               	tblrd		*+	;fetch initializer
   731  001A8C  CFF5 F056          	movff	tablat,__pdataCOMRAM+1
   732                           
   733                           ; Clear objects allocated to BANK2 (103 bytes)
   734  001A90  EE02  F000         	lfsr	0,__pbssBANK2
   735  001A94  0E67               	movlw	103
   736  001A96                     clear_0:
   737  001A96  6AEE               	clrf	postinc0,c
   738  001A98  06E8               	decf	wreg,f,c
   739  001A9A  E1FD               	bnz	clear_0
   740                           
   741                           ; Clear objects allocated to BANK1 (42 bytes)
   742  001A9C  EE01  F0D6         	lfsr	0,__pbssBANK1
   743  001AA0  0E2A               	movlw	42
   744  001AA2                     clear_1:
   745  001AA2  6AEE               	clrf	postinc0,c
   746  001AA4  06E8               	decf	wreg,f,c
   747  001AA6  E1FD               	bnz	clear_1
   748                           
   749                           ; Clear objects allocated to COMRAM (6 bytes)
   750  001AA8  6A54               	clrf	(__pbssCOMRAM+5)& (0+255),c
   751  001AAA  6A53               	clrf	(__pbssCOMRAM+4)& (0+255),c
   752  001AAC  6A52               	clrf	(__pbssCOMRAM+3)& (0+255),c
   753  001AAE  6A51               	clrf	(__pbssCOMRAM+2)& (0+255),c
   754  001AB0  6A50               	clrf	(__pbssCOMRAM+1)& (0+255),c
   755  001AB2  6A4F               	clrf	__pbssCOMRAM& (0+255),c
   756  001AB4                     end_of_initialization:
   757                           	callstack 0
   758  001AB4                     __end_of__initialization:
   759                           	callstack 0
   760  001AB4  9057               	bcf	int$flags,0,c	;clear compiler interrupt flag (level 1)
   761  001AB6  9257               	bcf	int$flags,1,c	;clear compiler interrupt flag (level 2)
   762  001AB8  0E00               	movlw	low (__Lmediumconst shr (0+16))
   763  001ABA  6EF8               	movwf	tblptru,c
   764  001ABC  0100               	movlb	0
   765  001ABE  EFB6  F000         	goto	_main	;jump to C main() function
   766                           
   767                           	psect	bssCOMRAM
   768  00004F                     __pbssCOMRAM:
   769                           	callstack 0
   770  00004F                     _flags:
   771                           	callstack 0
   772  00004F                     	ds	2
   773  000051                     UART_TMR1_ISR@i:
   774                           	callstack 0
   775  000051                     	ds	1
   776  000052                     UART_TMR1_ISR@RX_i:
   777                           	callstack 0
   778  000052                     	ds	1
   779  000053                     _led_stateHRA:
   780                           	callstack 0
   781  000053                     	ds	1
   782  000054                     _game_state:
   783                           	callstack 0
   784  000054                     	ds	1
   785                           
   786                           	psect	dataCOMRAM
   787  000055                     __pdataCOMRAM:
   788                           	callstack 0
   789  000055                     _delay:
   790                           	callstack 0
   791  000055                     	ds	2
   792                           
   793                           	psect	bssBANK1
   794  0001D6                     __pbssBANK1:
   795                           	callstack 0
   796  0001D6                     _nout:
   797                           	callstack 0
   798  0001D6                     	ds	2
   799  0001D8                     _width:
   800                           	callstack 0
   801  0001D8                     	ds	2
   802  0001DA                     _prec:
   803                           	callstack 0
   804  0001DA                     	ds	2
   805  0001DC                     _dbuf:
   806                           	callstack 0
   807  0001DC                     	ds	32
   808  0001FC                     _seed:
   809                           	callstack 0
   810  0001FC                     	ds	4
   811                           
   812                           	psect	dataBANK1
   813  0001A7                     __pdataBANK1:
   814                           	callstack 0
   815  0001A7                     main@F6537:
   816                           	callstack 0
   817  0001A7                     	ds	35
   818  0001CA                     stoa@F1142:
   819                           	callstack 0
   820  0001CA                     	ds	7
   821  0001D1                     main@F6541:
   822                           	callstack 0
   823  0001D1                     	ds	3
   824  0001D4                     _w:
   825                           	callstack 0
   826  0001D4                     	ds	2
   827                           
   828                           	psect	bssBANK2
   829  000200                     __pbssBANK2:
   830                           	callstack 0
   831  000200                     _message1:
   832                           	callstack 0
   833  000200                     	ds	103
   834                           
   835                           	psect	cstackBANK2
   836  000267                     __pcstackBANK2:
   837                           	callstack 0
   838  000267                     main@k:
   839                           	callstack 0
   840                           
   841                           ; 4 bytes @ 0x0
   842  000267                     	ds	4
   843  00026B                     main@potHRA:
   844                           	callstack 0
   845                           
   846                           ; 2 bytes @ 0x4
   847  00026B                     	ds	2
   848  00026D                     main@rand_num:
   849                           	callstack 0
   850                           
   851                           ; 2 bytes @ 0x6
   852  00026D                     	ds	2
   853  00026F                     main@pot1:
   854                           	callstack 0
   855                           
   856                           ; 2 bytes @ 0x8
   857  00026F                     	ds	2
   858  000271                     main@pot2:
   859                           	callstack 0
   860                           
   861                           ; 2 bytes @ 0xA
   862  000271                     	ds	2
   863  000273                     main@position:
   864                           	callstack 0
   865                           
   866                           ; 1 bytes @ 0xC
   867  000273                     	ds	1
   868  000274                     main@j:
   869                           	callstack 0
   870                           
   871                           ; 1 bytes @ 0xD
   872  000274                     	ds	1
   873                           
   874                           	psect	cstackBANK1
   875  000100                     __pcstackBANK1:
   876                           	callstack 0
   877  000100                     main@textPWM:
   878                           	callstack 0
   879                           
   880                           ; 17 bytes @ 0x0
   881  000100                     	ds	17
   882  000111                     main@textADC:
   883                           	callstack 0
   884                           
   885                           ; 17 bytes @ 0x11
   886  000111                     	ds	17
   887  000122                     main@textDAC:
   888                           	callstack 0
   889                           
   890                           ; 17 bytes @ 0x22
   891  000122                     	ds	17
   892  000133                     main@text1:
   893                           	callstack 0
   894                           
   895                           ; 17 bytes @ 0x33
   896  000133                     	ds	17
   897  000144                     main@text2:
   898                           	callstack 0
   899                           
   900                           ; 17 bytes @ 0x44
   901  000144                     	ds	17
   902  000155                     main@textSTART:
   903                           	callstack 0
   904                           
   905                           ; 17 bytes @ 0x55
   906  000155                     	ds	17
   907  000166                     main@textLEVEL:
   908                           	callstack 0
   909                           
   910                           ; 17 bytes @ 0x66
   911  000166                     	ds	17
   912  000177                     main@textSTOP1:
   913                           	callstack 0
   914                           
   915                           ; 17 bytes @ 0x77
   916  000177                     	ds	17
   917  000188                     main@textSTOP2:
   918                           	callstack 0
   919                           
   920                           ; 17 bytes @ 0x88
   921  000188                     	ds	17
   922  000199                     main@value_out:
   923                           	callstack 0
   924                           
   925                           ; 4 bytes @ 0x99
   926  000199                     	ds	4
   927  00019D                     main@potenciometer1:
   928                           	callstack 0
   929                           
   930                           ; 2 bytes @ 0x9D
   931  00019D                     	ds	2
   932  00019F                     main@potenciometer2:
   933                           	callstack 0
   934                           
   935                           ; 2 bytes @ 0x9F
   936  00019F                     	ds	2
   937  0001A1                     main@sin_final:
   938                           	callstack 0
   939                           
   940                           ; 2 bytes @ 0xA1
   941  0001A1                     	ds	2
   942  0001A3                     main@level:
   943                           	callstack 0
   944                           
   945                           ; 2 bytes @ 0xA3
   946  0001A3                     	ds	2
   947  0001A5                     main@led_state:
   948                           	callstack 0
   949                           
   950                           ; 1 bytes @ 0xA5
   951  0001A5                     	ds	1
   952  0001A6                     main@menu_position:
   953                           	callstack 0
   954                           
   955                           ; 1 bytes @ 0xA6
   956  0001A6                     	ds	1
   957                           
   958                           	psect	cstackBANK0
   959  000060                     __pcstackBANK0:
   960                           	callstack 0
   961  000060                     ??_vfpfcnvrt:
   962                           
   963                           ; 1 bytes @ 0x0
   964  000060                     	ds	6
   965  000066                     vfpfcnvrt@cp:
   966                           	callstack 0
   967                           
   968                           ; 2 bytes @ 0x6
   969  000066                     	ds	2
   970  000068                     _vfpfcnvrt$2669:
   971                           	callstack 0
   972                           
   973                           ; 2 bytes @ 0x8
   974  000068                     	ds	2
   975  00006A                     vfpfcnvrt@llu:
   976                           	callstack 0
   977                           
   978                           ; 8 bytes @ 0xA
   979  00006A                     	ds	8
   980  000072                     ?_vfprintf:
   981                           	callstack 0
   982  000072                     vfprintf@fp:
   983                           	callstack 0
   984                           
   985                           ; 2 bytes @ 0x12
   986  000072                     	ds	2
   987  000074                     vfprintf@fmt:
   988                           	callstack 0
   989                           
   990                           ; 2 bytes @ 0x14
   991  000074                     	ds	2
   992  000076                     vfprintf@ap:
   993                           	callstack 0
   994                           
   995                           ; 2 bytes @ 0x16
   996  000076                     	ds	2
   997  000078                     ?_sprintf:
   998                           	callstack 0
   999  000078                     ?_printf:
  1000                           	callstack 0
  1001  000078                     sprintf@s:
  1002                           	callstack 0
  1003  000078                     printf@fmt:
  1004                           	callstack 0
  1005                           
  1006                           ; 2 bytes @ 0x18
  1007  000078                     	ds	2
  1008  00007A                     sprintf@fmt:
  1009                           	callstack 0
  1010                           
  1011                           ; 2 bytes @ 0x1A
  1012  00007A                     	ds	6
  1013  000080                     sprintf@ap:
  1014                           	callstack 0
  1015                           
  1016                           ; 2 bytes @ 0x20
  1017  000080                     	ds	2
  1018  000082                     sprintf@f:
  1019                           	callstack 0
  1020                           
  1021                           ; 11 bytes @ 0x22
  1022  000082                     	ds	11
  1023  00008D                     ??_main:
  1024                           
  1025                           ; 1 bytes @ 0x2D
  1026  00008D                     	ds	2
  1027  00008F                     main@menu_names:
  1028                           	callstack 0
  1029                           
  1030                           ; 35 bytes @ 0x2F
  1031  00008F                     	ds	35
  1032  0000B2                     main@text1M:
  1033                           	callstack 0
  1034                           
  1035                           ; 17 bytes @ 0x52
  1036  0000B2                     	ds	17
  1037  0000C3                     main@text2M:
  1038                           	callstack 0
  1039                           
  1040                           ; 17 bytes @ 0x63
  1041  0000C3                     	ds	17
  1042  0000D4                     main@textGPIO:
  1043                           	callstack 0
  1044                           
  1045                           ; 17 bytes @ 0x74
  1046  0000D4                     	ds	17
  1047  0000E5                     main@textUART:
  1048                           	callstack 0
  1049                           
  1050                           ; 17 bytes @ 0x85
  1051  0000E5                     	ds	17
  1052  0000F6                     main@cursor:
  1053                           	callstack 0
  1054                           
  1055                           ; 3 bytes @ 0x96
  1056  0000F6                     	ds	3
  1057                           
  1058                           	psect	cstackCOMRAM
  1059  000001                     __pcstackCOMRAM:
  1060                           	callstack 0
  1061  000001                     i2driveLED@in:
  1062                           	callstack 0
  1063                           
  1064                           ; 1 bytes @ 0x0
  1065  000001                     	ds	1
  1066  000002                     ??_UART_TMR1_ISR:
  1067                           
  1068                           ; 1 bytes @ 0x1
  1069  000002                     	ds	4
  1070  000006                     UART_TMR1_ISR@tmr_over:
  1071                           	callstack 0
  1072                           
  1073                           ; 2 bytes @ 0x5
  1074  000006                     	ds	2
  1075  000008                     UART_TMR1_ISR@zprava:
  1076                           	callstack 0
  1077                           
  1078                           ; 1 bytes @ 0x7
  1079  000008                     	ds	1
  1080  000009                     ?_adc_read:
  1081                           	callstack 0
  1082  000009                     ?_strlen:
  1083                           	callstack 0
  1084  000009                     ?_strncmp:
  1085                           	callstack 0
  1086  000009                     ?___lmul:
  1087                           	callstack 0
  1088  000009                     ?___lodiv:
  1089                           	callstack 0
  1090  000009                     ?___lomod:
  1091                           	callstack 0
  1092  000009                     driveLED@in:
  1093                           	callstack 0
  1094  000009                     SPIWrite@data:
  1095                           	callstack 0
  1096  000009                     putch@data:
  1097                           	callstack 0
  1098  000009                     LCD_Send@data:
  1099                           	callstack 0
  1100  000009                     strlen@s:
  1101                           	callstack 0
  1102  000009                     strncmp@_l:
  1103                           	callstack 0
  1104  000009                     ___lmul@multiplier:
  1105                           	callstack 0
  1106  000009                     ___lodiv@dividend:
  1107                           	callstack 0
  1108  000009                     ___lomod@dividend:
  1109                           	callstack 0
  1110                           
  1111                           ; 8 bytes @ 0x8
  1112  000009                     	ds	1
  1113  00000A                     ??_LCD_Init:
  1114  00000A                     SPIWrite@channel:
  1115                           	callstack 0
  1116  00000A                     LCD_ShowString@textData:
  1117                           	callstack 0
  1118  00000A                     fputc@c:
  1119                           	callstack 0
  1120                           
  1121                           ; 2 bytes @ 0x9
  1122  00000A                     	ds	1
  1123  00000B                     ??_adc_read:
  1124  00000B                     SPIWrite@msb:
  1125                           	callstack 0
  1126  00000B                     strlen@a:
  1127                           	callstack 0
  1128  00000B                     strncmp@_r:
  1129                           	callstack 0
  1130                           
  1131                           ; 2 bytes @ 0xA
  1132  00000B                     	ds	1
  1133  00000C                     SPIWrite@lsb:
  1134                           	callstack 0
  1135  00000C                     LCD_ShowString@lineNum:
  1136                           	callstack 0
  1137  00000C                     fputc@fp:
  1138                           	callstack 0
  1139                           
  1140                           ; 2 bytes @ 0xB
  1141  00000C                     	ds	1
  1142  00000D                     adc_read@channel:
  1143                           	callstack 0
  1144  00000D                     LCD_ShowString@i:
  1145                           	callstack 0
  1146  00000D                     strncmp@n:
  1147                           	callstack 0
  1148  00000D                     ___lmul@multiplicand:
  1149                           	callstack 0
  1150                           
  1151                           ; 4 bytes @ 0xC
  1152  00000D                     	ds	1
  1153  00000E                     ??_fputc:
  1154  00000E                     adc_read@value:
  1155                           	callstack 0
  1156                           
  1157                           ; 2 bytes @ 0xD
  1158  00000E                     	ds	1
  1159  00000F                     ??_strncmp:
  1160                           
  1161                           ; 1 bytes @ 0xE
  1162  00000F                     	ds	1
  1163  000010                     strncmp@l:
  1164                           	callstack 0
  1165                           
  1166                           ; 2 bytes @ 0xF
  1167  000010                     	ds	1
  1168  000011                     ___lmul@product:
  1169                           	callstack 0
  1170  000011                     ___lodiv@divisor:
  1171                           	callstack 0
  1172  000011                     ___lomod@divisor:
  1173                           	callstack 0
  1174                           
  1175                           ; 8 bytes @ 0x10
  1176  000011                     	ds	1
  1177  000012                     strncmp@r:
  1178                           	callstack 0
  1179                           
  1180                           ; 2 bytes @ 0x11
  1181  000012                     	ds	1
  1182  000013                     ?_stoa:
  1183                           	callstack 0
  1184  000013                     stoa@fp:
  1185                           	callstack 0
  1186  000013                     fputs@s:
  1187                           	callstack 0
  1188                           
  1189                           ; 2 bytes @ 0x12
  1190  000013                     	ds	2
  1191  000015                     ?_rand:
  1192                           	callstack 0
  1193  000015                     stoa@s:
  1194                           	callstack 0
  1195  000015                     fputs@fp:
  1196                           	callstack 0
  1197                           
  1198                           ; 2 bytes @ 0x14
  1199  000015                     	ds	2
  1200  000017                     ??_rand:
  1201  000017                     ??_stoa:
  1202  000017                     fputs@c:
  1203                           	callstack 0
  1204                           
  1205                           ; 1 bytes @ 0x16
  1206  000017                     	ds	1
  1207  000018                     fputs@i:
  1208                           	callstack 0
  1209  000018                     stoa@nuls:
  1210                           	callstack 0
  1211                           
  1212                           ; 7 bytes @ 0x17
  1213  000018                     	ds	1
  1214  000019                     ___lomod@counter:
  1215                           	callstack 0
  1216  000019                     ___lodiv@quotient:
  1217                           	callstack 0
  1218                           
  1219                           ; 8 bytes @ 0x18
  1220  000019                     	ds	1
  1221  00001A                     ?_pad:
  1222                           	callstack 0
  1223  00001A                     pad@fp:
  1224                           	callstack 0
  1225                           
  1226                           ; 2 bytes @ 0x19
  1227  00001A                     	ds	1
  1228  00001B                     ?___awmod:
  1229                           	callstack 0
  1230  00001B                     ___awmod@dividend:
  1231                           	callstack 0
  1232                           
  1233                           ; 2 bytes @ 0x1A
  1234  00001B                     	ds	1
  1235  00001C                     pad@buf:
  1236                           	callstack 0
  1237                           
  1238                           ; 2 bytes @ 0x1B
  1239  00001C                     	ds	1
  1240  00001D                     ___awmod@divisor:
  1241                           	callstack 0
  1242                           
  1243                           ; 2 bytes @ 0x1C
  1244  00001D                     	ds	1
  1245  00001E                     pad@p:
  1246                           	callstack 0
  1247                           
  1248                           ; 2 bytes @ 0x1D
  1249  00001E                     	ds	1
  1250  00001F                     ___awmod@counter:
  1251                           	callstack 0
  1252  00001F                     stoa@i:
  1253                           	callstack 0
  1254                           
  1255                           ; 2 bytes @ 0x1E
  1256  00001F                     	ds	1
  1257  000020                     ??_pad:
  1258  000020                     ___awmod@sign:
  1259                           	callstack 0
  1260                           
  1261                           ; 1 bytes @ 0x1F
  1262  000020                     	ds	1
  1263  000021                     ___lodiv@counter:
  1264                           	callstack 0
  1265  000021                     pad@i:
  1266                           	callstack 0
  1267  000021                     stoa@w:
  1268                           	callstack 0
  1269                           
  1270                           ; 2 bytes @ 0x20
  1271  000021                     	ds	2
  1272  000023                     pad@w:
  1273                           	callstack 0
  1274  000023                     stoa@cp:
  1275                           	callstack 0
  1276                           
  1277                           ; 2 bytes @ 0x22
  1278  000023                     	ds	2
  1279  000025                     ?_utoa:
  1280                           	callstack 0
  1281  000025                     stoa@p:
  1282                           	callstack 0
  1283  000025                     utoa@fp:
  1284                           	callstack 0
  1285                           
  1286                           ; 2 bytes @ 0x24
  1287  000025                     	ds	2
  1288  000027                     stoa@l:
  1289                           	callstack 0
  1290  000027                     utoa@d:
  1291                           	callstack 0
  1292                           
  1293                           ; 8 bytes @ 0x26
  1294  000027                     	ds	8
  1295  00002F                     ??_utoa:
  1296                           
  1297                           ; 1 bytes @ 0x2E
  1298  00002F                     	ds	8
  1299  000037                     utoa@p:
  1300                           	callstack 0
  1301                           
  1302                           ; 2 bytes @ 0x36
  1303  000037                     	ds	2
  1304  000039                     utoa@w:
  1305                           	callstack 0
  1306                           
  1307                           ; 2 bytes @ 0x38
  1308  000039                     	ds	2
  1309  00003B                     utoa@n:
  1310                           	callstack 0
  1311                           
  1312                           ; 8 bytes @ 0x3A
  1313  00003B                     	ds	8
  1314  000043                     utoa@i:
  1315                           	callstack 0
  1316                           
  1317                           ; 2 bytes @ 0x42
  1318  000043                     	ds	2
  1319  000045                     ?_vfpfcnvrt:
  1320                           	callstack 0
  1321  000045                     vfpfcnvrt@fp:
  1322                           	callstack 0
  1323                           
  1324                           ; 2 bytes @ 0x44
  1325  000045                     	ds	2
  1326  000047                     vfpfcnvrt@fmt:
  1327                           	callstack 0
  1328                           
  1329                           ; 2 bytes @ 0x46
  1330  000047                     	ds	2
  1331  000049                     vfpfcnvrt@ap:
  1332                           	callstack 0
  1333                           
  1334                           ; 2 bytes @ 0x48
  1335  000049                     	ds	2
  1336  00004B                     vfprintf@cfmt:
  1337                           	callstack 0
  1338                           
  1339                           ; 2 bytes @ 0x4A
  1340  00004B                     	ds	2
  1341  00004D                     printf@ap:
  1342                           	callstack 0
  1343                           
  1344                           ; 2 bytes @ 0x4C
  1345  00004D                     	ds	2
  1346                           
  1347 ;;
  1348 ;;Main: autosize = 0, tempsize = 2, incstack = 0, save=0
  1349 ;;
  1350 ;; *************** function _main *****************
  1351 ;; Defined at:
  1352 ;;		line 131 in file "menu.c"
  1353 ;; Parameters:    Size  Location     Type
  1354 ;;		None
  1355 ;; Auto vars:     Size  Location     Type
  1356 ;;  k               4    0[BANK2 ] long 
  1357 ;;  value_out       4  153[BANK1 ] unsigned long 
  1358 ;;  pot2            2   10[BANK2 ] unsigned int 
  1359 ;;  pot1            2    8[BANK2 ] unsigned int 
  1360 ;;  sin_final       2  161[BANK1 ] unsigned int 
  1361 ;;  potenciomete    2  159[BANK1 ] unsigned int 
  1362 ;;  potenciomete    2  157[BANK1 ] unsigned int 
  1363 ;;  j               1   13[BANK2 ] unsigned char 
  1364 ;;  led_state       1  165[BANK1 ] unsigned char 
  1365 ;;  menu_names     35   47[BANK0 ] unsigned char [5][7]
  1366 ;;  textSTOP2      17  136[BANK1 ] unsigned char [17]
  1367 ;;  textSTOP1      17  119[BANK1 ] unsigned char [17]
  1368 ;;  textLEVEL      17  102[BANK1 ] unsigned char [17]
  1369 ;;  textSTART      17   85[BANK1 ] unsigned char [17]
  1370 ;;  text2          17   68[BANK1 ] unsigned char [17]
  1371 ;;  text1          17   51[BANK1 ] unsigned char [17]
  1372 ;;  textDAC        17   34[BANK1 ] unsigned char [17]
  1373 ;;  textADC        17   17[BANK1 ] unsigned char [17]
  1374 ;;  textPWM        17    0[BANK1 ] unsigned char [17]
  1375 ;;  textUART       17  133[BANK0 ] unsigned char [17]
  1376 ;;  textGPIO       17  116[BANK0 ] unsigned char [17]
  1377 ;;  text2M         17   99[BANK0 ] unsigned char [17]
  1378 ;;  text1M         17   82[BANK0 ] unsigned char [17]
  1379 ;;  cursor          3  150[BANK0 ] unsigned char [3][1]
  1380 ;;  rand_num        2    6[BANK2 ] unsigned int 
  1381 ;;  potHRA          2    4[BANK2 ] unsigned int 
  1382 ;;  level           2  163[BANK1 ] unsigned int 
  1383 ;;  position        1   12[BANK2 ] unsigned char 
  1384 ;;  menu_positio    1  166[BANK1 ] unsigned char 
  1385 ;; Return value:  Size  Location     Type
  1386 ;;                  1    wreg      void 
  1387 ;; Registers used:
  1388 ;;		wreg, fsr1l, fsr1h, fsr2l, fsr2h, status,2, status,0, tblptrl, tblptrh, tblptru, prodl, prodh, cstack
  1389 ;; Tracked objects:
  1390 ;;		On entry : 0/0
  1391 ;;		On exit  : 0/0
  1392 ;;		Unchanged: 0/0
  1393 ;; Data sizes:     COMRAM   BANK0   BANK1   BANK2   BANK3   BANK4   BANK5   BANK6   BANK7   BANK8   BANK9  BANK10  BANK1
      +1  BANK12  BANK13  BANK14  BANK15
  1394 ;;      Params:         0       0       0       0       0       0       0       0       0       0       0       0       
      +0       0       0       0       0
  1395 ;;      Locals:         0     106     167      14       0       0       0       0       0       0       0       0       
      +0       0       0       0       0
  1396 ;;      Temps:          0       2       0       0       0       0       0       0       0       0       0       0       
      +0       0       0       0       0
  1397 ;;      Totals:         0     108     167      14       0       0       0       0       0       0       0       0       
      +0       0       0       0       0
  1398 ;;Total ram usage:      289 bytes
  1399 ;; Hardware stack levels required when called: 10
  1400 ;; This function calls:
  1401 ;;		_GPIO_init
  1402 ;;		_IT_init
  1403 ;;		_LCD_Clear
  1404 ;;		_LCD_Init
  1405 ;;		_LCD_ShowString
  1406 ;;		_PWM_init
  1407 ;;		_SPIWrite
  1408 ;;		_T1_init
  1409 ;;		___awmod
  1410 ;;		___lmul
  1411 ;;		_adc_init
  1412 ;;		_adc_read
  1413 ;;		_driveLED
  1414 ;;		_printf
  1415 ;;		_rand
  1416 ;;		_spi_init
  1417 ;;		_sprintf
  1418 ;;		_uart_init
  1419 ;; This function is called by:
  1420 ;;		Startup code after reset
  1421 ;; This function uses a non-reentrant model
  1422 ;;
  1423                           
  1424                           	psect	text0
  1425  00016C                     __ptext0:
  1426                           	callstack 0
  1427  00016C                     _main:
  1428                           	callstack 21
  1429  00016C                     
  1430                           ;menu.c: 133:     GPIO_init();;menu.c: 133: ;menu.c: 133: {
  1431  00016C  ECF1  F00E         	call	_GPIO_init	;wreg free
  1432  000170                     
  1433                           ;menu.c: 134:     LCD_Init();;menu.c: 134:                 ADCON0bits.CHS = 5;;menu.c: 1
      +                          34:     TRISDbits.TRISD2 = 0;
  1434  000170  EC49  F00A         	call	_LCD_Init	;wreg free
  1435  000174                     
  1436                           ;menu.c: 135:     uart_init();;menu.c: 135: ;menu.c: 135:     TRISDbits.TRISD3 = 0;
  1437  000174  ECFF  F00E         	call	_uart_init	;wreg free
  1438  000178                     
  1439                           ;menu.c: 136:     adc_init();;menu.c: 136:                 while(1);menu.c: 136:     TRI
      +                          SCbits.TRISC4 = 0;
  1440  000178  ECDF  F00E         	call	_adc_init	;wreg free
  1441  00017C                     
  1442                           ;menu.c: 137:     spi_init();;menu.c: 137:                 {;menu.c: 137:     TRISDbits.
      +                          TRISD4 = 0;
  1443  00017C  EC0B  F00F         	call	_spi_init	;wreg free
  1444                           
  1445                           ;menu.c: 138:     IT_init();;menu.c: 138:                 switch(game_state);menu.c: 138
      +                          :     TRISDbits.TRISD5 = 0;
  1446  000180  EC2B  F00F         	call	_IT_init	;wreg free
  1447  000184                     
  1448                           ;menu.c: 139:     T1_init();;menu.c: 139:                 {;menu.c: 139:     TRISDbits.T
      +                          RISD6 = 0;
  1449  000184  EC22  F00F         	call	_T1_init	;wreg free
  1450  000188                     
  1451                           ;menu.c: 141:    char menu_names[7][5] = {;menu.c: 141: ;menu.c: 141:     ANSELAbits.ANS
      +                          A3 = 0;
  1452  000188  EE21  F0A7         	lfsr	2,main@F6537
  1453  00018C  EE10  F08F         	lfsr	1,main@menu_names
  1454  000190  0E22               	movlw	34
  1455  000192                     u3941:
  1456  000192  CFDB FFE3          	movff	plusw2,plusw1
  1457  000196  06E8               	decf	wreg,f,c
  1458  000198  E2FC               	bc	u3941
  1459  00019A                     
  1460                           ;menu.c: 151:    char cursor[1][3] = {;menu.c: 151:                             _delay((
      +                          unsigned long)((80)*(32e6/4000.0)));;menu.c: 151: 
  1461  00019A  C1D1  F0F6         	movff	main@F6541,main@cursor
  1462  00019E  C1D2  F0F7         	movff	main@F6541+1,main@cursor+1
  1463  0001A2  C1D3  F0F8         	movff	main@F6541+2,main@cursor+2
  1464  0001A6                     
  1465                           ;menu.c: 155:     char text1M [17];;menu.c: 155:                                 game_st
      +                          ate = GAME_OFF;;menu.c: 155:     PR2 = 199;;menu.c: 156:     char text2M [17];;menu.c: 1
      +                          56:                             };menu.c: 156:     CCP1CONbits.P1M = 0b00;;menu.c: 157: 
      +                              char textGPIO [17];;menu.c: 157:                         };menu.c: 157:     CCP1CONb
      +                          its.CCP1M = 0b1100;;menu.c: 158:     char textUART [17];;menu.c: 158:                   
      +                                break;;menu.c: 158:     CCPR1L = 0;;menu.c: 159:     char textPWM [17];
  1466  0001A6  0E00               	movlw	0
  1467  0001A8  0101               	movlb	1	; () banked
  1468  0001AA  6FA4               	movwf	(main@level+1)& (0+255),b
  1469  0001AC  0E01               	movlw	1
  1470  0001AE  6FA3               	movwf	main@level& (0+255),b
  1471  0001B0                     
  1472                           ; BSR set to: 1
  1473                           ;menu.c: 172:     game_state = GAME_START;;menu.c: 172: ;menu.c: 172:     TMR1IF = 0;
  1474  0001B0  0E00               	movlw	0
  1475  0001B2  6E54               	movwf	_game_state^0,c	;volatile
  1476  0001B4                     
  1477                           ; BSR set to: 1
  1478                           ;menu.c: 173:     char position = 0;;menu.c: 173:                         break;;menu.c:
      +                           173: }
  1479  0001B4  0E00               	movlw	0
  1480  0001B6  0102               	movlb	2	; () banked
  1481  0001B8  6F73               	movwf	main@position& (0+255),b
  1482  0001BA                     l3607:
  1483                           
  1484                           ;menu.c: 174:     char menu_position = 6;;menu.c: 174: 
  1485  0001BA  0E06               	movlw	6
  1486  0001BC  0101               	movlb	1	; () banked
  1487  0001BE  6FA6               	movwf	main@menu_position& (0+255),b
  1488  0001C0  EFE9  F005         	goto	l3931
  1489  0001C4                     l3609:
  1490                           
  1491                           ; BSR set to: 0
  1492                           ;menu.c: 183:             LCD_Clear();;menu.c: 183: 
  1493  0001C4  EC85  F00E         	call	_LCD_Clear	;wreg free
  1494  0001C8                     
  1495                           ;menu.c: 184:             sprintf(textGPIO,"Binarni citac          ");;menu.c: 184:     
      +                                              sprintf(text1, "aktualni:%u                 ", potHRA);
  1496  0001C8  0ED4               	movlw	low main@textGPIO
  1497  0001CA  0100               	movlb	0	; () banked
  1498  0001CC  6F78               	movwf	sprintf@s& (0+255),b
  1499  0001CE  0E00               	movlw	high main@textGPIO
  1500  0001D0  6F79               	movwf	(sprintf@s+1)& (0+255),b
  1501  0001D2  0E80               	movlw	low STR_1
  1502  0001D4  6F7A               	movwf	sprintf@fmt& (0+255),b
  1503  0001D6  0EFF               	movlw	high STR_1
  1504  0001D8  6F7B               	movwf	(sprintf@fmt+1)& (0+255),b
  1505  0001DA  ECC7  F00D         	call	_sprintf	;wreg free
  1506  0001DE                     
  1507                           ;menu.c: 185:             LCD_ShowString(1,textGPIO);;menu.c: 185:                      
      +                             LCD_ShowString(2, text1);
  1508  0001DE  0ED4               	movlw	low main@textGPIO
  1509  0001E0  6E0A               	movwf	LCD_ShowString@textData^0,c
  1510  0001E2  0E00               	movlw	high main@textGPIO
  1511  0001E4  6E0B               	movwf	(LCD_ShowString@textData+1)^0,c
  1512  0001E6  0E01               	movlw	1
  1513  0001E8  EC3C  F00C         	call	_LCD_ShowString
  1514  0001EC                     
  1515                           ;menu.c: 187:                 LATDbits.LATD2 = 1;;menu.c: 187:                         i
      +                          f(potHRA == rand_num)
  1516  0001EC  848C               	bsf	140,2,c	;volatile
  1517  0001EE                     
  1518                           ;menu.c: 188:                 LATDbits.LATD3 = 1;;menu.c: 188:                         {
  1519  0001EE  868C               	bsf	140,3,c	;volatile
  1520  0001F0                     
  1521                           ;menu.c: 189:                 LATCbits.LATC4 = 1;;menu.c: 189:                          
      +                             for(long k=1; k<200000; k++);
  1522  0001F0  888B               	bsf	139,4,c	;volatile
  1523  0001F2                     
  1524                           ;menu.c: 190:                 LATDbits.LATD4 = 1;;menu.c: 190:                          
      +                             if(potHRA == rand_num)
  1525  0001F2  888C               	bsf	140,4,c	;volatile
  1526  0001F4                     
  1527                           ;menu.c: 191:                 LATDbits.LATD5 = 1;;menu.c: 191:                          
      +                             {
  1528  0001F4  8A8C               	bsf	140,5,c	;volatile
  1529  0001F6                     
  1530                           ;menu.c: 192:                 LATDbits.LATD6 = 1;;menu.c: 192:                          
      +                                 game_state = NEXT_LEVEL;
  1531  0001F6  8C8C               	bsf	140,6,c	;volatile
  1532  0001F8                     
  1533                           ;menu.c: 194:                 unsigned char led_state = 0;;menu.c: 194:                 
      +                                  }
  1534  0001F8  0E00               	movlw	0
  1535  0001FA  0101               	movlb	1	; () banked
  1536  0001FC  6FA5               	movwf	main@led_state& (0+255),b
  1537  0001FE                     l3629:
  1538                           
  1539                           ;menu.c: 197:                     if(PORTCbits.RC0){;menu.c: 197:                       
      +                                _delay((unsigned long)((80)*(32e6/4000.0)));
  1540  0001FE  A082               	btfss	130,0,c	;volatile
  1541  000200  EF04  F001         	goto	u3951
  1542  000204  EF06  F001         	goto	u3950
  1543  000208                     u3951:
  1544  000208  EF29  F001         	goto	l3643
  1545  00020C                     u3950:
  1546  00020C                     
  1547                           ;menu.c: 198:                     _delay((unsigned long)((80)*(32e6/4000.0)));;menu.c: 1
      +                          98:                             if(PORTAbits.RA2)
  1548  00020C  0E04               	movlw	4
  1549  00020E  0100               	movlb	0	; () banked
  1550  000210  6F8E               	movwf	(??_main+1)& (0+255),b
  1551  000212  0E40               	movlw	64
  1552  000214  6F8D               	movwf	??_main& (0+255),b
  1553  000216  0E26               	movlw	38
  1554  000218                     u4427:
  1555  000218  2EE8               	decfsz	wreg,f,c
  1556  00021A  D7FE               	bra	u4427
  1557  00021C  2F8D               	decfsz	??_main& (0+255),f,b
  1558  00021E  D7FC               	bra	u4427
  1559  000220  2F8E               	decfsz	(??_main+1)& (0+255),f,b
  1560  000222  D7FA               	bra	u4427
  1561  000224  F000               	nop	
  1562  000226                     
  1563                           ;menu.c: 199:                     if(PORTCbits.RC0){;menu.c: 199:                       
      +                                {
  1564  000226  A082               	btfss	130,0,c	;volatile
  1565  000228  EF18  F001         	goto	u3961
  1566  00022C  EF1A  F001         	goto	u3960
  1567  000230                     u3961:
  1568  000230  EF29  F001         	goto	l3643
  1569  000234                     u3960:
  1570  000234                     
  1571                           ;menu.c: 200:                         if(led_state == 0b11111111){;menu.c: 200:         
      +                                                  menu_position = 6;
  1572  000234  0101               	movlb	1	; () banked
  1573  000236  29A5               	incf	main@led_state& (0+255),w,b
  1574  000238  A4D8               	btfss	status,2,c
  1575  00023A  EF21  F001         	goto	u3971
  1576  00023E  EF23  F001         	goto	u3970
  1577  000242                     u3971:
  1578  000242  EF25  F001         	goto	l3639
  1579  000246                     u3970:
  1580  000246                     
  1581                           ; BSR set to: 1
  1582                           ;menu.c: 201:                             led_state = 0;;menu.c: 201:                   
      +                                        game_state = GAME_OFF;
  1583  000246  0E00               	movlw	0
  1584  000248  6FA5               	movwf	main@led_state& (0+255),b
  1585  00024A                     l3639:
  1586                           
  1587                           ; BSR set to: 1
  1588                           ;menu.c: 203:                     led_state++;;menu.c: 203:                         }
  1589  00024A  2BA5               	incf	main@led_state& (0+255),f,b
  1590  00024C                     
  1591                           ; BSR set to: 1
  1592                           ;menu.c: 204:                     driveLED(led_state);;menu.c: 204: 
  1593  00024C  51A5               	movf	main@led_state& (0+255),w,b
  1594  00024E  EC85  F00C         	call	_driveLED
  1595  000252                     l3643:
  1596                           
  1597                           ;menu.c: 207:                 if(PORTAbits.RA2);menu.c: 207:                     case NE
      +                          XT_LEVEL:
  1598  000252  A480               	btfss	128,2,c	;volatile
  1599  000254  EF2E  F001         	goto	u3981
  1600  000258  EF30  F001         	goto	u3980
  1601  00025C                     u3981:
  1602  00025C  EFFF  F000         	goto	l3629
  1603  000260                     u3980:
  1604  000260                     
  1605                           ;menu.c: 208:                 {;menu.c: 208:                         LCD_Clear();;menu.c
      +                          : 209:                     _delay((unsigned long)((80)*(32e6/4000.0)));;menu.c: 209:    
      +                                               while(1)
  1606  000260  0E04               	movlw	4
  1607  000262  0100               	movlb	0	; () banked
  1608  000264  6F8E               	movwf	(??_main+1)& (0+255),b
  1609  000266  0E40               	movlw	64
  1610  000268  6F8D               	movwf	??_main& (0+255),b
  1611  00026A  0E26               	movlw	38
  1612  00026C                     u4437:
  1613  00026C  2EE8               	decfsz	wreg,f,c
  1614  00026E  D7FE               	bra	u4437
  1615  000270  2F8D               	decfsz	??_main& (0+255),f,b
  1616  000272  D7FC               	bra	u4437
  1617  000274  2F8E               	decfsz	(??_main+1)& (0+255),f,b
  1618  000276  D7FA               	bra	u4437
  1619  000278  F000               	nop	
  1620  00027A                     
  1621                           ;menu.c: 210:                     if(PORTAbits.RA2);menu.c: 210:                        
      +                           {
  1622  00027A  A480               	btfss	128,2,c	;volatile
  1623  00027C  EF42  F001         	goto	u3991
  1624  000280  EF44  F001         	goto	u3990
  1625  000284                     u3991:
  1626  000284  EFFF  F000         	goto	l3629
  1627  000288                     u3990:
  1628  000288  EFDD  F000         	goto	l3607
  1629  00028C                     l191:
  1630                           
  1631                           ;menu.c: 219:             break;;menu.c: 219:                             rand_num = ran
      +                          d() % 1023;
  1632  00028C  EFE9  F005         	goto	l3931
  1633  000290                     l3651:
  1634                           
  1635                           ; BSR set to: 0
  1636                           ;menu.c: 223:             LCD_Clear();;menu.c: 223:                         else if(PORT
      +                          Abits.RA2)
  1637  000290  EC85  F00E         	call	_LCD_Clear	;wreg free
  1638  000294                     
  1639                           ;menu.c: 224:             sprintf(textUART,"zprava naopak          ");;menu.c: 224:     
      +                                              {
  1640  000294  0EE5               	movlw	low main@textUART
  1641  000296  0100               	movlb	0	; () banked
  1642  000298  6F78               	movwf	sprintf@s& (0+255),b
  1643  00029A  0E00               	movlw	high main@textUART
  1644  00029C  6F79               	movwf	(sprintf@s+1)& (0+255),b
  1645  00029E  0E98               	movlw	low STR_2
  1646  0002A0  6F7A               	movwf	sprintf@fmt& (0+255),b
  1647  0002A2  0EFF               	movlw	high STR_2
  1648  0002A4  6F7B               	movwf	(sprintf@fmt+1)& (0+255),b
  1649  0002A6  ECC7  F00D         	call	_sprintf	;wreg free
  1650  0002AA                     
  1651                           ;menu.c: 225:             LCD_ShowString(1,textUART);;menu.c: 225:                      
      +                                 _delay((unsigned long)((80)*(32e6/4000.0)));
  1652  0002AA  0EE5               	movlw	low main@textUART
  1653  0002AC  6E0A               	movwf	LCD_ShowString@textData^0,c
  1654  0002AE  0E00               	movlw	high main@textUART
  1655  0002B0  6E0B               	movwf	(LCD_ShowString@textData+1)^0,c
  1656  0002B2  0E01               	movlw	1
  1657  0002B4  EC3C  F00C         	call	_LCD_ShowString
  1658  0002B8                     l3657:
  1659                           
  1660                           ;menu.c: 228:                 if(message1.full);menu.c: 228:                            
      +                               menu_position = 6;
  1661  0002B8  0102               	movlb	2	; () banked
  1662  0002BA  5164               	movf	(_message1+100)& (0+255),w,b	;volatile
  1663  0002BC  B4D8               	btfsc	status,2,c
  1664  0002BE  EF63  F001         	goto	u4001
  1665  0002C2  EF65  F001         	goto	u4000
  1666  0002C6                     u4001:
  1667  0002C6  EF68  F001         	goto	l3663
  1668  0002CA                     u4000:
  1669  0002CA                     
  1670                           ; BSR set to: 2
  1671                           ;menu.c: 229:                 {;menu.c: 229:                                 game_state 
      +                          = GAME_OFF;;menu.c: 230:                     message1.full = 0;;menu.c: 230:            
      +                                               break;
  1672  0002CA  0E00               	movlw	0
  1673  0002CC  6F64               	movwf	(_message1+100)& (0+255),b	;volatile
  1674  0002CE                     
  1675                           ; BSR set to: 2
  1676                           ;menu.c: 231:                     TX1IE = 1;;menu.c: 231:                             }
  1677  0002CE  889D               	bsf	3997,4,c	;volatile
  1678  0002D0                     l3663:
  1679                           
  1680                           ; BSR set to: 2
  1681                           ;menu.c: 233:                 if(PORTAbits.RA2);menu.c: 233:                         }
  1682  0002D0  A480               	btfss	128,2,c	;volatile
  1683  0002D2  EF6D  F001         	goto	u4011
  1684  0002D6  EF6F  F001         	goto	u4010
  1685  0002DA                     u4011:
  1686  0002DA  EF5C  F001         	goto	l3657
  1687  0002DE                     u4010:
  1688  0002DE                     
  1689                           ; BSR set to: 2
  1690                           ;menu.c: 234:                 {;menu.c: 234: ;menu.c: 235:                     _delay((u
      +                          nsigned long)((80)*(32e6/4000.0)));;menu.c: 235:                         break;
  1691  0002DE  0E04               	movlw	4
  1692  0002E0  0100               	movlb	0	; () banked
  1693  0002E2  6F8E               	movwf	(??_main+1)& (0+255),b
  1694  0002E4  0E40               	movlw	64
  1695  0002E6  6F8D               	movwf	??_main& (0+255),b
  1696  0002E8  0E26               	movlw	38
  1697  0002EA                     u4447:
  1698  0002EA  2EE8               	decfsz	wreg,f,c
  1699  0002EC  D7FE               	bra	u4447
  1700  0002EE  2F8D               	decfsz	??_main& (0+255),f,b
  1701  0002F0  D7FC               	bra	u4447
  1702  0002F2  2F8E               	decfsz	(??_main+1)& (0+255),f,b
  1703  0002F4  D7FA               	bra	u4447
  1704  0002F6  F000               	nop	
  1705  0002F8                     
  1706                           ;menu.c: 236:                     if(PORTAbits.RA2);menu.c: 236:                     }
  1707  0002F8  A480               	btfss	128,2,c	;volatile
  1708  0002FA  EF81  F001         	goto	u4021
  1709  0002FE  EF83  F001         	goto	u4020
  1710  000302                     u4021:
  1711  000302  EF5C  F001         	goto	l3657
  1712  000306                     u4020:
  1713  000306  EFDD  F000         	goto	l3607
  1714  00030A                     l3671:
  1715                           
  1716                           ; BSR set to: 0
  1717                           ;menu.c: 248:             LCD_Clear();
  1718  00030A  EC85  F00E         	call	_LCD_Clear	;wreg free
  1719  00030E                     
  1720                           ;menu.c: 249:             sprintf(textPWM,"PWM pomoci POT          ");
  1721  00030E  0E00               	movlw	low main@textPWM
  1722  000310  0100               	movlb	0	; () banked
  1723  000312  6F78               	movwf	sprintf@s& (0+255),b
  1724  000314  0E01               	movlw	high main@textPWM
  1725  000316  6F79               	movwf	(sprintf@s+1)& (0+255),b
  1726  000318  0E4F               	movlw	low STR_3
  1727  00031A  6F7A               	movwf	sprintf@fmt& (0+255),b
  1728  00031C  0EFF               	movlw	high STR_3
  1729  00031E  6F7B               	movwf	(sprintf@fmt+1)& (0+255),b
  1730  000320  ECC7  F00D         	call	_sprintf	;wreg free
  1731  000324                     
  1732                           ;menu.c: 250:             LCD_ShowString(1,textPWM);
  1733  000324  0E00               	movlw	low main@textPWM
  1734  000326  6E0A               	movwf	LCD_ShowString@textData^0,c
  1735  000328  0E01               	movlw	high main@textPWM
  1736  00032A  6E0B               	movwf	(LCD_ShowString@textData+1)^0,c
  1737  00032C  0E01               	movlw	1
  1738  00032E  EC3C  F00C         	call	_LCD_ShowString
  1739  000332  EC4E  F00E         	call	_PWM_init	;wreg free
  1740  000336  9EC0               	bcf	192,7,c	;volatile
  1741  000338  50C2               	movf	194,w,c	;volatile
  1742  00033A  0B83               	andlw	-125
  1743  00033C  0914               	iorlw	20
  1744  00033E  6EC2               	movwf	194,c	;volatile
  1745  000340                     l3683:
  1746  000340  82C2               	bsf	4034,1,c	;volatile
  1747  000342                     l203:
  1748  000342  B2C2               	btfsc	4034,1,c	;volatile
  1749  000344  EFA6  F001         	goto	u4031
  1750  000348  EFA8  F001         	goto	u4030
  1751  00034C                     u4031:
  1752  00034C  EFA1  F001         	goto	l203
  1753  000350                     u4030:
  1754  000350  0E82               	movlw	130
  1755  000352  64C4               	cpfsgt	196,c	;volatile
  1756  000354  EFAE  F001         	goto	u4041
  1757  000358  EFB0  F001         	goto	u4040
  1758  00035C                     u4041:
  1759  00035C  EFB6  F001         	goto	l3691
  1760  000360                     u4040:
  1761  000360  828B               	bsf	3979,1,c	;volatile
  1762  000362                     l3689:
  1763  000362  50C4               	movf	196,w,c	;volatile
  1764  000364  0AFF               	xorlw	255
  1765  000366  6EBE               	movwf	190,c	;volatile
  1766  000368  EFD3  F001         	goto	l3703
  1767  00036C                     l3691:
  1768  00036C  0E7D               	movlw	125
  1769  00036E  60C4               	cpfslt	196,c	;volatile
  1770  000370  EFBC  F001         	goto	u4051
  1771  000374  EFBE  F001         	goto	u4050
  1772  000378                     u4051:
  1773  000378  EFC1  F001         	goto	l3697
  1774  00037C                     u4050:
  1775  00037C  928B               	bcf	3979,1,c	;volatile
  1776  00037E  EFB1  F001         	goto	l3689
  1777  000382                     l3697:
  1778  000382  0E7D               	movlw	125
  1779  000384  64C4               	cpfsgt	196,c	;volatile
  1780  000386  EFC7  F001         	goto	u4061
  1781  00038A  EFC9  F001         	goto	u4060
  1782  00038E                     u4061:
  1783  00038E  EFD3  F001         	goto	l3703
  1784  000392                     u4060:
  1785  000392  0E82               	movlw	130
  1786  000394  60C4               	cpfslt	196,c	;volatile
  1787  000396  EFCF  F001         	goto	u4071
  1788  00039A  EFD1  F001         	goto	u4070
  1789  00039E                     u4071:
  1790  00039E  EFD3  F001         	goto	l3703
  1791  0003A2                     u4070:
  1792  0003A2  0E00               	movlw	0
  1793  0003A4  6EBE               	movwf	190,c	;volatile
  1794  0003A6                     l3703:
  1795  0003A6  A480               	btfss	128,2,c	;volatile
  1796  0003A8  EFD8  F001         	goto	u4081
  1797  0003AC  EFDA  F001         	goto	u4080
  1798  0003B0                     u4081:
  1799  0003B0  EFA0  F001         	goto	l3683
  1800  0003B4                     u4080:
  1801  0003B4  0E04               	movlw	4
  1802  0003B6  0100               	movlb	0	; () banked
  1803  0003B8  6F8E               	movwf	(??_main+1)& (0+255),b
  1804  0003BA  0E40               	movlw	64
  1805  0003BC  6F8D               	movwf	??_main& (0+255),b
  1806  0003BE  0E26               	movlw	38
  1807  0003C0                     u4457:
  1808  0003C0  2EE8               	decfsz	wreg,f,c
  1809  0003C2  D7FE               	bra	u4457
  1810  0003C4  2F8D               	decfsz	??_main& (0+255),f,b
  1811  0003C6  D7FC               	bra	u4457
  1812  0003C8  2F8E               	decfsz	(??_main+1)& (0+255),f,b
  1813  0003CA  D7FA               	bra	u4457
  1814  0003CC  F000               	nop	
  1815  0003CE  A480               	btfss	128,2,c	;volatile
  1816  0003D0  EFEC  F001         	goto	u4091
  1817  0003D4  EFEE  F001         	goto	u4090
  1818  0003D8                     u4091:
  1819  0003D8  EFA0  F001         	goto	l3683
  1820  0003DC                     u4090:
  1821  0003DC  EFDD  F000         	goto	l3607
  1822  0003E0                     l3711:
  1823                           
  1824                           ; BSR set to: 0
  1825  0003E0  EC85  F00E         	call	_LCD_Clear	;wreg free
  1826  0003E4  0E11               	movlw	low main@textADC
  1827  0003E6  0100               	movlb	0	; () banked
  1828  0003E8  6F78               	movwf	sprintf@s& (0+255),b
  1829  0003EA  0E01               	movlw	high main@textADC
  1830  0003EC  6F79               	movwf	(sprintf@s+1)& (0+255),b
  1831  0003EE  0EC8               	movlw	low STR_4
  1832  0003F0  6F7A               	movwf	sprintf@fmt& (0+255),b
  1833  0003F2  0EFF               	movlw	high STR_4
  1834  0003F4  6F7B               	movwf	(sprintf@fmt+1)& (0+255),b
  1835  0003F6  ECC7  F00D         	call	_sprintf	;wreg free
  1836  0003FA  0E11               	movlw	low main@textADC
  1837  0003FC  6E0A               	movwf	LCD_ShowString@textData^0,c
  1838  0003FE  0E01               	movlw	high main@textADC
  1839  000400  6E0B               	movwf	(LCD_ShowString@textData+1)^0,c
  1840  000402  0E01               	movlw	1
  1841  000404  EC3C  F00C         	call	_LCD_ShowString
  1842  000408                     l3717:
  1843  000408  50C2               	movf	194,w,c	;volatile
  1844  00040A  0B83               	andlw	-125
  1845  00040C  0914               	iorlw	20
  1846  00040E  6EC2               	movwf	194,c	;volatile
  1847  000410  82C2               	bsf	4034,1,c	;volatile
  1848  000412                     l217:
  1849  000412  B2C2               	btfsc	4034,1,c	;volatile
  1850  000414  EF0E  F002         	goto	u4101
  1851  000418  EF10  F002         	goto	u4100
  1852  00041C                     u4101:
  1853  00041C  EF09  F002         	goto	l217
  1854  000420                     u4100:
  1855  000420  50C3               	movf	195,w,c	;volatile
  1856  000422  CFC4 F08D          	movff	4036,??_main	;volatile
  1857  000426  0100               	movlb	0	; () banked
  1858  000428  6B8E               	clrf	(??_main+1)& (0+255),b
  1859  00042A  C08D  F08E         	movff	??_main,??_main+1
  1860  00042E  6B8D               	clrf	??_main& (0+255),b
  1861  000430  118D               	iorwf	??_main& (0+255),w,b
  1862  000432  0101               	movlb	1	; () banked
  1863  000434  6F9F               	movwf	main@potenciometer2& (0+255),b
  1864  000436  0100               	movlb	0	; () banked
  1865  000438  518E               	movf	(??_main+1)& (0+255),w,b
  1866  00043A  0101               	movlb	1	; () banked
  1867  00043C  6FA0               	movwf	(main@potenciometer2+1)& (0+255),b
  1868  00043E                     
  1869                           ; BSR set to: 1
  1870  00043E  50C2               	movf	194,w,c	;volatile
  1871  000440  0B83               	andlw	-125
  1872  000442  0910               	iorlw	16
  1873  000444  6EC2               	movwf	194,c	;volatile
  1874  000446                     
  1875                           ; BSR set to: 1
  1876  000446  9EC0               	bcf	192,7,c	;volatile
  1877  000448                     
  1878                           ; BSR set to: 1
  1879  000448  82C2               	bsf	4034,1,c	;volatile
  1880  00044A                     l220:
  1881  00044A  B2C2               	btfsc	4034,1,c	;volatile
  1882  00044C  EF2A  F002         	goto	u4111
  1883  000450  EF2C  F002         	goto	u4110
  1884  000454                     u4111:
  1885  000454  EF25  F002         	goto	l220
  1886  000458                     u4110:
  1887  000458  CFC4 F19D          	movff	4036,main@potenciometer1	;volatile
  1888  00045C  0101               	movlb	1	; () banked
  1889  00045E  6B9E               	clrf	(main@potenciometer1+1)& (0+255),b
  1890  000460                     
  1891                           ; BSR set to: 1
  1892  000460  0E03               	movlw	3
  1893  000462  0100               	movlb	0	; () banked
  1894  000464  6F8E               	movwf	(??_main+1)& (0+255),b
  1895  000466  0E08               	movlw	8
  1896  000468  6F8D               	movwf	??_main& (0+255),b
  1897  00046A  0E77               	movlw	119
  1898  00046C                     u4467:
  1899  00046C  2EE8               	decfsz	wreg,f,c
  1900  00046E  D7FE               	bra	u4467
  1901  000470  2F8D               	decfsz	??_main& (0+255),f,b
  1902  000472  D7FC               	bra	u4467
  1903  000474  2F8E               	decfsz	(??_main+1)& (0+255),f,b
  1904  000476  D7FA               	bra	u4467
  1905  000478  C19D  F009         	movff	main@potenciometer1,___lmul@multiplier
  1906  00047C  C19E  F00A         	movff	main@potenciometer1+1,___lmul@multiplier+1
  1907  000480  6A0B               	clrf	(___lmul@multiplier+2)^0,c
  1908  000482  6A0C               	clrf	(___lmul@multiplier+3)^0,c
  1909  000484  C19F  F00D         	movff	main@potenciometer2,___lmul@multiplicand
  1910  000488  C1A0  F00E         	movff	main@potenciometer2+1,___lmul@multiplicand+1
  1911  00048C  6A0F               	clrf	(___lmul@multiplicand+2)^0,c
  1912  00048E  6A10               	clrf	(___lmul@multiplicand+3)^0,c
  1913  000490  EC61  F00D         	call	___lmul	;wreg free
  1914  000494  C009  F199         	movff	?___lmul,main@value_out
  1915  000498  C00A  F19A         	movff	?___lmul+1,main@value_out+1
  1916  00049C  C00B  F19B         	movff	?___lmul+2,main@value_out+2
  1917  0004A0  C00C  F19C         	movff	?___lmul+3,main@value_out+3
  1918  0004A4  0EEF               	movlw	low STR_5
  1919  0004A6  0100               	movlb	0	; () banked
  1920  0004A8  6F78               	movwf	printf@fmt& (0+255),b
  1921  0004AA  0EFF               	movlw	high STR_5
  1922  0004AC  6F79               	movwf	(printf@fmt+1)& (0+255),b
  1923  0004AE  C199  F07A         	movff	main@value_out,?_printf+2
  1924  0004B2  C19A  F07B         	movff	main@value_out+1,?_printf+3
  1925  0004B6  C19B  F07C         	movff	main@value_out+2,?_printf+4
  1926  0004BA  C19C  F07D         	movff	main@value_out+3,?_printf+5
  1927  0004BE  ECB8  F00E         	call	_printf	;wreg free
  1928  0004C2  8EC0               	bsf	192,7,c	;volatile
  1929  0004C4  A480               	btfss	128,2,c	;volatile
  1930  0004C6  EF67  F002         	goto	u4121
  1931  0004CA  EF69  F002         	goto	u4120
  1932  0004CE                     u4121:
  1933  0004CE  EF04  F002         	goto	l3717
  1934  0004D2                     u4120:
  1935  0004D2  0E04               	movlw	4
  1936  0004D4  0100               	movlb	0	; () banked
  1937  0004D6  6F8E               	movwf	(??_main+1)& (0+255),b
  1938  0004D8  0E40               	movlw	64
  1939  0004DA  6F8D               	movwf	??_main& (0+255),b
  1940  0004DC  0E26               	movlw	38
  1941  0004DE                     u4477:
  1942  0004DE  2EE8               	decfsz	wreg,f,c
  1943  0004E0  D7FE               	bra	u4477
  1944  0004E2  2F8D               	decfsz	??_main& (0+255),f,b
  1945  0004E4  D7FC               	bra	u4477
  1946  0004E6  2F8E               	decfsz	(??_main+1)& (0+255),f,b
  1947  0004E8  D7FA               	bra	u4477
  1948  0004EA  F000               	nop	
  1949  0004EC  A480               	btfss	128,2,c	;volatile
  1950  0004EE  EF7B  F002         	goto	u4131
  1951  0004F2  EF7D  F002         	goto	u4130
  1952  0004F6                     u4131:
  1953  0004F6  EF04  F002         	goto	l3717
  1954  0004FA                     u4130:
  1955  0004FA  EFDD  F000         	goto	l3607
  1956  0004FE                     l3745:
  1957                           
  1958                           ; BSR set to: 0
  1959  0004FE  EC85  F00E         	call	_LCD_Clear	;wreg free
  1960  000502  0E22               	movlw	low main@textDAC
  1961  000504  0100               	movlb	0	; () banked
  1962  000506  6F78               	movwf	sprintf@s& (0+255),b
  1963  000508  0E01               	movlw	high main@textDAC
  1964  00050A  6F79               	movwf	(sprintf@s+1)& (0+255),b
  1965  00050C  0EB0               	movlw	low STR_6
  1966  00050E  6F7A               	movwf	sprintf@fmt& (0+255),b
  1967  000510  0EFF               	movlw	high STR_6
  1968  000512  6F7B               	movwf	(sprintf@fmt+1)& (0+255),b
  1969  000514  ECC7  F00D         	call	_sprintf	;wreg free
  1970  000518  0E22               	movlw	low main@textDAC
  1971  00051A  6E0A               	movwf	LCD_ShowString@textData^0,c
  1972  00051C  0E01               	movlw	high main@textDAC
  1973  00051E  6E0B               	movwf	(LCD_ShowString@textData+1)^0,c
  1974  000520  0E01               	movlw	1
  1975  000522  EC3C  F00C         	call	_LCD_ShowString
  1976  000526  0E00               	movlw	0
  1977  000528  0102               	movlb	2	; () banked
  1978  00052A  6F74               	movwf	main@j& (0+255),b
  1979  00052C                     l3753:
  1980  00052C  0E04               	movlw	4
  1981  00052E  EC31  F00E         	call	_adc_read
  1982  000532  C009  F26F         	movff	?_adc_read,main@pot1
  1983  000536  C00A  F270         	movff	?_adc_read+1,main@pot1+1
  1984  00053A  C26F  F08D         	movff	main@pot1,??_main
  1985  00053E  C270  F08E         	movff	main@pot1+1,??_main+1
  1986  000542  0100               	movlb	0	; () banked
  1987  000544  90D8               	bcf	status,0,c
  1988  000546  338E               	rrcf	(??_main+1)& (0+255),f,b
  1989  000548  338D               	rrcf	??_main& (0+255),f,b
  1990  00054A  90D8               	bcf	status,0,c
  1991  00054C  338E               	rrcf	(??_main+1)& (0+255),f,b
  1992  00054E  338D               	rrcf	??_main& (0+255),f,b
  1993  000550  90D8               	bcf	status,0,c
  1994  000552  338E               	rrcf	(??_main+1)& (0+255),f,b
  1995  000554  338D               	rrcf	??_main& (0+255),f,b
  1996  000556  518D               	movf	??_main& (0+255),w,b
  1997  000558  08FF               	sublw	255
  1998  00055A  0102               	movlb	2	; () banked
  1999  00055C  6F6F               	movwf	main@pot1& (0+255),b
  2000  00055E  0100               	movlb	0	; () banked
  2001  000560  518E               	movf	(??_main+1)& (0+255),w,b
  2002  000562  A0D8               	btfss	status,0,c
  2003  000564  2AE8               	incf	wreg,f,c
  2004  000566  0800               	sublw	0
  2005  000568  0102               	movlb	2	; () banked
  2006  00056A  6F70               	movwf	(main@pot1+1)& (0+255),b
  2007  00056C                     
  2008                           ; BSR set to: 2
  2009  00056C  0E05               	movlw	5
  2010  00056E  EC31  F00E         	call	_adc_read
  2011  000572  C009  F271         	movff	?_adc_read,main@pot2
  2012  000576  C00A  F272         	movff	?_adc_read+1,main@pot2+1
  2013  00057A  C271  F08D         	movff	main@pot2,??_main
  2014  00057E  C272  F08E         	movff	main@pot2+1,??_main+1
  2015  000582  0100               	movlb	0	; () banked
  2016  000584  90D8               	bcf	status,0,c
  2017  000586  338E               	rrcf	(??_main+1)& (0+255),f,b
  2018  000588  338D               	rrcf	??_main& (0+255),f,b
  2019  00058A  90D8               	bcf	status,0,c
  2020  00058C  338E               	rrcf	(??_main+1)& (0+255),f,b
  2021  00058E  338D               	rrcf	??_main& (0+255),f,b
  2022  000590  90D8               	bcf	status,0,c
  2023  000592  338E               	rrcf	(??_main+1)& (0+255),f,b
  2024  000594  338D               	rrcf	??_main& (0+255),f,b
  2025  000596  C08D  F271         	movff	??_main,main@pot2
  2026  00059A  C08E  F272         	movff	??_main+1,main@pot2+1
  2027  00059E                     
  2028                           ; BSR set to: 0
  2029  00059E  0E41               	movlw	low _tabulka
  2030  0005A0  0102               	movlb	2	; () banked
  2031  0005A2  2574               	addwf	main@j& (0+255),w,b
  2032  0005A4  6EF6               	movwf	tblptrl,c
  2033  0005A6  6AF7               	clrf	tblptrh,c
  2034  0005A8  0EFE               	movlw	high _tabulka
  2035  0005AA  22F7               	addwfc	tblptrh,f,c
  2036  0005AC                     	if	0	;There are less than 3 active tblptr bytes
  2037  0005AC                     	endif
  2038  0005AC  0008               	tblrd		*
  2039  0005AE  CFF5 F08D          	movff	tablat,??_main
  2040  0005B2  0100               	movlb	0	; () banked
  2041  0005B4  518D               	movf	??_main& (0+255),w,b
  2042  0005B6  0102               	movlb	2	; () banked
  2043  0005B8  5D6F               	subwf	main@pot1& (0+255),w,b
  2044  0005BA  0E00               	movlw	0
  2045  0005BC  5970               	subwfb	(main@pot1+1)& (0+255),w,b
  2046  0005BE  B0D8               	btfsc	status,0,c
  2047  0005C0  EFE4  F002         	goto	u4141
  2048  0005C4  EFE6  F002         	goto	u4140
  2049  0005C8                     u4141:
  2050  0005C8  EFFE  F002         	goto	l3769
  2051  0005CC                     u4140:
  2052  0005CC                     
  2053                           ; BSR set to: 2
  2054  0005CC  0E41               	movlw	low _tabulka
  2055  0005CE  2574               	addwf	main@j& (0+255),w,b
  2056  0005D0  6EF6               	movwf	tblptrl,c
  2057  0005D2  6AF7               	clrf	tblptrh,c
  2058  0005D4  0EFE               	movlw	high _tabulka
  2059  0005D6  22F7               	addwfc	tblptrh,f,c
  2060  0005D8                     	if	0	;There are less than 3 active tblptr bytes
  2061  0005D8                     	endif
  2062  0005D8  0E7F               	movlw	127
  2063  0005DA  0008               	tblrd		*
  2064  0005DC  64F5               	cpfsgt	tablat,c
  2065  0005DE  EFF3  F002         	goto	u4151
  2066  0005E2  EFF5  F002         	goto	u4150
  2067  0005E6                     u4151:
  2068  0005E6  EFFE  F002         	goto	l3769
  2069  0005EA                     u4150:
  2070  0005EA                     
  2071                           ; BSR set to: 2
  2072  0005EA  C26F  F009         	movff	main@pot1,SPIWrite@data
  2073  0005EE  0EB0               	movlw	176
  2074  0005F0  EC12  F00E         	call	_SPIWrite
  2075  0005F4                     l3767:
  2076  0005F4  0102               	movlb	2	; () banked
  2077  0005F6  2B74               	incf	main@j& (0+255),f,b
  2078  0005F8  EF3E  F003         	goto	l3781
  2079  0005FC                     l3769:
  2080                           
  2081                           ; BSR set to: 2
  2082  0005FC  0E41               	movlw	low _tabulka
  2083  0005FE  2574               	addwf	main@j& (0+255),w,b
  2084  000600  6EF6               	movwf	tblptrl,c
  2085  000602  6AF7               	clrf	tblptrh,c
  2086  000604  0EFE               	movlw	high _tabulka
  2087  000606  22F7               	addwfc	tblptrh,f,c
  2088  000608                     	if	0	;There are less than 3 active tblptr bytes
  2089  000608                     	endif
  2090  000608  0008               	tblrd		*
  2091  00060A  50F5               	movf	tablat,w,c
  2092  00060C  0100               	movlb	0	; () banked
  2093  00060E  6F8D               	movwf	??_main& (0+255),b
  2094  000610  6B8E               	clrf	(??_main+1)& (0+255),b
  2095  000612  0102               	movlb	2	; () banked
  2096  000614  5171               	movf	main@pot2& (0+255),w,b
  2097  000616  0100               	movlb	0	; () banked
  2098  000618  5D8D               	subwf	??_main& (0+255),w,b
  2099  00061A  0102               	movlb	2	; () banked
  2100  00061C  5172               	movf	(main@pot2+1)& (0+255),w,b
  2101  00061E  0100               	movlb	0	; () banked
  2102  000620  598E               	subwfb	(??_main+1)& (0+255),w,b
  2103  000622  B0D8               	btfsc	status,0,c
  2104  000624  EF16  F003         	goto	u4161
  2105  000628  EF18  F003         	goto	u4160
  2106  00062C                     u4161:
  2107  00062C  EF2F  F003         	goto	l3777
  2108  000630                     u4160:
  2109  000630                     
  2110                           ; BSR set to: 0
  2111  000630  0E41               	movlw	low _tabulka
  2112  000632  0102               	movlb	2	; () banked
  2113  000634  2574               	addwf	main@j& (0+255),w,b
  2114  000636  6EF6               	movwf	tblptrl,c
  2115  000638  6AF7               	clrf	tblptrh,c
  2116  00063A  0EFE               	movlw	high _tabulka
  2117  00063C  22F7               	addwfc	tblptrh,f,c
  2118  00063E                     	if	0	;There are less than 3 active tblptr bytes
  2119  00063E                     	endif
  2120  00063E  0E80               	movlw	128
  2121  000640  0008               	tblrd		*
  2122  000642  60F5               	cpfslt	tablat,c
  2123  000644  EF26  F003         	goto	u4171
  2124  000648  EF28  F003         	goto	u4170
  2125  00064C                     u4171:
  2126  00064C  EF2F  F003         	goto	l3777
  2127  000650                     u4170:
  2128  000650                     
  2129                           ; BSR set to: 2
  2130  000650  C271  F009         	movff	main@pot2,SPIWrite@data
  2131  000654  0EB0               	movlw	176
  2132  000656  EC12  F00E         	call	_SPIWrite
  2133  00065A  EFFA  F002         	goto	l3767
  2134  00065E                     l3777:
  2135  00065E  0E41               	movlw	low _tabulka
  2136  000660  0102               	movlb	2	; () banked
  2137  000662  2574               	addwf	main@j& (0+255),w,b
  2138  000664  6EF6               	movwf	tblptrl,c
  2139  000666  6AF7               	clrf	tblptrh,c
  2140  000668  0EFE               	movlw	high _tabulka
  2141  00066A  22F7               	addwfc	tblptrh,f,c
  2142  00066C                     	if	0	;There are less than 3 active tblptr bytes
  2143  00066C                     	endif
  2144  00066C  0008               	tblrd		*
  2145  00066E  CFF5 F009          	movff	tablat,SPIWrite@data
  2146  000672  0EB0               	movlw	176
  2147  000674  EC12  F00E         	call	_SPIWrite
  2148  000678  EFFA  F002         	goto	l3767
  2149  00067C                     l3781:
  2150                           
  2151                           ; BSR set to: 2
  2152  00067C  0E80               	movlw	128
  2153  00067E  1974               	xorwf	main@j& (0+255),w,b
  2154  000680  A4D8               	btfss	status,2,c
  2155  000682  EF45  F003         	goto	u4181
  2156  000686  EF47  F003         	goto	u4180
  2157  00068A                     u4181:
  2158  00068A  EF49  F003         	goto	l3785
  2159  00068E                     u4180:
  2160  00068E                     
  2161                           ; BSR set to: 2
  2162  00068E  0E00               	movlw	0
  2163  000690  6F74               	movwf	main@j& (0+255),b
  2164  000692                     l3785:
  2165                           
  2166                           ; BSR set to: 2
  2167  000692  0E0D               	movlw	13
  2168  000694  EC31  F00E         	call	_adc_read
  2169  000698  C009  F1A1         	movff	?_adc_read,main@sin_final
  2170  00069C  C00A  F1A2         	movff	?_adc_read+1,main@sin_final+1
  2171  0006A0  0EF8               	movlw	low STR_7
  2172  0006A2  0100               	movlb	0	; () banked
  2173  0006A4  6F78               	movwf	printf@fmt& (0+255),b
  2174  0006A6  0EFF               	movlw	high STR_7
  2175  0006A8  6F79               	movwf	(printf@fmt+1)& (0+255),b
  2176  0006AA  C1A1  F07A         	movff	main@sin_final,?_printf+2
  2177  0006AE  C1A2  F07B         	movff	main@sin_final+1,?_printf+3
  2178  0006B2  ECB8  F00E         	call	_printf	;wreg free
  2179  0006B6  0E0B               	movlw	11
  2180  0006B8  0100               	movlb	0	; () banked
  2181  0006BA  6F8D               	movwf	??_main& (0+255),b
  2182  0006BC  0E62               	movlw	98
  2183  0006BE                     u4487:
  2184  0006BE  2EE8               	decfsz	wreg,f,c
  2185  0006C0  D7FE               	bra	u4487
  2186  0006C2  2F8D               	decfsz	??_main& (0+255),f,b
  2187  0006C4  D7FC               	bra	u4487
  2188  0006C6  F000               	nop	
  2189  0006C8  A480               	btfss	128,2,c	;volatile
  2190  0006CA  EF69  F003         	goto	u4191
  2191  0006CE  EF6B  F003         	goto	u4190
  2192  0006D2                     u4191:
  2193  0006D2  EF96  F002         	goto	l3753
  2194  0006D6                     u4190:
  2195  0006D6  0E04               	movlw	4
  2196  0006D8  0100               	movlb	0	; () banked
  2197  0006DA  6F8E               	movwf	(??_main+1)& (0+255),b
  2198  0006DC  0E40               	movlw	64
  2199  0006DE  6F8D               	movwf	??_main& (0+255),b
  2200  0006E0  0E26               	movlw	38
  2201  0006E2                     u4497:
  2202  0006E2  2EE8               	decfsz	wreg,f,c
  2203  0006E4  D7FE               	bra	u4497
  2204  0006E6  2F8D               	decfsz	??_main& (0+255),f,b
  2205  0006E8  D7FC               	bra	u4497
  2206  0006EA  2F8E               	decfsz	(??_main+1)& (0+255),f,b
  2207  0006EC  D7FA               	bra	u4497
  2208  0006EE  F000               	nop	
  2209  0006F0  A480               	btfss	128,2,c	;volatile
  2210  0006F2  EF7D  F003         	goto	u4201
  2211  0006F6  EF7F  F003         	goto	u4200
  2212  0006FA                     u4201:
  2213  0006FA  EF96  F002         	goto	l3753
  2214  0006FE                     u4200:
  2215  0006FE  EFDD  F000         	goto	l3607
  2216  000702                     l3799:
  2217                           
  2218                           ; BSR set to: 0
  2219  000702  50C2               	movf	194,w,c	;volatile
  2220  000704  0B83               	andlw	-125
  2221  000706  0914               	iorlw	20
  2222  000708  6EC2               	movwf	194,c	;volatile
  2223  00070A  EF1D  F005         	goto	l3895
  2224  00070E                     l3801:
  2225                           
  2226                           ; BSR set to: 0
  2227  00070E  0E55               	movlw	low main@textSTART
  2228  000710  6F78               	movwf	sprintf@s& (0+255),b
  2229  000712  0E01               	movlw	high main@textSTART
  2230  000714  6F79               	movwf	(sprintf@s+1)& (0+255),b
  2231  000716  0EC1               	movlw	low STR_8
  2232  000718  6F7A               	movwf	sprintf@fmt& (0+255),b
  2233  00071A  0EFE               	movlw	high STR_8
  2234  00071C  6F7B               	movwf	(sprintf@fmt+1)& (0+255),b
  2235  00071E  ECC7  F00D         	call	_sprintf	;wreg free
  2236  000722  0E55               	movlw	low main@textSTART
  2237  000724  6E0A               	movwf	LCD_ShowString@textData^0,c
  2238  000726  0E01               	movlw	high main@textSTART
  2239  000728  6E0B               	movwf	(LCD_ShowString@textData+1)^0,c
  2240  00072A  0E01               	movlw	1
  2241  00072C  EC3C  F00C         	call	_LCD_ShowString
  2242  000730  A082               	btfss	130,0,c	;volatile
  2243  000732  EF9D  F003         	goto	u4211
  2244  000736  EF9F  F003         	goto	u4210
  2245  00073A                     u4211:
  2246  00073A  EFB4  F003         	goto	l242
  2247  00073E                     u4210:
  2248  00073E  ECF5  F00C         	call	_rand	;wreg free
  2249  000742  0E19               	movlw	25
  2250  000744  2415               	addwf	?_rand^0,w,c
  2251  000746  6E1B               	movwf	___awmod@dividend^0,c
  2252  000748  0E00               	movlw	0
  2253  00074A  2016               	addwfc	(?_rand+1)^0,w,c
  2254  00074C  6E1C               	movwf	(___awmod@dividend+1)^0,c
  2255  00074E  0E03               	movlw	3
  2256  000750  6E1E               	movwf	(___awmod@divisor+1)^0,c
  2257  000752  681D               	setf	___awmod@divisor^0,c
  2258  000754  ECE4  F00B         	call	___awmod	;wreg free
  2259  000758  C01B  F26D         	movff	?___awmod,main@rand_num
  2260  00075C  C01C  F26E         	movff	?___awmod+1,main@rand_num+1
  2261  000760                     l3809:
  2262  000760  0E02               	movlw	2
  2263  000762  6E54               	movwf	_game_state^0,c	;volatile
  2264  000764  EFE9  F005         	goto	l3931
  2265  000768                     l242:
  2266  000768  A480               	btfss	128,2,c	;volatile
  2267  00076A  EFB9  F003         	goto	u4221
  2268  00076E  EFBB  F003         	goto	u4220
  2269  000772                     u4221:
  2270  000772  EFE9  F005         	goto	l3931
  2271  000776                     u4220:
  2272  000776  0E04               	movlw	4
  2273  000778  0100               	movlb	0	; () banked
  2274  00077A  6F8E               	movwf	(??_main+1)& (0+255),b
  2275  00077C  0E40               	movlw	64
  2276  00077E  6F8D               	movwf	??_main& (0+255),b
  2277  000780  0E26               	movlw	38
  2278  000782                     u4507:
  2279  000782  2EE8               	decfsz	wreg,f,c
  2280  000784  D7FE               	bra	u4507
  2281  000786  2F8D               	decfsz	??_main& (0+255),f,b
  2282  000788  D7FC               	bra	u4507
  2283  00078A  2F8E               	decfsz	(??_main+1)& (0+255),f,b
  2284  00078C  D7FA               	bra	u4507
  2285  00078E  F000               	nop	
  2286  000790  A480               	btfss	128,2,c	;volatile
  2287  000792  EFCD  F003         	goto	u4231
  2288  000796  EFCF  F003         	goto	u4230
  2289  00079A                     u4231:
  2290  00079A  EF46  F001         	goto	l191
  2291  00079E                     u4230:
  2292  00079E                     l3815:
  2293  00079E  0E06               	movlw	6
  2294  0007A0  0101               	movlb	1	; () banked
  2295  0007A2  6FA6               	movwf	main@menu_position& (0+255),b
  2296  0007A4  0E04               	movlw	4
  2297  0007A6  6E54               	movwf	_game_state^0,c	;volatile
  2298  0007A8  EFE9  F005         	goto	l3931
  2299  0007AC                     l3817:
  2300                           
  2301                           ; BSR set to: 0
  2302  0007AC  0EF4               	movlw	244
  2303  0007AE  6E56               	movwf	(_delay+1)^0,c	;volatile
  2304  0007B0  0E24               	movlw	36
  2305  0007B2  6E55               	movwf	_delay^0,c	;volatile
  2306  0007B4                     
  2307                           ; BSR set to: 0
  2308  0007B4  0E77               	movlw	low main@textSTOP1
  2309  0007B6  6F78               	movwf	sprintf@s& (0+255),b
  2310  0007B8  0E01               	movlw	high main@textSTOP1
  2311  0007BA  6F79               	movwf	(sprintf@s+1)& (0+255),b
  2312  0007BC  0EFF               	movlw	low STR_9
  2313  0007BE  6F7A               	movwf	sprintf@fmt& (0+255),b
  2314  0007C0  0EFE               	movlw	high STR_9
  2315  0007C2  6F7B               	movwf	(sprintf@fmt+1)& (0+255),b
  2316  0007C4  ECC7  F00D         	call	_sprintf	;wreg free
  2317  0007C8  0E77               	movlw	low main@textSTOP1
  2318  0007CA  6E0A               	movwf	LCD_ShowString@textData^0,c
  2319  0007CC  0E01               	movlw	high main@textSTOP1
  2320  0007CE  6E0B               	movwf	(LCD_ShowString@textData+1)^0,c
  2321  0007D0  0E01               	movlw	1
  2322  0007D2  EC3C  F00C         	call	_LCD_ShowString
  2323  0007D6  0E88               	movlw	low main@textSTOP2
  2324  0007D8  0100               	movlb	0	; () banked
  2325  0007DA  6F78               	movwf	sprintf@s& (0+255),b
  2326  0007DC  0E01               	movlw	high main@textSTOP2
  2327  0007DE  6F79               	movwf	(sprintf@s+1)& (0+255),b
  2328  0007E0  0E68               	movlw	low STR_10
  2329  0007E2  6F7A               	movwf	sprintf@fmt& (0+255),b
  2330  0007E4  0EFF               	movlw	high STR_10
  2331  0007E6  6F7B               	movwf	(sprintf@fmt+1)& (0+255),b
  2332  0007E8  C1A3  F07C         	movff	main@level,?_sprintf+4
  2333  0007EC  C1A4  F07D         	movff	main@level+1,?_sprintf+5
  2334  0007F0  ECC7  F00D         	call	_sprintf	;wreg free
  2335  0007F4  0E88               	movlw	low main@textSTOP2
  2336  0007F6  6E0A               	movwf	LCD_ShowString@textData^0,c
  2337  0007F8  0E01               	movlw	high main@textSTOP2
  2338  0007FA  6E0B               	movwf	(LCD_ShowString@textData+1)^0,c
  2339  0007FC  0E02               	movlw	2
  2340  0007FE  EC3C  F00C         	call	_LCD_ShowString
  2341  000802  0E52               	movlw	82
  2342  000804  0100               	movlb	0	; () banked
  2343  000806  6F8E               	movwf	(??_main+1)& (0+255),b
  2344  000808  0E2B               	movlw	43
  2345  00080A  6F8D               	movwf	??_main& (0+255),b
  2346  00080C  0E00               	movlw	0
  2347  00080E                     u4517:
  2348  00080E  2EE8               	decfsz	wreg,f,c
  2349  000810  D7FE               	bra	u4517
  2350  000812  2F8D               	decfsz	??_main& (0+255),f,b
  2351  000814  D7FC               	bra	u4517
  2352  000816  2F8E               	decfsz	(??_main+1)& (0+255),f,b
  2353  000818  D7FA               	bra	u4517
  2354  00081A  F000               	nop	
  2355  00081C  0E00               	movlw	0
  2356  00081E  0101               	movlb	1	; () banked
  2357  000820  6FA4               	movwf	(main@level+1)& (0+255),b
  2358  000822  0E01               	movlw	1
  2359  000824  6FA3               	movwf	main@level& (0+255),b
  2360  000826                     
  2361                           ; BSR set to: 1
  2362  000826  0E06               	movlw	6
  2363  000828  6FA6               	movwf	main@menu_position& (0+255),b
  2364  00082A                     
  2365                           ; BSR set to: 1
  2366  00082A  0E04               	movlw	4
  2367  00082C  6E54               	movwf	_game_state^0,c	;volatile
  2368  00082E  EFE9  F005         	goto	l3931
  2369  000832                     l248:
  2370                           
  2371                           ; BSR set to: 0
  2372  000832  82C2               	bsf	4034,1,c	;volatile
  2373  000834                     l249:
  2374  000834  B2C2               	btfsc	4034,1,c	;volatile
  2375  000836  EF1F  F004         	goto	u4241
  2376  00083A  EF21  F004         	goto	u4240
  2377  00083E                     u4241:
  2378  00083E  EF1A  F004         	goto	l249
  2379  000842                     u4240:
  2380  000842  50C4               	movf	196,w,c	;volatile
  2381  000844  0100               	movlb	0	; () banked
  2382  000846  6F8D               	movwf	??_main& (0+255),b
  2383  000848  50C3               	movf	195,w,c	;volatile
  2384  00084A  0102               	movlb	2	; () banked
  2385  00084C  6F6B               	movwf	main@potHRA& (0+255),b
  2386  00084E  C08D  F26C         	movff	??_main,main@potHRA+1
  2387  000852                     
  2388                           ; BSR set to: 2
  2389  000852  0E44               	movlw	low main@text2
  2390  000854  0100               	movlb	0	; () banked
  2391  000856  6F78               	movwf	sprintf@s& (0+255),b
  2392  000858  0E01               	movlw	high main@text2
  2393  00085A  6F79               	movwf	(sprintf@s+1)& (0+255),b
  2394  00085C  0E36               	movlw	low STR_11
  2395  00085E  6F7A               	movwf	sprintf@fmt& (0+255),b
  2396  000860  0EFF               	movlw	high STR_11
  2397  000862  6F7B               	movwf	(sprintf@fmt+1)& (0+255),b
  2398  000864  C26D  F07C         	movff	main@rand_num,?_sprintf+4
  2399  000868  C26E  F07D         	movff	main@rand_num+1,?_sprintf+5
  2400  00086C  ECC7  F00D         	call	_sprintf	;wreg free
  2401  000870  0E44               	movlw	low main@text2
  2402  000872  6E0A               	movwf	LCD_ShowString@textData^0,c
  2403  000874  0E01               	movlw	high main@text2
  2404  000876  6E0B               	movwf	(LCD_ShowString@textData+1)^0,c
  2405  000878  0E01               	movlw	1
  2406  00087A  EC3C  F00C         	call	_LCD_ShowString
  2407  00087E  0E33               	movlw	low main@text1
  2408  000880  0100               	movlb	0	; () banked
  2409  000882  6F78               	movwf	sprintf@s& (0+255),b
  2410  000884  0E01               	movlw	high main@text1
  2411  000886  6F79               	movwf	(sprintf@s+1)& (0+255),b
  2412  000888  0EE2               	movlw	low STR_12
  2413  00088A  6F7A               	movwf	sprintf@fmt& (0+255),b
  2414  00088C  0EFE               	movlw	high STR_12
  2415  00088E  6F7B               	movwf	(sprintf@fmt+1)& (0+255),b
  2416  000890  C26B  F07C         	movff	main@potHRA,?_sprintf+4
  2417  000894  C26C  F07D         	movff	main@potHRA+1,?_sprintf+5
  2418  000898  ECC7  F00D         	call	_sprintf	;wreg free
  2419  00089C  0E33               	movlw	low main@text1
  2420  00089E  6E0A               	movwf	LCD_ShowString@textData^0,c
  2421  0008A0  0E01               	movlw	high main@text1
  2422  0008A2  6E0B               	movwf	(LCD_ShowString@textData+1)^0,c
  2423  0008A4  0E02               	movlw	2
  2424  0008A6  EC3C  F00C         	call	_LCD_ShowString
  2425  0008AA  0102               	movlb	2	; () banked
  2426  0008AC  516D               	movf	main@rand_num& (0+255),w,b
  2427  0008AE  196B               	xorwf	main@potHRA& (0+255),w,b
  2428  0008B0  E107               	bnz	u4251
  2429  0008B2  516E               	movf	(main@rand_num+1)& (0+255),w,b
  2430  0008B4  196C               	xorwf	(main@potHRA+1)& (0+255),w,b
  2431  0008B6  A4D8               	btfss	status,2,c
  2432  0008B8  EF60  F004         	goto	u4251
  2433  0008BC  EF62  F004         	goto	u4250
  2434  0008C0                     u4251:
  2435  0008C0  EFA6  F004         	goto	l252
  2436  0008C4                     u4250:
  2437  0008C4                     
  2438                           ; BSR set to: 2
  2439  0008C4  0E01               	movlw	1
  2440  0008C6  6F67               	movwf	main@k& (0+255),b
  2441  0008C8  0E00               	movlw	0
  2442  0008CA  6F68               	movwf	(main@k+1)& (0+255),b
  2443  0008CC  0E00               	movlw	0
  2444  0008CE  6F69               	movwf	(main@k+2)& (0+255),b
  2445  0008D0  0E00               	movlw	0
  2446  0008D2  6F6A               	movwf	(main@k+3)& (0+255),b
  2447  0008D4                     
  2448                           ; BSR set to: 2
  2449  0008D4  BF6A               	btfsc	(main@k+3)& (0+255),7,b
  2450  0008D6  EF7A  F004         	goto	u4261
  2451  0008DA  516A               	movf	(main@k+3)& (0+255),w,b
  2452  0008DC  E10D               	bnz	u4260
  2453  0008DE  0E40               	movlw	64
  2454  0008E0  5D67               	subwf	main@k& (0+255),w,b
  2455  0008E2  0E0D               	movlw	13
  2456  0008E4  5968               	subwfb	(main@k+1)& (0+255),w,b
  2457  0008E6  0E03               	movlw	3
  2458  0008E8  5969               	subwfb	(main@k+2)& (0+255),w,b
  2459  0008EA  A0D8               	btfss	status,0,c
  2460  0008EC  EF7A  F004         	goto	u4261
  2461  0008F0  EF7C  F004         	goto	u4260
  2462  0008F4                     u4261:
  2463  0008F4  EF7E  F004         	goto	l3853
  2464  0008F8                     u4260:
  2465  0008F8  EF96  F004         	goto	l3855
  2466  0008FC                     l3853:
  2467                           
  2468                           ; BSR set to: 2
  2469  0008FC  0E01               	movlw	1
  2470  0008FE  2767               	addwf	main@k& (0+255),f,b
  2471  000900  0E00               	movlw	0
  2472  000902  2368               	addwfc	(main@k+1)& (0+255),f,b
  2473  000904  2369               	addwfc	(main@k+2)& (0+255),f,b
  2474  000906  236A               	addwfc	(main@k+3)& (0+255),f,b
  2475  000908  BF6A               	btfsc	(main@k+3)& (0+255),7,b
  2476  00090A  EF94  F004         	goto	u4271
  2477  00090E  516A               	movf	(main@k+3)& (0+255),w,b
  2478  000910  E10D               	bnz	u4270
  2479  000912  0E40               	movlw	64
  2480  000914  5D67               	subwf	main@k& (0+255),w,b
  2481  000916  0E0D               	movlw	13
  2482  000918  5968               	subwfb	(main@k+1)& (0+255),w,b
  2483  00091A  0E03               	movlw	3
  2484  00091C  5969               	subwfb	(main@k+2)& (0+255),w,b
  2485  00091E  A0D8               	btfss	status,0,c
  2486  000920  EF94  F004         	goto	u4271
  2487  000924  EF96  F004         	goto	u4270
  2488  000928                     u4271:
  2489  000928  EF7E  F004         	goto	l3853
  2490  00092C                     u4270:
  2491  00092C                     l3855:
  2492                           
  2493                           ; BSR set to: 2
  2494  00092C  516D               	movf	main@rand_num& (0+255),w,b
  2495  00092E  196B               	xorwf	main@potHRA& (0+255),w,b
  2496  000930  E107               	bnz	u4281
  2497  000932  516E               	movf	(main@rand_num+1)& (0+255),w,b
  2498  000934  196C               	xorwf	(main@potHRA+1)& (0+255),w,b
  2499  000936  A4D8               	btfss	status,2,c
  2500  000938  EFA0  F004         	goto	u4281
  2501  00093C  EFA2  F004         	goto	u4280
  2502  000940                     u4281:
  2503  000940  EFE9  F005         	goto	l3931
  2504  000944                     u4280:
  2505  000944                     
  2506                           ; BSR set to: 2
  2507  000944  0E03               	movlw	3
  2508  000946  6E54               	movwf	_game_state^0,c	;volatile
  2509  000948  EFE9  F005         	goto	l3931
  2510  00094C                     l252:
  2511                           
  2512                           ; BSR set to: 2
  2513  00094C  A480               	btfss	128,2,c	;volatile
  2514  00094E  EFAB  F004         	goto	u4291
  2515  000952  EFAD  F004         	goto	u4290
  2516  000956                     u4291:
  2517  000956  EF46  F001         	goto	l191
  2518  00095A                     u4290:
  2519  00095A                     
  2520                           ; BSR set to: 2
  2521  00095A  0E04               	movlw	4
  2522  00095C  0100               	movlb	0	; () banked
  2523  00095E  6F8E               	movwf	(??_main+1)& (0+255),b
  2524  000960  0E40               	movlw	64
  2525  000962  6F8D               	movwf	??_main& (0+255),b
  2526  000964  0E26               	movlw	38
  2527  000966                     u4527:
  2528  000966  2EE8               	decfsz	wreg,f,c
  2529  000968  D7FE               	bra	u4527
  2530  00096A  2F8D               	decfsz	??_main& (0+255),f,b
  2531  00096C  D7FC               	bra	u4527
  2532  00096E  2F8E               	decfsz	(??_main+1)& (0+255),f,b
  2533  000970  D7FA               	bra	u4527
  2534  000972  F000               	nop	
  2535  000974  A480               	btfss	128,2,c	;volatile
  2536  000976  EFBF  F004         	goto	u4301
  2537  00097A  EFC1  F004         	goto	u4300
  2538  00097E                     u4301:
  2539  00097E  EF46  F001         	goto	l191
  2540  000982                     u4300:
  2541  000982  EFCF  F003         	goto	l3815
  2542  000986                     l3865:
  2543                           
  2544                           ; BSR set to: 0
  2545  000986  EC85  F00E         	call	_LCD_Clear	;wreg free
  2546  00098A                     l3867:
  2547  00098A  0E66               	movlw	low main@textLEVEL
  2548  00098C  0100               	movlb	0	; () banked
  2549  00098E  6F78               	movwf	sprintf@s& (0+255),b
  2550  000990  0E01               	movlw	high main@textLEVEL
  2551  000992  6F79               	movwf	(sprintf@s+1)& (0+255),b
  2552  000994  0E1B               	movlw	low STR_13
  2553  000996  6F7A               	movwf	sprintf@fmt& (0+255),b
  2554  000998  0EFF               	movlw	high STR_13
  2555  00099A  6F7B               	movwf	(sprintf@fmt+1)& (0+255),b
  2556  00099C  ECC7  F00D         	call	_sprintf	;wreg free
  2557  0009A0  0E66               	movlw	low main@textLEVEL
  2558  0009A2  6E0A               	movwf	LCD_ShowString@textData^0,c
  2559  0009A4  0E01               	movlw	high main@textLEVEL
  2560  0009A6  6E0B               	movwf	(LCD_ShowString@textData+1)^0,c
  2561  0009A8  0E01               	movlw	1
  2562  0009AA  EC3C  F00C         	call	_LCD_ShowString
  2563  0009AE  A082               	btfss	130,0,c	;volatile
  2564  0009B0  EFDC  F004         	goto	u4311
  2565  0009B4  EFDE  F004         	goto	u4310
  2566  0009B8                     u4311:
  2567  0009B8  EFFE  F004         	goto	l261
  2568  0009BC                     u4310:
  2569  0009BC  0101               	movlb	1	; () banked
  2570  0009BE  4BA3               	infsnz	main@level& (0+255),f,b
  2571  0009C0  2BA4               	incf	(main@level+1)& (0+255),f,b
  2572  0009C2                     
  2573                           ; BSR set to: 1
  2574  0009C2  69D4               	setf	_w& (0+255),b	;volatile
  2575  0009C4  69D5               	setf	(_w+1)& (0+255),b	;volatile
  2576  0009C6                     
  2577                           ; BSR set to: 1
  2578  0009C6  0E00               	movlw	0
  2579  0009C8  6E53               	movwf	_led_stateHRA^0,c	;volatile
  2580  0009CA                     
  2581                           ; BSR set to: 1
  2582  0009CA  90D8               	bcf	status,0,c
  2583  0009CC  3056               	rrcf	(_delay+1)^0,w,c	;volatile
  2584  0009CE  0100               	movlb	0	; () banked
  2585  0009D0  6F8D               	movwf	??_main& (0+255),b
  2586  0009D2  3055               	rrcf	_delay^0,w,c	;volatile
  2587  0009D4  6E55               	movwf	_delay^0,c	;volatile
  2588  0009D6  C08D  F056         	movff	??_main,_delay+1	;volatile
  2589  0009DA                     
  2590                           ; BSR set to: 0
  2591  0009DA  ECF5  F00C         	call	_rand	;wreg free
  2592  0009DE  C015  F01B         	movff	?_rand,___awmod@dividend
  2593  0009E2  C016  F01C         	movff	?_rand+1,___awmod@dividend+1
  2594  0009E6  0E03               	movlw	3
  2595  0009E8  6E1E               	movwf	(___awmod@divisor+1)^0,c
  2596  0009EA  681D               	setf	___awmod@divisor^0,c
  2597  0009EC  ECE4  F00B         	call	___awmod	;wreg free
  2598  0009F0  C01B  F26D         	movff	?___awmod,main@rand_num
  2599  0009F4  C01C  F26E         	movff	?___awmod+1,main@rand_num+1
  2600  0009F8  EFB0  F003         	goto	l3809
  2601  0009FC                     l261:
  2602  0009FC  A480               	btfss	128,2,c	;volatile
  2603  0009FE  EF03  F005         	goto	u4321
  2604  000A02  EF05  F005         	goto	u4320
  2605  000A06                     u4321:
  2606  000A06  EFC5  F004         	goto	l3867
  2607  000A0A                     u4320:
  2608  000A0A  0E04               	movlw	4
  2609  000A0C  0100               	movlb	0	; () banked
  2610  000A0E  6F8E               	movwf	(??_main+1)& (0+255),b
  2611  000A10  0E40               	movlw	64
  2612  000A12  6F8D               	movwf	??_main& (0+255),b
  2613  000A14  0E26               	movlw	38
  2614  000A16                     u4537:
  2615  000A16  2EE8               	decfsz	wreg,f,c
  2616  000A18  D7FE               	bra	u4537
  2617  000A1A  2F8D               	decfsz	??_main& (0+255),f,b
  2618  000A1C  D7FC               	bra	u4537
  2619  000A1E  2F8E               	decfsz	(??_main+1)& (0+255),f,b
  2620  000A20  D7FA               	bra	u4537
  2621  000A22  F000               	nop	
  2622  000A24  A480               	btfss	128,2,c	;volatile
  2623  000A26  EF17  F005         	goto	u4331
  2624  000A2A  EF19  F005         	goto	u4330
  2625  000A2E                     u4331:
  2626  000A2E  EF1B  F005         	goto	l263
  2627  000A32                     u4330:
  2628  000A32  EFCF  F003         	goto	l3815
  2629  000A36                     l263:
  2630  000A36  EFC5  F004         	goto	l3867
  2631  000A3A                     l3895:
  2632                           
  2633                           ; BSR set to: 0
  2634  000A3A  5054               	movf	_game_state^0,w,c	;volatile
  2635  000A3C  6F8D               	movwf	??_main& (0+255),b
  2636  000A3E  6B8E               	clrf	(??_main+1)& (0+255),b
  2637                           
  2638                           ; Switch on 2 bytes has been partitioned into a top level switch of size 1, and 1 sub-sw
      +                          itches
  2639                           ; Switch size 1, requested type "simple"
  2640                           ; Number of cases is 1, Range of values is 0 to 0
  2641                           ; switch strategies available:
  2642                           ; Name         Instructions Cycles
  2643                           ; simple_byte            4     3 (average)
  2644                           ;	Chosen strategy is simple_byte
  2645  000A40  518E               	movf	(??_main+1)& (0+255),w,b
  2646  000A42  0A00               	xorlw	0	; case 0
  2647  000A44  B4D8               	btfsc	status,2,c
  2648  000A46  EF27  F005         	goto	l4005
  2649  000A4A  EFE9  F005         	goto	l3931
  2650  000A4E                     l4005:
  2651                           
  2652                           ; BSR set to: 0
  2653                           ; Switch size 1, requested type "simple"
  2654                           ; Number of cases is 4, Range of values is 0 to 3
  2655                           ; switch strategies available:
  2656                           ; Name         Instructions Cycles
  2657                           ; simple_byte           13     7 (average)
  2658                           ;	Chosen strategy is simple_byte
  2659  000A4E  518D               	movf	??_main& (0+255),w,b
  2660  000A50  0A00               	xorlw	0	; case 0
  2661  000A52  B4D8               	btfsc	status,2,c
  2662  000A54  EF87  F003         	goto	l3801
  2663  000A58  0A01               	xorlw	1	; case 1
  2664  000A5A  B4D8               	btfsc	status,2,c
  2665  000A5C  EFD6  F003         	goto	l3817
  2666  000A60  0A03               	xorlw	3	; case 2
  2667  000A62  B4D8               	btfsc	status,2,c
  2668  000A64  EF19  F004         	goto	l248
  2669  000A68  0A01               	xorlw	1	; case 3
  2670  000A6A  B4D8               	btfsc	status,2,c
  2671  000A6C  EFC3  F004         	goto	l3865
  2672  000A70  EFE9  F005         	goto	l3931
  2673  000A74                     l3897:
  2674                           
  2675                           ; BSR set to: 0
  2676  000A74  0EB2               	movlw	low main@text1M
  2677  000A76  6F78               	movwf	sprintf@s& (0+255),b
  2678  000A78  0E00               	movlw	high main@text1M
  2679  000A7A  6F79               	movwf	(sprintf@s+1)& (0+255),b
  2680  000A7C  0EDF               	movlw	low STR_14
  2681  000A7E  6F7A               	movwf	sprintf@fmt& (0+255),b
  2682  000A80  0EFF               	movlw	high STR_14
  2683  000A82  6F7B               	movwf	(sprintf@fmt+1)& (0+255),b
  2684  000A84  0EF6               	movlw	low main@cursor
  2685  000A86  6F7C               	movwf	(?_sprintf+4)& (0+255),b
  2686  000A88  0E00               	movlw	high main@cursor
  2687  000A8A  6F7D               	movwf	(?_sprintf+5)& (0+255),b
  2688  000A8C  0102               	movlb	2	; () banked
  2689  000A8E  5173               	movf	main@position& (0+255),w,b
  2690  000A90  0D05               	mullw	5
  2691  000A92  0E8F               	movlw	low main@menu_names
  2692  000A94  24F3               	addwf	243,w,c
  2693  000A96  0100               	movlb	0	; () banked
  2694  000A98  6F7E               	movwf	(?_sprintf+6)& (0+255),b
  2695  000A9A  0E00               	movlw	high main@menu_names
  2696  000A9C  20F4               	addwfc	prodh,w,c
  2697  000A9E  6F7F               	movwf	(?_sprintf+7)& (0+255),b
  2698  000AA0  ECC7  F00D         	call	_sprintf	;wreg free
  2699  000AA4  0EB2               	movlw	low main@text1M
  2700  000AA6  6E0A               	movwf	LCD_ShowString@textData^0,c
  2701  000AA8  0E00               	movlw	high main@text1M
  2702  000AAA  6E0B               	movwf	(LCD_ShowString@textData+1)^0,c
  2703  000AAC  0E01               	movlw	1
  2704  000AAE  EC3C  F00C         	call	_LCD_ShowString
  2705  000AB2  0EC3               	movlw	low main@text2M
  2706  000AB4  0100               	movlb	0	; () banked
  2707  000AB6  6F78               	movwf	sprintf@s& (0+255),b
  2708  000AB8  0E00               	movlw	high main@text2M
  2709  000ABA  6F79               	movwf	(sprintf@s+1)& (0+255),b
  2710  000ABC  0EE1               	movlw	low (STR_14+2)
  2711  000ABE  6F7A               	movwf	sprintf@fmt& (0+255),b
  2712  000AC0  0EFF               	movlw	high (STR_14+2)
  2713  000AC2  6F7B               	movwf	(sprintf@fmt+1)& (0+255),b
  2714  000AC4  0102               	movlb	2	; () banked
  2715  000AC6  5173               	movf	main@position& (0+255),w,b
  2716  000AC8  0D05               	mullw	5
  2717  000ACA  0E05               	movlw	5
  2718  000ACC  26F3               	addwf	243,f,c
  2719  000ACE  0E00               	movlw	0
  2720  000AD0  22F4               	addwfc	244,f,c
  2721  000AD2  0E8F               	movlw	low main@menu_names
  2722  000AD4  24F3               	addwf	243,w,c
  2723  000AD6  0100               	movlb	0	; () banked
  2724  000AD8  6F7C               	movwf	(?_sprintf+4)& (0+255),b
  2725  000ADA  0E00               	movlw	high main@menu_names
  2726  000ADC  20F4               	addwfc	prodh,w,c
  2727  000ADE  6F7D               	movwf	(?_sprintf+5)& (0+255),b
  2728  000AE0  ECC7  F00D         	call	_sprintf	;wreg free
  2729  000AE4  0EC3               	movlw	low main@text2M
  2730  000AE6  6E0A               	movwf	LCD_ShowString@textData^0,c
  2731  000AE8  0E00               	movlw	high main@text2M
  2732  000AEA  6E0B               	movwf	(LCD_ShowString@textData+1)^0,c
  2733  000AEC  0E02               	movlw	2
  2734  000AEE  EC3C  F00C         	call	_LCD_ShowString
  2735  000AF2  0E00               	movlw	0
  2736  000AF4  6E54               	movwf	_game_state^0,c	;volatile
  2737  000AF6  A880               	btfss	128,4,c	;volatile
  2738  000AF8  EF80  F005         	goto	u4341
  2739  000AFC  EF82  F005         	goto	u4340
  2740  000B00                     u4341:
  2741  000B00  EFA4  F005         	goto	l270
  2742  000B04                     u4340:
  2743  000B04  0E05               	movlw	5
  2744  000B06  0102               	movlb	2	; () banked
  2745  000B08  1973               	xorwf	main@position& (0+255),w,b
  2746  000B0A  B4D8               	btfsc	status,2,c
  2747  000B0C  EF8A  F005         	goto	u4351
  2748  000B10  EF8C  F005         	goto	u4350
  2749  000B14                     u4351:
  2750  000B14  EFA4  F005         	goto	l270
  2751  000B18                     u4350:
  2752  000B18                     
  2753                           ; BSR set to: 2
  2754  000B18  0E04               	movlw	4
  2755  000B1A  0100               	movlb	0	; () banked
  2756  000B1C  6F8E               	movwf	(??_main+1)& (0+255),b
  2757  000B1E  0E40               	movlw	64
  2758  000B20  6F8D               	movwf	??_main& (0+255),b
  2759  000B22  0E26               	movlw	38
  2760  000B24                     u4547:
  2761  000B24  2EE8               	decfsz	wreg,f,c
  2762  000B26  D7FE               	bra	u4547
  2763  000B28  2F8D               	decfsz	??_main& (0+255),f,b
  2764  000B2A  D7FC               	bra	u4547
  2765  000B2C  2F8E               	decfsz	(??_main+1)& (0+255),f,b
  2766  000B2E  D7FA               	bra	u4547
  2767  000B30  F000               	nop	
  2768  000B32  A880               	btfss	128,4,c	;volatile
  2769  000B34  EF9E  F005         	goto	u4361
  2770  000B38  EFA0  F005         	goto	u4360
  2771  000B3C                     u4361:
  2772  000B3C  EFE9  F005         	goto	l3931
  2773  000B40                     u4360:
  2774  000B40  0102               	movlb	2	; () banked
  2775  000B42  2B73               	incf	main@position& (0+255),f,b
  2776  000B44  EFE9  F005         	goto	l3931
  2777  000B48                     l270:
  2778  000B48  A082               	btfss	130,0,c	;volatile
  2779  000B4A  EFA9  F005         	goto	u4371
  2780  000B4E  EFAB  F005         	goto	u4370
  2781  000B52                     u4371:
  2782  000B52  EFCC  F005         	goto	l273
  2783  000B56                     u4370:
  2784  000B56  0102               	movlb	2	; () banked
  2785  000B58  5173               	movf	main@position& (0+255),w,b
  2786  000B5A  B4D8               	btfsc	status,2,c
  2787  000B5C  EFB2  F005         	goto	u4381
  2788  000B60  EFB4  F005         	goto	u4380
  2789  000B64                     u4381:
  2790  000B64  EFCC  F005         	goto	l273
  2791  000B68                     u4380:
  2792  000B68                     
  2793                           ; BSR set to: 2
  2794  000B68  0E04               	movlw	4
  2795  000B6A  0100               	movlb	0	; () banked
  2796  000B6C  6F8E               	movwf	(??_main+1)& (0+255),b
  2797  000B6E  0E40               	movlw	64
  2798  000B70  6F8D               	movwf	??_main& (0+255),b
  2799  000B72  0E26               	movlw	38
  2800  000B74                     u4557:
  2801  000B74  2EE8               	decfsz	wreg,f,c
  2802  000B76  D7FE               	bra	u4557
  2803  000B78  2F8D               	decfsz	??_main& (0+255),f,b
  2804  000B7A  D7FC               	bra	u4557
  2805  000B7C  2F8E               	decfsz	(??_main+1)& (0+255),f,b
  2806  000B7E  D7FA               	bra	u4557
  2807  000B80  F000               	nop	
  2808  000B82  A082               	btfss	130,0,c	;volatile
  2809  000B84  EFC6  F005         	goto	u4391
  2810  000B88  EFC8  F005         	goto	u4390
  2811  000B8C                     u4391:
  2812  000B8C  EFE9  F005         	goto	l3931
  2813  000B90                     u4390:
  2814  000B90  0102               	movlb	2	; () banked
  2815  000B92  0773               	decf	main@position& (0+255),f,b
  2816  000B94  EFE9  F005         	goto	l3931
  2817  000B98                     l273:
  2818  000B98  A680               	btfss	128,3,c	;volatile
  2819  000B9A  EFD1  F005         	goto	u4401
  2820  000B9E  EFD3  F005         	goto	u4400
  2821  000BA2                     u4401:
  2822  000BA2  EF46  F001         	goto	l191
  2823  000BA6                     u4400:
  2824  000BA6  0E04               	movlw	4
  2825  000BA8  0100               	movlb	0	; () banked
  2826  000BAA  6F8E               	movwf	(??_main+1)& (0+255),b
  2827  000BAC  0E40               	movlw	64
  2828  000BAE  6F8D               	movwf	??_main& (0+255),b
  2829  000BB0  0E26               	movlw	38
  2830  000BB2                     u4567:
  2831  000BB2  2EE8               	decfsz	wreg,f,c
  2832  000BB4  D7FE               	bra	u4567
  2833  000BB6  2F8D               	decfsz	??_main& (0+255),f,b
  2834  000BB8  D7FC               	bra	u4567
  2835  000BBA  2F8E               	decfsz	(??_main+1)& (0+255),f,b
  2836  000BBC  D7FA               	bra	u4567
  2837  000BBE  F000               	nop	
  2838  000BC0  A680               	btfss	128,3,c	;volatile
  2839  000BC2  EFE5  F005         	goto	u4411
  2840  000BC6  EFE7  F005         	goto	u4410
  2841  000BCA                     u4411:
  2842  000BCA  EF46  F001         	goto	l191
  2843  000BCE                     u4410:
  2844  000BCE  C273  F1A6         	movff	main@position,main@menu_position
  2845  000BD2                     l3931:
  2846  000BD2  0101               	movlb	1	; () banked
  2847  000BD4  51A6               	movf	main@menu_position& (0+255),w,b
  2848  000BD6  0100               	movlb	0	; () banked
  2849  000BD8  6F8D               	movwf	??_main& (0+255),b
  2850  000BDA  6B8E               	clrf	(??_main+1)& (0+255),b
  2851                           
  2852                           ; Switch on 2 bytes has been partitioned into a top level switch of size 1, and 1 sub-sw
      +                          itches
  2853                           ; Switch size 1, requested type "simple"
  2854                           ; Number of cases is 1, Range of values is 0 to 0
  2855                           ; switch strategies available:
  2856                           ; Name         Instructions Cycles
  2857                           ; simple_byte            4     3 (average)
  2858                           ;	Chosen strategy is simple_byte
  2859  000BDC  518E               	movf	(??_main+1)& (0+255),w,b
  2860  000BDE  0A00               	xorlw	0	; case 0
  2861  000BE0  B4D8               	btfsc	status,2,c
  2862  000BE2  EFF5  F005         	goto	l4007
  2863  000BE6  EFE9  F005         	goto	l3931
  2864  000BEA                     l4007:
  2865                           
  2866                           ; BSR set to: 0
  2867                           ; Switch size 1, requested type "simple"
  2868                           ; Number of cases is 7, Range of values is 0 to 6
  2869                           ; switch strategies available:
  2870                           ; Name         Instructions Cycles
  2871                           ; simple_byte           22    12 (average)
  2872                           ;	Chosen strategy is simple_byte
  2873  000BEA  518D               	movf	??_main& (0+255),w,b
  2874  000BEC  0A00               	xorlw	0	; case 0
  2875  000BEE  B4D8               	btfsc	status,2,c
  2876  000BF0  EFE2  F000         	goto	l3609
  2877  000BF4  0A01               	xorlw	1	; case 1
  2878  000BF6  B4D8               	btfsc	status,2,c
  2879  000BF8  EF48  F001         	goto	l3651
  2880  000BFC  0A03               	xorlw	3	; case 2
  2881  000BFE  B4D8               	btfsc	status,2,c
  2882  000C00  EF85  F001         	goto	l3671
  2883  000C04  0A01               	xorlw	1	; case 3
  2884  000C06  B4D8               	btfsc	status,2,c
  2885  000C08  EFF0  F001         	goto	l3711
  2886  000C0C  0A07               	xorlw	7	; case 4
  2887  000C0E  B4D8               	btfsc	status,2,c
  2888  000C10  EF7F  F002         	goto	l3745
  2889  000C14  0A01               	xorlw	1	; case 5
  2890  000C16  B4D8               	btfsc	status,2,c
  2891  000C18  EF81  F003         	goto	l3799
  2892  000C1C  0A03               	xorlw	3	; case 6
  2893  000C1E  B4D8               	btfsc	status,2,c
  2894  000C20  EF3A  F005         	goto	l3897
  2895  000C24  EFE9  F005         	goto	l3931
  2896  000C28  EFB4  F000         	goto	start
  2897  000C2C                     __end_of_main:
  2898                           	callstack 0
  2899                           
  2900 ;; *************** function _uart_init *****************
  2901 ;; Defined at:
  2902 ;;		line 603 in file "menu.c"
  2903 ;; Parameters:    Size  Location     Type
  2904 ;;		None
  2905 ;; Auto vars:     Size  Location     Type
  2906 ;;		None
  2907 ;; Return value:  Size  Location     Type
  2908 ;;                  1    wreg      void 
  2909 ;; Registers used:
  2910 ;;		wreg, status,2
  2911 ;; Tracked objects:
  2912 ;;		On entry : 0/0
  2913 ;;		On exit  : 0/0
  2914 ;;		Unchanged: 0/0
  2915 ;; Data sizes:     COMRAM   BANK0   BANK1   BANK2   BANK3   BANK4   BANK5   BANK6   BANK7   BANK8   BANK9  BANK10  BANK1
      +1  BANK12  BANK13  BANK14  BANK15
  2916 ;;      Params:         0       0       0       0       0       0       0       0       0       0       0       0       
      +0       0       0       0       0
  2917 ;;      Locals:         0       0       0       0       0       0       0       0       0       0       0       0       
      +0       0       0       0       0
  2918 ;;      Temps:          0       0       0       0       0       0       0       0       0       0       0       0       
      +0       0       0       0       0
  2919 ;;      Totals:         0       0       0       0       0       0       0       0       0       0       0       0       
      +0       0       0       0       0
  2920 ;;Total ram usage:        0 bytes
  2921 ;; Hardware stack levels used: 1
  2922 ;; Hardware stack levels required when called: 2
  2923 ;; This function calls:
  2924 ;;		Nothing
  2925 ;; This function is called by:
  2926 ;;		_main
  2927 ;; This function uses a non-reentrant model
  2928 ;;
  2929                           
  2930                           	psect	text1
  2931  001DFE                     __ptext1:
  2932                           	callstack 0
  2933  001DFE                     _uart_init:
  2934                           	callstack 28
  2935  001DFE  010F               	movlb	15	; () banked
  2936  001E00  9D3A               	bcf	58,6,b	;volatile
  2937  001E02  9F3A               	bcf	58,7,b	;volatile
  2938  001E04  9C94               	bcf	148,6,c	;volatile
  2939  001E06  8E94               	bsf	148,7,c	;volatile
  2940  001E08                     
  2941                           ; BSR set to: 15
  2942  001E08  0E19               	movlw	25
  2943  001E0A  6EAF               	movwf	175,c	;volatile
  2944  001E0C                     
  2945                           ; BSR set to: 15
  2946  001E0C  8EAB               	bsf	171,7,c	;volatile
  2947  001E0E                     
  2948                           ; BSR set to: 15
  2949  001E0E  98AC               	bcf	172,4,c	;volatile
  2950  001E10                     
  2951                           ; BSR set to: 15
  2952  001E10  8AAC               	bsf	172,5,c	;volatile
  2953  001E12                     
  2954                           ; BSR set to: 15
  2955  001E12  88AB               	bsf	171,4,c	;volatile
  2956  001E14                     
  2957                           ; BSR set to: 15
  2958  001E14  0012               	return		;funcret
  2959  001E16                     __end_of_uart_init:
  2960                           	callstack 0
  2961                           
  2962 ;; *************** function _sprintf *****************
  2963 ;; Defined at:
  2964 ;;		line 9 in file "C:\Program Files\Microchip\xc8\v2.36\pic\sources\c99\common\nf_sprintf.c"
  2965 ;; Parameters:    Size  Location     Type
  2966 ;;  s               2   24[BANK0 ] PTR unsigned char 
  2967 ;;		 -> main@text2M(17), main@text1M(17), main@textLEVEL(17), main@text1(17), 
  2968 ;;		 -> main@text2(17), main@textSTOP2(17), main@textSTOP1(17), main@textSTART(17), 
  2969 ;;		 -> main@textDAC(17), main@textADC(17), main@textPWM(17), main@textUART(17), 
  2970 ;;		 -> main@textGPIO(17), 
  2971 ;;  fmt             2   26[BANK0 ] PTR const unsigned char 
  2972 ;;		 -> STR_15(14), STR_14(16), STR_13(27), STR_12(29), 
  2973 ;;		 -> STR_11(25), STR_10(24), STR_9(28), STR_8(33), 
  2974 ;;		 -> STR_6(24), STR_4(23), STR_3(25), STR_2(24), 
  2975 ;;		 -> STR_1(24), 
  2976 ;; Auto vars:     Size  Location     Type
  2977 ;;  f              11   34[BANK0 ] struct _IO_FILE
  2978 ;;  ap              2   32[BANK0 ] PTR void [1]
  2979 ;;		 -> ?_printf(2), ?_sprintf(2), 
  2980 ;;  ret             2    0        int 
  2981 ;; Return value:  Size  Location     Type
  2982 ;;                  2   24[BANK0 ] int 
  2983 ;; Registers used:
  2984 ;;		wreg, fsr1l, fsr1h, fsr2l, fsr2h, status,2, status,0, tblptrl, tblptrh, tblptru, cstack
  2985 ;; Tracked objects:
  2986 ;;		On entry : 0/0
  2987 ;;		On exit  : 0/0
  2988 ;;		Unchanged: 0/0
  2989 ;; Data sizes:     COMRAM   BANK0   BANK1   BANK2   BANK3   BANK4   BANK5   BANK6   BANK7   BANK8   BANK9  BANK10  BANK1
      +1  BANK12  BANK13  BANK14  BANK15
  2990 ;;      Params:         0       8       0       0       0       0       0       0       0       0       0       0       
      +0       0       0       0       0
  2991 ;;      Locals:         0      13       0       0       0       0       0       0       0       0       0       0       
      +0       0       0       0       0
  2992 ;;      Temps:          0       0       0       0       0       0       0       0       0       0       0       0       
      +0       0       0       0       0
  2993 ;;      Totals:         0      21       0       0       0       0       0       0       0       0       0       0       
      +0       0       0       0       0
  2994 ;;Total ram usage:       21 bytes
  2995 ;; Hardware stack levels used: 1
  2996 ;; Hardware stack levels required when called: 9
  2997 ;; This function calls:
  2998 ;;		_vfprintf
  2999 ;; This function is called by:
  3000 ;;		_main
  3001 ;; This function uses a non-reentrant model
  3002 ;;
  3003                           
  3004                           	psect	text2
  3005  001B8E                     __ptext2:
  3006                           	callstack 0
  3007  001B8E                     _sprintf:
  3008                           	callstack 21
  3009  001B8E  0E7C               	movlw	low (?_sprintf+4)
  3010  001B90  0100               	movlb	0	; () banked
  3011  001B92  6F80               	movwf	sprintf@ap& (0+255),b
  3012  001B94  0E00               	movlw	high (?_sprintf+4)
  3013  001B96  6F81               	movwf	(sprintf@ap+1)& (0+255),b
  3014  001B98  C078  F082         	movff	sprintf@s,sprintf@f
  3015  001B9C  C079  F083         	movff	sprintf@s+1,sprintf@f+1
  3016  001BA0                     
  3017                           ; BSR set to: 0
  3018  001BA0  0E00               	movlw	0
  3019  001BA2  6F86               	movwf	(sprintf@f+4)& (0+255),b
  3020  001BA4  0E00               	movlw	0
  3021  001BA6  6F85               	movwf	(sprintf@f+3)& (0+255),b
  3022  001BA8                     
  3023                           ; BSR set to: 0
  3024  001BA8  0E00               	movlw	0
  3025  001BAA  6F8C               	movwf	(sprintf@f+10)& (0+255),b
  3026  001BAC  0E00               	movlw	0
  3027  001BAE  6F8B               	movwf	(sprintf@f+9)& (0+255),b
  3028  001BB0                     
  3029                           ; BSR set to: 0
  3030  001BB0  0E82               	movlw	low sprintf@f
  3031  001BB2  6F72               	movwf	vfprintf@fp& (0+255),b
  3032  001BB4  0E00               	movlw	high sprintf@f
  3033  001BB6  6F73               	movwf	(vfprintf@fp+1)& (0+255),b
  3034  001BB8  C07A  F074         	movff	sprintf@fmt,vfprintf@fmt
  3035  001BBC  C07B  F075         	movff	sprintf@fmt+1,vfprintf@fmt+1
  3036  001BC0  0E80               	movlw	low sprintf@ap
  3037  001BC2  6F76               	movwf	vfprintf@ap& (0+255),b
  3038  001BC4  0E00               	movlw	high sprintf@ap
  3039  001BC6  6F77               	movwf	(vfprintf@ap+1)& (0+255),b
  3040  001BC8  EC96  F00D         	call	_vfprintf	;wreg free
  3041  001BCC  0100               	movlb	0	; () banked
  3042  001BCE  5185               	movf	(sprintf@f+3)& (0+255),w,b
  3043  001BD0  2578               	addwf	sprintf@s& (0+255),w,b
  3044  001BD2  6ED9               	movwf	fsr2l,c
  3045  001BD4  5186               	movf	(sprintf@f+4)& (0+255),w,b
  3046  001BD6  2179               	addwfc	(sprintf@s+1)& (0+255),w,b
  3047  001BD8  6EDA               	movwf	fsr2h,c
  3048  001BDA  0E00               	movlw	0
  3049  001BDC  6EDF               	movwf	indf2,c
  3050  001BDE                     
  3051                           ; BSR set to: 0
  3052  001BDE  0012               	return		;funcret
  3053  001BE0                     __end_of_sprintf:
  3054                           	callstack 0
  3055                           
  3056 ;; *************** function _spi_init *****************
  3057 ;; Defined at:
  3058 ;;		line 563 in file "menu.c"
  3059 ;; Parameters:    Size  Location     Type
  3060 ;;		None
  3061 ;; Auto vars:     Size  Location     Type
  3062 ;;		None
  3063 ;; Return value:  Size  Location     Type
  3064 ;;                  1    wreg      void 
  3065 ;; Registers used:
  3066 ;;		wreg, status,2
  3067 ;; Tracked objects:
  3068 ;;		On entry : 0/0
  3069 ;;		On exit  : 0/0
  3070 ;;		Unchanged: 0/0
  3071 ;; Data sizes:     COMRAM   BANK0   BANK1   BANK2   BANK3   BANK4   BANK5   BANK6   BANK7   BANK8   BANK9  BANK10  BANK1
      +1  BANK12  BANK13  BANK14  BANK15
  3072 ;;      Params:         0       0       0       0       0       0       0       0       0       0       0       0       
      +0       0       0       0       0
  3073 ;;      Locals:         0       0       0       0       0       0       0       0       0       0       0       0       
      +0       0       0       0       0
  3074 ;;      Temps:          0       0       0       0       0       0       0       0       0       0       0       0       
      +0       0       0       0       0
  3075 ;;      Totals:         0       0       0       0       0       0       0       0       0       0       0       0       
      +0       0       0       0       0
  3076 ;;Total ram usage:        0 bytes
  3077 ;; Hardware stack levels used: 1
  3078 ;; Hardware stack levels required when called: 2
  3079 ;; This function calls:
  3080 ;;		Nothing
  3081 ;; This function is called by:
  3082 ;;		_main
  3083 ;; This function uses a non-reentrant model
  3084 ;;
  3085                           
  3086                           	psect	text3
  3087  001E16                     __ptext3:
  3088                           	callstack 0
  3089  001E16                     _spi_init:
  3090                           	callstack 28
  3091  001E16  9694               	bcf	148,3,c	;volatile
  3092  001E18  9A94               	bcf	148,5,c	;volatile
  3093  001E1A  9693               	bcf	147,3,c	;volatile
  3094  001E1C  868A               	bsf	138,3,c	;volatile
  3095  001E1E  50C6               	movf	198,w,c	;volatile
  3096  001E20  0BF0               	andlw	-16
  3097  001E22  0902               	iorlw	2
  3098  001E24  6EC6               	movwf	198,c	;volatile
  3099  001E26  98C6               	bcf	198,4,c	;volatile
  3100  001E28  8CC7               	bsf	199,6,c	;volatile
  3101  001E2A  8AC6               	bsf	198,5,c	;volatile
  3102  001E2C  0012               	return		;funcret
  3103  001E2E                     __end_of_spi_init:
  3104                           	callstack 0
  3105                           
  3106 ;; *************** function _rand *****************
  3107 ;; Defined at:
  3108 ;;		line 11 in file "C:\Program Files\Microchip\xc8\v2.36\pic\sources\c99\common\rand.c"
  3109 ;; Parameters:    Size  Location     Type
  3110 ;;		None
  3111 ;; Auto vars:     Size  Location     Type
  3112 ;;		None
  3113 ;; Return value:  Size  Location     Type
  3114 ;;                  2   20[COMRAM] int 
  3115 ;; Registers used:
  3116 ;;		wreg, status,2, status,0, cstack
  3117 ;; Tracked objects:
  3118 ;;		On entry : 0/0
  3119 ;;		On exit  : 0/0
  3120 ;;		Unchanged: 0/0
  3121 ;; Data sizes:     COMRAM   BANK0   BANK1   BANK2   BANK3   BANK4   BANK5   BANK6   BANK7   BANK8   BANK9  BANK10  BANK1
      +1  BANK12  BANK13  BANK14  BANK15
  3122 ;;      Params:         2       0       0       0       0       0       0       0       0       0       0       0       
      +0       0       0       0       0
  3123 ;;      Locals:         0       0       0       0       0       0       0       0       0       0       0       0       
      +0       0       0       0       0
  3124 ;;      Temps:          4       0       0       0       0       0       0       0       0       0       0       0       
      +0       0       0       0       0
  3125 ;;      Totals:         6       0       0       0       0       0       0       0       0       0       0       0       
      +0       0       0       0       0
  3126 ;;Total ram usage:        6 bytes
  3127 ;; Hardware stack levels used: 1
  3128 ;; Hardware stack levels required when called: 3
  3129 ;; This function calls:
  3130 ;;		___lmul
  3131 ;; This function is called by:
  3132 ;;		_main
  3133 ;; This function uses a non-reentrant model
  3134 ;;
  3135                           
  3136                           	psect	text4
  3137  0019EA                     __ptext4:
  3138                           	callstack 0
  3139  0019EA                     _rand:
  3140                           	callstack 27
  3141  0019EA  C1FC  F009         	movff	_seed,___lmul@multiplier
  3142  0019EE  C1FD  F00A         	movff	_seed+1,___lmul@multiplier+1
  3143  0019F2  C1FE  F00B         	movff	_seed+2,___lmul@multiplier+2
  3144  0019F6  C1FF  F00C         	movff	_seed+3,___lmul@multiplier+3
  3145  0019FA  0E2D               	movlw	45
  3146  0019FC  6E0D               	movwf	___lmul@multiplicand^0,c
  3147  0019FE  0E7F               	movlw	127
  3148  001A00  6E0E               	movwf	(___lmul@multiplicand+1)^0,c
  3149  001A02  0E95               	movlw	149
  3150  001A04  6E0F               	movwf	(___lmul@multiplicand+2)^0,c
  3151  001A06  0E4C               	movlw	76
  3152  001A08  6E10               	movwf	(___lmul@multiplicand+3)^0,c
  3153  001A0A  EC61  F00D         	call	___lmul	;wreg free
  3154  001A0E  0E01               	movlw	1
  3155  001A10  2409               	addwf	?___lmul^0,w,c
  3156  001A12  0101               	movlb	1	; () banked
  3157  001A14  6FFC               	movwf	_seed& (0+255),b
  3158  001A16  0E00               	movlw	0
  3159  001A18  200A               	addwfc	(?___lmul+1)^0,w,c
  3160  001A1A  6FFD               	movwf	(_seed+1)& (0+255),b
  3161  001A1C  0E00               	movlw	0
  3162  001A1E  200B               	addwfc	(?___lmul+2)^0,w,c
  3163  001A20  6FFE               	movwf	(_seed+2)& (0+255),b
  3164  001A22  0E00               	movlw	0
  3165  001A24  200C               	addwfc	(?___lmul+3)^0,w,c
  3166  001A26  6FFF               	movwf	(_seed+3)& (0+255),b
  3167  001A28                     
  3168                           ; BSR set to: 1
  3169  001A28  C1FC  F017         	movff	_seed,??_rand
  3170  001A2C  C1FD  F018         	movff	_seed+1,??_rand+1
  3171  001A30  C1FE  F019         	movff	_seed+2,??_rand+2
  3172  001A34  C1FF  F01A         	movff	_seed+3,??_rand+3
  3173  001A38  0E12               	movlw	18
  3174  001A3A  EF24  F00D         	goto	u3870
  3175  001A3E                     u3875:
  3176  001A3E  90D8               	bcf	status,0,c
  3177  001A40  321A               	rrcf	(??_rand+3)^0,f,c
  3178  001A42  3219               	rrcf	(??_rand+2)^0,f,c
  3179  001A44  3218               	rrcf	(??_rand+1)^0,f,c
  3180  001A46  3217               	rrcf	??_rand^0,f,c
  3181  001A48                     u3870:
  3182  001A48  2EE8               	decfsz	wreg,f,c
  3183  001A4A  EF1F  F00D         	goto	u3875
  3184  001A4E  C017  F015         	movff	??_rand,?_rand
  3185  001A52  C018  F016         	movff	??_rand+1,?_rand+1
  3186  001A56                     
  3187                           ; BSR set to: 1
  3188  001A56  0012               	return		;funcret
  3189  001A58                     __end_of_rand:
  3190                           	callstack 0
  3191                           
  3192 ;; *************** function ___lmul *****************
  3193 ;; Defined at:
  3194 ;;		line 15 in file "C:\Program Files\Microchip\xc8\v2.36\pic\sources\c99\common\Umul32.c"
  3195 ;; Parameters:    Size  Location     Type
  3196 ;;  multiplier      4    8[COMRAM] unsigned long 
  3197 ;;  multiplicand    4   12[COMRAM] unsigned long 
  3198 ;; Auto vars:     Size  Location     Type
  3199 ;;  product         4   16[COMRAM] unsigned long 
  3200 ;; Return value:  Size  Location     Type
  3201 ;;                  4    8[COMRAM] unsigned long 
  3202 ;; Registers used:
  3203 ;;		wreg, status,2, status,0
  3204 ;; Tracked objects:
  3205 ;;		On entry : 0/0
  3206 ;;		On exit  : 0/0
  3207 ;;		Unchanged: 0/0
  3208 ;; Data sizes:     COMRAM   BANK0   BANK1   BANK2   BANK3   BANK4   BANK5   BANK6   BANK7   BANK8   BANK9  BANK10  BANK1
      +1  BANK12  BANK13  BANK14  BANK15
  3209 ;;      Params:         8       0       0       0       0       0       0       0       0       0       0       0       
      +0       0       0       0       0
  3210 ;;      Locals:         4       0       0       0       0       0       0       0       0       0       0       0       
      +0       0       0       0       0
  3211 ;;      Temps:          0       0       0       0       0       0       0       0       0       0       0       0       
      +0       0       0       0       0
  3212 ;;      Totals:        12       0       0       0       0       0       0       0       0       0       0       0       
      +0       0       0       0       0
  3213 ;;Total ram usage:       12 bytes
  3214 ;; Hardware stack levels used: 1
  3215 ;; Hardware stack levels required when called: 2
  3216 ;; This function calls:
  3217 ;;		Nothing
  3218 ;; This function is called by:
  3219 ;;		_main
  3220 ;;		_rand
  3221 ;; This function uses a non-reentrant model
  3222 ;;
  3223                           
  3224                           	psect	text5
  3225  001AC2                     __ptext5:
  3226                           	callstack 0
  3227  001AC2                     ___lmul:
  3228                           	callstack 27
  3229  001AC2  0E00               	movlw	0
  3230  001AC4  6E11               	movwf	___lmul@product^0,c
  3231  001AC6  0E00               	movlw	0
  3232  001AC8  6E12               	movwf	(___lmul@product+1)^0,c
  3233  001ACA  0E00               	movlw	0
  3234  001ACC  6E13               	movwf	(___lmul@product+2)^0,c
  3235  001ACE  0E00               	movlw	0
  3236  001AD0  6E14               	movwf	(___lmul@product+3)^0,c
  3237  001AD2                     l3397:
  3238  001AD2  A009               	btfss	___lmul@multiplier^0,0,c
  3239  001AD4  EF6E  F00D         	goto	u3591
  3240  001AD8  EF70  F00D         	goto	u3590
  3241  001ADC                     u3591:
  3242  001ADC  EF78  F00D         	goto	l3401
  3243  001AE0                     u3590:
  3244  001AE0  500D               	movf	___lmul@multiplicand^0,w,c
  3245  001AE2  2611               	addwf	___lmul@product^0,f,c
  3246  001AE4  500E               	movf	(___lmul@multiplicand+1)^0,w,c
  3247  001AE6  2212               	addwfc	(___lmul@product+1)^0,f,c
  3248  001AE8  500F               	movf	(___lmul@multiplicand+2)^0,w,c
  3249  001AEA  2213               	addwfc	(___lmul@product+2)^0,f,c
  3250  001AEC  5010               	movf	(___lmul@multiplicand+3)^0,w,c
  3251  001AEE  2214               	addwfc	(___lmul@product+3)^0,f,c
  3252  001AF0                     l3401:
  3253  001AF0  90D8               	bcf	status,0,c
  3254  001AF2  360D               	rlcf	___lmul@multiplicand^0,f,c
  3255  001AF4  360E               	rlcf	(___lmul@multiplicand+1)^0,f,c
  3256  001AF6  360F               	rlcf	(___lmul@multiplicand+2)^0,f,c
  3257  001AF8  3610               	rlcf	(___lmul@multiplicand+3)^0,f,c
  3258  001AFA  90D8               	bcf	status,0,c
  3259  001AFC  320C               	rrcf	(___lmul@multiplier+3)^0,f,c
  3260  001AFE  320B               	rrcf	(___lmul@multiplier+2)^0,f,c
  3261  001B00  320A               	rrcf	(___lmul@multiplier+1)^0,f,c
  3262  001B02  3209               	rrcf	___lmul@multiplier^0,f,c
  3263  001B04  5009               	movf	___lmul@multiplier^0,w,c
  3264  001B06  100A               	iorwf	(___lmul@multiplier+1)^0,w,c
  3265  001B08  100B               	iorwf	(___lmul@multiplier+2)^0,w,c
  3266  001B0A  100C               	iorwf	(___lmul@multiplier+3)^0,w,c
  3267  001B0C  A4D8               	btfss	status,2,c
  3268  001B0E  EF8B  F00D         	goto	u3601
  3269  001B12  EF8D  F00D         	goto	u3600
  3270  001B16                     u3601:
  3271  001B16  EF69  F00D         	goto	l3397
  3272  001B1A                     u3600:
  3273  001B1A  C011  F009         	movff	___lmul@product,?___lmul
  3274  001B1E  C012  F00A         	movff	___lmul@product+1,?___lmul+1
  3275  001B22  C013  F00B         	movff	___lmul@product+2,?___lmul+2
  3276  001B26  C014  F00C         	movff	___lmul@product+3,?___lmul+3
  3277  001B2A  0012               	return		;funcret
  3278  001B2C                     __end_of___lmul:
  3279                           	callstack 0
  3280                           
  3281 ;; *************** function _printf *****************
  3282 ;; Defined at:
  3283 ;;		line 5 in file "C:\Program Files\Microchip\xc8\v2.36\pic\sources\c99\common\printf.c"
  3284 ;; Parameters:    Size  Location     Type
  3285 ;;  fmt             2   24[BANK0 ] PTR const unsigned char 
  3286 ;;		 -> STR_7(4), STR_5(5), 
  3287 ;; Auto vars:     Size  Location     Type
  3288 ;;  ap              2   76[COMRAM] PTR void [1]
  3289 ;;		 -> ?_printf(2), ?_sprintf(2), 
  3290 ;;  ret             2    0        int 
  3291 ;; Return value:  Size  Location     Type
  3292 ;;                  2   24[BANK0 ] int 
  3293 ;; Registers used:
  3294 ;;		wreg, fsr1l, fsr1h, fsr2l, fsr2h, status,2, status,0, tblptrl, tblptrh, tblptru, cstack
  3295 ;; Tracked objects:
  3296 ;;		On entry : 0/0
  3297 ;;		On exit  : 0/0
  3298 ;;		Unchanged: 0/0
  3299 ;; Data sizes:     COMRAM   BANK0   BANK1   BANK2   BANK3   BANK4   BANK5   BANK6   BANK7   BANK8   BANK9  BANK10  BANK1
      +1  BANK12  BANK13  BANK14  BANK15
  3300 ;;      Params:         0       6       0       0       0       0       0       0       0       0       0       0       
      +0       0       0       0       0
  3301 ;;      Locals:         2       0       0       0       0       0       0       0       0       0       0       0       
      +0       0       0       0       0
  3302 ;;      Temps:          0       0       0       0       0       0       0       0       0       0       0       0       
      +0       0       0       0       0
  3303 ;;      Totals:         2       6       0       0       0       0       0       0       0       0       0       0       
      +0       0       0       0       0
  3304 ;;Total ram usage:        8 bytes
  3305 ;; Hardware stack levels used: 1
  3306 ;; Hardware stack levels required when called: 9
  3307 ;; This function calls:
  3308 ;;		_vfprintf
  3309 ;; This function is called by:
  3310 ;;		_main
  3311 ;; This function uses a non-reentrant model
  3312 ;;
  3313                           
  3314                           	psect	text6
  3315  001D70                     __ptext6:
  3316                           	callstack 0
  3317  001D70                     _printf:
  3318                           	callstack 21
  3319  001D70  0E7A               	movlw	low (?_printf+2)
  3320  001D72  6E4D               	movwf	printf@ap^0,c
  3321  001D74  0E00               	movlw	high (?_printf+2)
  3322  001D76  6E4E               	movwf	(printf@ap+1)^0,c
  3323  001D78  0E00               	movlw	0
  3324  001D7A  0100               	movlb	0	; () banked
  3325  001D7C  6F72               	movwf	vfprintf@fp& (0+255),b
  3326  001D7E  0E00               	movlw	0
  3327  001D80  6F73               	movwf	(vfprintf@fp+1)& (0+255),b
  3328  001D82  C078  F074         	movff	printf@fmt,vfprintf@fmt
  3329  001D86  C079  F075         	movff	printf@fmt+1,vfprintf@fmt+1
  3330  001D8A  0E4D               	movlw	low printf@ap
  3331  001D8C  6F76               	movwf	vfprintf@ap& (0+255),b
  3332  001D8E  0E00               	movlw	high printf@ap
  3333  001D90  6F77               	movwf	(vfprintf@ap+1)& (0+255),b
  3334  001D92  EC96  F00D         	call	_vfprintf	;wreg free
  3335  001D96  0012               	return		;funcret
  3336  001D98                     __end_of_printf:
  3337                           	callstack 0
  3338                           
  3339 ;; *************** function _vfprintf *****************
  3340 ;; Defined at:
  3341 ;;		line 1390 in file "C:\Program Files\Microchip\xc8\v2.36\pic\sources\c99\common\doprnt.c"
  3342 ;; Parameters:    Size  Location     Type
  3343 ;;  fp              2   18[BANK0 ] PTR struct _IO_FILE
  3344 ;;		 -> NULL(0), sprintf@f(11), 
  3345 ;;  fmt             2   20[BANK0 ] PTR const unsigned char 
  3346 ;;		 -> STR_15(14), STR_14(16), STR_13(27), STR_12(29), 
  3347 ;;		 -> STR_11(25), STR_10(24), STR_9(28), STR_8(33), 
  3348 ;;		 -> STR_7(4), STR_6(24), STR_5(5), STR_4(23), 
  3349 ;;		 -> STR_3(25), STR_2(24), STR_1(24), 
  3350 ;;  ap              2   22[BANK0 ] PTR PTR void 
  3351 ;;		 -> printf@ap(2), sprintf@ap(2), 
  3352 ;; Auto vars:     Size  Location     Type
  3353 ;;  cfmt            2   74[COMRAM] PTR unsigned char 
  3354 ;;		 -> STR_15(14), STR_14(16), STR_13(27), STR_12(29), 
  3355 ;;		 -> STR_11(25), STR_10(24), STR_9(28), STR_8(33), 
  3356 ;;		 -> STR_7(4), STR_6(24), STR_5(5), STR_4(23), 
  3357 ;;		 -> STR_3(25), STR_2(24), STR_1(24), 
  3358 ;; Return value:  Size  Location     Type
  3359 ;;                  2   18[BANK0 ] int 
  3360 ;; Registers used:
  3361 ;;		wreg, fsr1l, fsr1h, fsr2l, fsr2h, status,2, status,0, tblptrl, tblptrh, tblptru, cstack
  3362 ;; Tracked objects:
  3363 ;;		On entry : 0/0
  3364 ;;		On exit  : 0/0
  3365 ;;		Unchanged: 0/0
  3366 ;; Data sizes:     COMRAM   BANK0   BANK1   BANK2   BANK3   BANK4   BANK5   BANK6   BANK7   BANK8   BANK9  BANK10  BANK1
      +1  BANK12  BANK13  BANK14  BANK15
  3367 ;;      Params:         0       6       0       0       0       0       0       0       0       0       0       0       
      +0       0       0       0       0
  3368 ;;      Locals:         2       0       0       0       0       0       0       0       0       0       0       0       
      +0       0       0       0       0
  3369 ;;      Temps:          0       0       0       0       0       0       0       0       0       0       0       0       
      +0       0       0       0       0
  3370 ;;      Totals:         2       6       0       0       0       0       0       0       0       0       0       0       
      +0       0       0       0       0
  3371 ;;Total ram usage:        8 bytes
  3372 ;; Hardware stack levels used: 1
  3373 ;; Hardware stack levels required when called: 8
  3374 ;; This function calls:
  3375 ;;		_vfpfcnvrt
  3376 ;; This function is called by:
  3377 ;;		_sprintf
  3378 ;;		_printf
  3379 ;; This function uses a non-reentrant model
  3380 ;;
  3381                           
  3382                           	psect	text7
  3383  001B2C                     __ptext7:
  3384                           	callstack 0
  3385  001B2C                     _vfprintf:
  3386                           	callstack 21
  3387  001B2C                     
  3388                           ;C:\Program Files\Microchip\xc8\v2.36\pic\sources\c99\common\doprnt.c: 1390: int vfprint
      +                          f(FILE *fp, const char *fmt, va_list ap);C:\Program Files\Microchip\xc8\v2.36\pic\source
      +                          s\c99\common\doprnt.c: 1391: {;C:\Program Files\Microchip\xc8\v2.36\pic\sources\c99\comm
      +                          on\doprnt.c: 1393:     char *cfmt;;C:\Program Files\Microchip\xc8\v2.36\pic\sources\c99\
      +                          common\doprnt.c: 1395:     cfmt = (char *)fmt;
  3389  001B2C  C074  F04B         	movff	vfprintf@fmt,vfprintf@cfmt
  3390  001B30  C075  F04C         	movff	vfprintf@fmt+1,vfprintf@cfmt+1
  3391  001B34                     
  3392                           ;C:\Program Files\Microchip\xc8\v2.36\pic\sources\c99\common\doprnt.c: 1396:     nout = 
      +                          0;
  3393  001B34  0E00               	movlw	0
  3394  001B36  0101               	movlb	1	; () banked
  3395  001B38  6FD7               	movwf	(_nout+1)& (0+255),b
  3396  001B3A  0E00               	movlw	0
  3397  001B3C  6FD6               	movwf	_nout& (0+255),b
  3398                           
  3399                           ;C:\Program Files\Microchip\xc8\v2.36\pic\sources\c99\common\doprnt.c: 1397:     while (
      +                          *cfmt) {
  3400  001B3E  EFB4  F00D         	goto	l3411
  3401  001B42                     l3409:
  3402                           
  3403                           ; BSR set to: 1
  3404                           ;C:\Program Files\Microchip\xc8\v2.36\pic\sources\c99\common\doprnt.c: 1398:         nou
      +                          t += vfpfcnvrt(fp, &cfmt, ap);
  3405  001B42  C072  F045         	movff	vfprintf@fp,vfpfcnvrt@fp
  3406  001B46  C073  F046         	movff	vfprintf@fp+1,vfpfcnvrt@fp+1
  3407  001B4A  0E4B               	movlw	low vfprintf@cfmt
  3408  001B4C  6E47               	movwf	vfpfcnvrt@fmt^0,c
  3409  001B4E  0E00               	movlw	high vfprintf@cfmt
  3410  001B50  6E48               	movwf	(vfpfcnvrt@fmt+1)^0,c
  3411  001B52  C076  F049         	movff	vfprintf@ap,vfpfcnvrt@ap
  3412  001B56  C077  F04A         	movff	vfprintf@ap+1,vfpfcnvrt@ap+1
  3413  001B5A  EC16  F006         	call	_vfpfcnvrt	;wreg free
  3414  001B5E  5045               	movf	?_vfpfcnvrt^0,w,c
  3415  001B60  0101               	movlb	1	; () banked
  3416  001B62  27D6               	addwf	_nout& (0+255),f,b
  3417  001B64  5046               	movf	(?_vfpfcnvrt+1)^0,w,c
  3418  001B66  23D7               	addwfc	(_nout+1)& (0+255),f,b
  3419  001B68                     l3411:
  3420                           
  3421                           ; BSR set to: 1
  3422                           ;C:\Program Files\Microchip\xc8\v2.36\pic\sources\c99\common\doprnt.c: 1397:     while (
      +                          *cfmt) {
  3423  001B68  C04B  FFF6         	movff	vfprintf@cfmt,tblptrl
  3424  001B6C  C04C  FFF7         	movff	vfprintf@cfmt+1,tblptrh
  3425  001B70                     	if	0	;tblptru may be non-zero
  3426  001B70                     	endif
  3427  001B70                     	if	0	;tblptru may be non-zero
  3428  001B70                     	endif
  3429  001B70  0008               	tblrd		*
  3430  001B72  50F5               	movf	tablat,w,c
  3431  001B74  0900               	iorlw	0
  3432  001B76  A4D8               	btfss	status,2,c
  3433  001B78  EFC0  F00D         	goto	u3611
  3434  001B7C  EFC2  F00D         	goto	u3610
  3435  001B80                     u3611:
  3436  001B80  EFA1  F00D         	goto	l3409
  3437  001B84                     u3610:
  3438  001B84                     
  3439                           ; BSR set to: 1
  3440                           ;C:\Program Files\Microchip\xc8\v2.36\pic\sources\c99\common\doprnt.c: 1400:     return 
      +                          nout;
  3441  001B84  C1D6  F072         	movff	_nout,?_vfprintf
  3442  001B88  C1D7  F073         	movff	_nout+1,?_vfprintf+1
  3443  001B8C                     
  3444                           ; BSR set to: 1
  3445  001B8C  0012               	return		;funcret
  3446  001B8E                     __end_of_vfprintf:
  3447                           	callstack 0
  3448                           
  3449 ;; *************** function _vfpfcnvrt *****************
  3450 ;; Defined at:
  3451 ;;		line 692 in file "C:\Program Files\Microchip\xc8\v2.36\pic\sources\c99\common\doprnt.c"
  3452 ;; Parameters:    Size  Location     Type
  3453 ;;  fp              2   68[COMRAM] PTR struct _IO_FILE
  3454 ;;		 -> NULL(0), sprintf@f(11), 
  3455 ;;  fmt             2   70[COMRAM] PTR PTR unsigned char 
  3456 ;;		 -> vfprintf@cfmt(2), 
  3457 ;;  ap              2   72[COMRAM] PTR PTR void 
  3458 ;;		 -> printf@ap(2), sprintf@ap(2), 
  3459 ;; Auto vars:     Size  Location     Type
  3460 ;;  llu             8   10[BANK0 ] unsigned long long 
  3461 ;;  ll              8    0        long long 
  3462 ;;  f               4    0        long long 
  3463 ;;  vp              3    0        PTR void 
  3464 ;;  ct              3    0        unsigned char [3]
  3465 ;;  cp              2    6[BANK0 ] PTR unsigned char 
  3466 ;;		 -> ?_printf(2), ?_sprintf(2), main@cursor(3), main@menu_names(35), 
  3467 ;;  i               2    0        int 
  3468 ;;  done            2    0        int 
  3469 ;;  c               1    0        unsigned char 
  3470 ;; Return value:  Size  Location     Type
  3471 ;;                  2   68[COMRAM] int 
  3472 ;; Registers used:
  3473 ;;		wreg, fsr1l, fsr1h, fsr2l, fsr2h, status,2, status,0, tblptrl, tblptrh, tblptru, cstack
  3474 ;; Tracked objects:
  3475 ;;		On entry : 0/0
  3476 ;;		On exit  : 0/0
  3477 ;;		Unchanged: 0/0
  3478 ;; Data sizes:     COMRAM   BANK0   BANK1   BANK2   BANK3   BANK4   BANK5   BANK6   BANK7   BANK8   BANK9  BANK10  BANK1
      +1  BANK12  BANK13  BANK14  BANK15
  3479 ;;      Params:         6       0       0       0       0       0       0       0       0       0       0       0       
      +0       0       0       0       0
  3480 ;;      Locals:         0      12       0       0       0       0       0       0       0       0       0       0       
      +0       0       0       0       0
  3481 ;;      Temps:          0       6       0       0       0       0       0       0       0       0       0       0       
      +0       0       0       0       0
  3482 ;;      Totals:         6      18       0       0       0       0       0       0       0       0       0       0       
      +0       0       0       0       0
  3483 ;;Total ram usage:       24 bytes
  3484 ;; Hardware stack levels used: 1
  3485 ;; Hardware stack levels required when called: 7
  3486 ;; This function calls:
  3487 ;;		_fputc
  3488 ;;		_stoa
  3489 ;;		_strncmp
  3490 ;;		_utoa
  3491 ;; This function is called by:
  3492 ;;		_vfprintf
  3493 ;; This function uses a non-reentrant model
  3494 ;;
  3495                           
  3496                           	psect	text8
  3497  000C2C                     __ptext8:
  3498                           	callstack 0
  3499  000C2C                     _vfpfcnvrt:
  3500                           	callstack 21
  3501  000C2C                     
  3502                           ;C:\Program Files\Microchip\xc8\v2.36\pic\sources\c99\common\doprnt.c: 692: static int v
      +                          fpfcnvrt(FILE *fp, char *fmt[], va_list ap);C:\Program Files\Microchip\xc8\v2.36\pic\sou
      +                          rces\c99\common\doprnt.c: 693: {;C:\Program Files\Microchip\xc8\v2.36\pic\sources\c99\co
      +                          mmon\doprnt.c: 694:     char c, *cp, ct[3];;C:\Program Files\Microchip\xc8\v2.36\pic\sou
      +                          rces\c99\common\doprnt.c: 695:     int done, i;;C:\Program Files\Microchip\xc8\v2.36\pic
      +                          \sources\c99\common\doprnt.c: 696:     long long ll;;C:\Program Files\Microchip\xc8\v2.3
      +                          6\pic\sources\c99\common\doprnt.c: 697:     unsigned long long llu;
  3503  000C2C  C047  FFD9         	movff	vfpfcnvrt@fmt,fsr2l
  3504  000C30  C048  FFDA         	movff	vfpfcnvrt@fmt+1,fsr2h
  3505  000C34  CFDE FFF6          	movff	postinc2,tblptrl
  3506  000C38  CFDD FFF7          	movff	postdec2,tblptrh
  3507  000C3C                     	if	0	;tblptru may be non-zero
  3508  000C3C                     	endif
  3509  000C3C                     	if	0	;tblptru may be non-zero
  3510  000C3C                     	endif
  3511  000C3C  0008               	tblrd		*
  3512  000C3E  50F5               	movf	tablat,w,c
  3513  000C40  0A25               	xorlw	37
  3514  000C42  A4D8               	btfss	status,2,c
  3515  000C44  EF26  F006         	goto	u3501
  3516  000C48  EF28  F006         	goto	u3500
  3517  000C4C                     u3501:
  3518  000C4C  EF85  F007         	goto	l3385
  3519  000C50                     u3500:
  3520  000C50                     
  3521                           ;C:\Program Files\Microchip\xc8\v2.36\pic\sources\c99\common\doprnt.c: 703:         ++*f
      +                          mt;
  3522  000C50  C047  FFD9         	movff	vfpfcnvrt@fmt,fsr2l
  3523  000C54  C048  FFDA         	movff	vfpfcnvrt@fmt+1,fsr2h
  3524  000C58  2ADE               	incf	postinc2,f,c
  3525  000C5A  0E00               	movlw	0
  3526  000C5C  22DD               	addwfc	postdec2,f,c
  3527  000C5E                     
  3528                           ;C:\Program Files\Microchip\xc8\v2.36\pic\sources\c99\common\doprnt.c: 705:         flag
      +                          s = width = 0;
  3529  000C5E  0E00               	movlw	0
  3530  000C60  0101               	movlb	1	; () banked
  3531  000C62  6FD9               	movwf	(_width+1)& (0+255),b
  3532  000C64  0E00               	movlw	0
  3533  000C66  6FD8               	movwf	_width& (0+255),b
  3534  000C68  C1D8  F04F         	movff	_width,_flags
  3535  000C6C  C1D9  F050         	movff	_width+1,_flags+1
  3536  000C70                     
  3537                           ; BSR set to: 1
  3538                           ;C:\Program Files\Microchip\xc8\v2.36\pic\sources\c99\common\doprnt.c: 706:         prec
      +                           = -1;
  3539  000C70  69DA               	setf	_prec& (0+255),b
  3540  000C72  69DB               	setf	(_prec+1)& (0+255),b
  3541  000C74                     
  3542                           ; BSR set to: 1
  3543                           ;C:\Program Files\Microchip\xc8\v2.36\pic\sources\c99\common\doprnt.c: 1171:         if 
      +                          (*fmt[0] == 's' || !strncmp(*fmt, "lls", ((sizeof("lls")/sizeof("lls"[0]))-1))) {
  3544  000C74  C047  FFD9         	movff	vfpfcnvrt@fmt,fsr2l
  3545  000C78  C048  FFDA         	movff	vfpfcnvrt@fmt+1,fsr2h
  3546  000C7C  CFDE FFF6          	movff	postinc2,tblptrl
  3547  000C80  CFDD FFF7          	movff	postdec2,tblptrh
  3548  000C84                     	if	0	;tblptru may be non-zero
  3549  000C84                     	endif
  3550  000C84                     	if	0	;tblptru may be non-zero
  3551  000C84                     	endif
  3552  000C84  0008               	tblrd		*
  3553  000C86  50F5               	movf	tablat,w,c
  3554  000C88  0A73               	xorlw	115
  3555  000C8A  B4D8               	btfsc	status,2,c
  3556  000C8C  EF4A  F006         	goto	u3511
  3557  000C90  EF4C  F006         	goto	u3510
  3558  000C94                     u3511:
  3559  000C94  EF67  F006         	goto	l3339
  3560  000C98                     u3510:
  3561  000C98                     
  3562                           ; BSR set to: 1
  3563  000C98  C047  FFD9         	movff	vfpfcnvrt@fmt,fsr2l
  3564  000C9C  C048  FFDA         	movff	vfpfcnvrt@fmt+1,fsr2h
  3565  000CA0  CFDE F009          	movff	postinc2,strncmp@_l
  3566  000CA4  CFDD F00A          	movff	postdec2,strncmp@_l+1
  3567  000CA8  0EF4               	movlw	low STR_16
  3568  000CAA  6E0B               	movwf	strncmp@_r^0,c
  3569  000CAC  0EFF               	movlw	high STR_16
  3570  000CAE  6E0C               	movwf	(strncmp@_r+1)^0,c
  3571  000CB0  0E00               	movlw	0
  3572  000CB2  6E0E               	movwf	(strncmp@n+1)^0,c
  3573  000CB4  0E03               	movlw	3
  3574  000CB6  6E0D               	movwf	strncmp@n^0,c
  3575  000CB8  ECDA  F009         	call	_strncmp	;wreg free
  3576  000CBC  5009               	movf	?_strncmp^0,w,c
  3577  000CBE  100A               	iorwf	(?_strncmp+1)^0,w,c
  3578  000CC0  A4D8               	btfss	status,2,c
  3579  000CC2  EF65  F006         	goto	u3521
  3580  000CC6  EF67  F006         	goto	u3520
  3581  000CCA                     u3521:
  3582  000CCA  EFB1  F006         	goto	l3353
  3583  000CCE                     u3520:
  3584  000CCE                     l3339:
  3585                           
  3586                           ;C:\Program Files\Microchip\xc8\v2.36\pic\sources\c99\common\doprnt.c: 1173:    *fmt += 
      +                          *fmt[0] == 's' ? 1 : ((sizeof("lls")/sizeof("lls"[0]))-1);
  3587  000CCE  C047  FFD9         	movff	vfpfcnvrt@fmt,fsr2l
  3588  000CD2  C048  FFDA         	movff	vfpfcnvrt@fmt+1,fsr2h
  3589  000CD6  CFDE FFF6          	movff	postinc2,tblptrl
  3590  000CDA  CFDD FFF7          	movff	postdec2,tblptrh
  3591  000CDE                     	if	0	;tblptru may be non-zero
  3592  000CDE                     	endif
  3593  000CDE                     	if	0	;tblptru may be non-zero
  3594  000CDE                     	endif
  3595  000CDE  0008               	tblrd		*
  3596  000CE0  50F5               	movf	tablat,w,c
  3597  000CE2  0A73               	xorlw	115
  3598  000CE4  B4D8               	btfsc	status,2,c
  3599  000CE6  EF77  F006         	goto	u3531
  3600  000CEA  EF79  F006         	goto	u3530
  3601  000CEE                     u3531:
  3602  000CEE  EF80  F006         	goto	l3343
  3603  000CF2                     u3530:
  3604  000CF2  0E00               	movlw	0
  3605  000CF4  0100               	movlb	0	; () banked
  3606  000CF6  6F69               	movwf	(_vfpfcnvrt$2669+1)& (0+255),b
  3607  000CF8  0E03               	movlw	3
  3608  000CFA  6F68               	movwf	_vfpfcnvrt$2669& (0+255),b
  3609  000CFC  EF85  F006         	goto	l3345
  3610  000D00                     l3343:
  3611  000D00  0E00               	movlw	0
  3612  000D02  0100               	movlb	0	; () banked
  3613  000D04  6F69               	movwf	(_vfpfcnvrt$2669+1)& (0+255),b
  3614  000D06  0E01               	movlw	1
  3615  000D08  6F68               	movwf	_vfpfcnvrt$2669& (0+255),b
  3616  000D0A                     l3345:
  3617                           
  3618                           ; BSR set to: 0
  3619  000D0A  C047  FFD9         	movff	vfpfcnvrt@fmt,fsr2l
  3620  000D0E  C048  FFDA         	movff	vfpfcnvrt@fmt+1,fsr2h
  3621  000D12  5168               	movf	_vfpfcnvrt$2669& (0+255),w,b
  3622  000D14  26DE               	addwf	postinc2,f,c
  3623  000D16  5169               	movf	(_vfpfcnvrt$2669+1)& (0+255),w,b
  3624  000D18  22DD               	addwfc	postdec2,f,c
  3625  000D1A                     
  3626                           ; BSR set to: 0
  3627                           ;C:\Program Files\Microchip\xc8\v2.36\pic\sources\c99\common\doprnt.c: 1174:            
      +                           cp = (*(char * *)__va_arg(*(char * **)ap, (char *)0));
  3628  000D1A  C049  FFD9         	movff	vfpfcnvrt@ap,fsr2l
  3629  000D1E  C04A  FFDA         	movff	vfpfcnvrt@ap+1,fsr2h
  3630  000D22  CFDF F060          	movff	indf2,??_vfpfcnvrt
  3631  000D26  0E02               	movlw	2
  3632  000D28  26DE               	addwf	postinc2,f,c
  3633  000D2A  CFDF F061          	movff	indf2,??_vfpfcnvrt+1
  3634  000D2E  0E00               	movlw	0
  3635  000D30  22DD               	addwfc	postdec2,f,c
  3636  000D32  C060  FFD9         	movff	??_vfpfcnvrt,fsr2l
  3637  000D36  C061  FFDA         	movff	??_vfpfcnvrt+1,fsr2h
  3638  000D3A  CFDE F066          	movff	postinc2,vfpfcnvrt@cp
  3639  000D3E  CFDD F067          	movff	postdec2,vfpfcnvrt@cp+1
  3640  000D42                     
  3641                           ; BSR set to: 0
  3642                           ;C:\Program Files\Microchip\xc8\v2.36\pic\sources\c99\common\doprnt.c: 1176:            
      +                           return stoa(fp, cp);
  3643  000D42  C045  F013         	movff	vfpfcnvrt@fp,stoa@fp
  3644  000D46  C046  F014         	movff	vfpfcnvrt@fp+1,stoa@fp+1
  3645  000D4A  C066  F015         	movff	vfpfcnvrt@cp,stoa@s
  3646  000D4E  C067  F016         	movff	vfpfcnvrt@cp+1,stoa@s+1
  3647  000D52  ECA1  F008         	call	_stoa	;wreg free
  3648  000D56  C013  F045         	movff	?_stoa,?_vfpfcnvrt
  3649  000D5A  C014  F046         	movff	?_stoa+1,?_vfpfcnvrt+1
  3650  000D5E  EFA0  F007         	goto	l1158
  3651  000D62                     l3353:
  3652                           
  3653                           ;C:\Program Files\Microchip\xc8\v2.36\pic\sources\c99\common\doprnt.c: 1204:         if 
      +                          (*fmt[0] == 'u') {
  3654  000D62  C047  FFD9         	movff	vfpfcnvrt@fmt,fsr2l
  3655  000D66  C048  FFDA         	movff	vfpfcnvrt@fmt+1,fsr2h
  3656  000D6A  CFDE FFF6          	movff	postinc2,tblptrl
  3657  000D6E  CFDD FFF7          	movff	postdec2,tblptrh
  3658  000D72                     	if	0	;tblptru may be non-zero
  3659  000D72                     	endif
  3660  000D72                     	if	0	;tblptru may be non-zero
  3661  000D72                     	endif
  3662  000D72  0008               	tblrd		*
  3663  000D74  50F5               	movf	tablat,w,c
  3664  000D76  0A75               	xorlw	117
  3665  000D78  A4D8               	btfss	status,2,c
  3666  000D7A  EFC1  F006         	goto	u3541
  3667  000D7E  EFC3  F006         	goto	u3540
  3668  000D82                     u3541:
  3669  000D82  EF05  F007         	goto	l3361
  3670  000D86                     u3540:
  3671  000D86                     
  3672                           ;C:\Program Files\Microchip\xc8\v2.36\pic\sources\c99\common\doprnt.c: 1206:            
      +                           ++*fmt;
  3673  000D86  C047  FFD9         	movff	vfpfcnvrt@fmt,fsr2l
  3674  000D8A  C048  FFDA         	movff	vfpfcnvrt@fmt+1,fsr2h
  3675  000D8E  2ADE               	incf	postinc2,f,c
  3676  000D90  0E00               	movlw	0
  3677  000D92  22DD               	addwfc	postdec2,f,c
  3678                           
  3679                           ;C:\Program Files\Microchip\xc8\v2.36\pic\sources\c99\common\doprnt.c: 1207:            
      +                           llu = (unsigned long long)(*(unsigned int *)__va_arg(*(unsigned int **)ap, (unsigned in
      +                          t)0));
  3680  000D94  C049  FFD9         	movff	vfpfcnvrt@ap,fsr2l
  3681  000D98  C04A  FFDA         	movff	vfpfcnvrt@ap+1,fsr2h
  3682  000D9C  CFDF F060          	movff	indf2,??_vfpfcnvrt
  3683  000DA0  0E02               	movlw	2
  3684  000DA2  26DE               	addwf	postinc2,f,c
  3685  000DA4  CFDF F061          	movff	indf2,??_vfpfcnvrt+1
  3686  000DA8  0E00               	movlw	0
  3687  000DAA  22DD               	addwfc	postdec2,f,c
  3688  000DAC  C060  FFD9         	movff	??_vfpfcnvrt,fsr2l
  3689  000DB0  C061  FFDA         	movff	??_vfpfcnvrt+1,fsr2h
  3690  000DB4  CFDE F062          	movff	postinc2,??_vfpfcnvrt+2
  3691  000DB8  CFDD F063          	movff	postdec2,??_vfpfcnvrt+3
  3692  000DBC  C062  F06A         	movff	??_vfpfcnvrt+2,vfpfcnvrt@llu
  3693  000DC0  C063  F06B         	movff	??_vfpfcnvrt+3,vfpfcnvrt@llu+1
  3694  000DC4  0100               	movlb	0	; () banked
  3695  000DC6  6B6C               	clrf	(vfpfcnvrt@llu+2)& (0+255),b
  3696  000DC8  6B6D               	clrf	(vfpfcnvrt@llu+3)& (0+255),b
  3697  000DCA  6B6E               	clrf	(vfpfcnvrt@llu+4)& (0+255),b
  3698  000DCC  6B6F               	clrf	(vfpfcnvrt@llu+5)& (0+255),b
  3699  000DCE  6B70               	clrf	(vfpfcnvrt@llu+6)& (0+255),b
  3700  000DD0  6B71               	clrf	(vfpfcnvrt@llu+7)& (0+255),b
  3701  000DD2                     l3357:
  3702                           
  3703                           ; BSR set to: 0
  3704                           ;C:\Program Files\Microchip\xc8\v2.36\pic\sources\c99\common\doprnt.c: 1209:            
      +                           return utoa(fp, llu);
  3705  000DD2  C045  F025         	movff	vfpfcnvrt@fp,utoa@fp
  3706  000DD6  C046  F026         	movff	vfpfcnvrt@fp+1,utoa@fp+1
  3707  000DDA  C06A  F027         	movff	vfpfcnvrt@llu,utoa@d
  3708  000DDE  C06B  F028         	movff	vfpfcnvrt@llu+1,utoa@d+1
  3709  000DE2  C06C  F029         	movff	vfpfcnvrt@llu+2,utoa@d+2
  3710  000DE6  C06D  F02A         	movff	vfpfcnvrt@llu+3,utoa@d+3
  3711  000DEA  C06E  F02B         	movff	vfpfcnvrt@llu+4,utoa@d+4
  3712  000DEE  C06F  F02C         	movff	vfpfcnvrt@llu+5,utoa@d+5
  3713  000DF2  C070  F02D         	movff	vfpfcnvrt@llu+6,utoa@d+6
  3714  000DF6  C071  F02E         	movff	vfpfcnvrt@llu+7,utoa@d+7
  3715  000DFA  ECA1  F007         	call	_utoa	;wreg free
  3716  000DFE  C025  F045         	movff	?_utoa,?_vfpfcnvrt
  3717  000E02  C026  F046         	movff	?_utoa+1,?_vfpfcnvrt+1
  3718  000E06  EFA0  F007         	goto	l1158
  3719  000E0A                     l3361:
  3720                           
  3721                           ;C:\Program Files\Microchip\xc8\v2.36\pic\sources\c99\common\doprnt.c: 1214:         if 
      +                          (!strncmp(*fmt, "lu", ((sizeof("lu")/sizeof("lu"[0]))-1))) {
  3722  000E0A  C047  FFD9         	movff	vfpfcnvrt@fmt,fsr2l
  3723  000E0E  C048  FFDA         	movff	vfpfcnvrt@fmt+1,fsr2h
  3724  000E12  CFDE F009          	movff	postinc2,strncmp@_l
  3725  000E16  CFDD F00A          	movff	postdec2,strncmp@_l+1
  3726  000E1A  0EFC               	movlw	low STR_21
  3727  000E1C  6E0B               	movwf	strncmp@_r^0,c
  3728  000E1E  0EFF               	movlw	high STR_21
  3729  000E20  6E0C               	movwf	(strncmp@_r+1)^0,c
  3730  000E22  0E00               	movlw	0
  3731  000E24  6E0E               	movwf	(strncmp@n+1)^0,c
  3732  000E26  0E02               	movlw	2
  3733  000E28  6E0D               	movwf	strncmp@n^0,c
  3734  000E2A  ECDA  F009         	call	_strncmp	;wreg free
  3735  000E2E  5009               	movf	?_strncmp^0,w,c
  3736  000E30  100A               	iorwf	(?_strncmp+1)^0,w,c
  3737  000E32  A4D8               	btfss	status,2,c
  3738  000E34  EF1E  F007         	goto	u3551
  3739  000E38  EF20  F007         	goto	u3550
  3740  000E3C                     u3551:
  3741  000E3C  EF4F  F007         	goto	l3369
  3742  000E40                     u3550:
  3743  000E40                     
  3744                           ;C:\Program Files\Microchip\xc8\v2.36\pic\sources\c99\common\doprnt.c: 1216:            
      +                           *fmt += ((sizeof("lu")/sizeof("lu"[0]))-1);
  3745  000E40  0E02               	movlw	2
  3746  000E42  C047  FFD9         	movff	vfpfcnvrt@fmt,fsr2l
  3747  000E46  C048  FFDA         	movff	vfpfcnvrt@fmt+1,fsr2h
  3748  000E4A  26DE               	addwf	postinc2,f,c
  3749  000E4C  0E00               	movlw	0
  3750  000E4E  22DD               	addwfc	postdec2,f,c
  3751                           
  3752                           ;C:\Program Files\Microchip\xc8\v2.36\pic\sources\c99\common\doprnt.c: 1217:            
      +                           llu = (unsigned long long)(*(unsigned long *)__va_arg(*(unsigned long **)ap, (unsigned 
      +                          long)0));
  3753  000E50  C049  FFD9         	movff	vfpfcnvrt@ap,fsr2l
  3754  000E54  C04A  FFDA         	movff	vfpfcnvrt@ap+1,fsr2h
  3755  000E58  CFDF F060          	movff	indf2,??_vfpfcnvrt
  3756  000E5C  0E04               	movlw	4
  3757  000E5E  26DE               	addwf	postinc2,f,c
  3758  000E60  CFDF F061          	movff	indf2,??_vfpfcnvrt+1
  3759  000E64  0E00               	movlw	0
  3760  000E66  22DD               	addwfc	postdec2,f,c
  3761  000E68  C060  FFD9         	movff	??_vfpfcnvrt,fsr2l
  3762  000E6C  C061  FFDA         	movff	??_vfpfcnvrt+1,fsr2h
  3763  000E70  CFDE F062          	movff	postinc2,??_vfpfcnvrt+2
  3764  000E74  CFDE F063          	movff	postinc2,??_vfpfcnvrt+3
  3765  000E78  CFDE F064          	movff	postinc2,??_vfpfcnvrt+4
  3766  000E7C  CFDE F065          	movff	postinc2,??_vfpfcnvrt+5
  3767  000E80  0100               	movlb	0	; () banked
  3768  000E82  5162               	movf	(??_vfpfcnvrt+2)& (0+255),w,b
  3769  000E84  6F6A               	movwf	vfpfcnvrt@llu& (0+255),b
  3770  000E86  5163               	movf	(??_vfpfcnvrt+3)& (0+255),w,b
  3771  000E88  6F6B               	movwf	(vfpfcnvrt@llu+1)& (0+255),b
  3772  000E8A  5164               	movf	(??_vfpfcnvrt+4)& (0+255),w,b
  3773  000E8C  6F6C               	movwf	(vfpfcnvrt@llu+2)& (0+255),b
  3774  000E8E  5165               	movf	(??_vfpfcnvrt+5)& (0+255),w,b
  3775  000E90  6F6D               	movwf	(vfpfcnvrt@llu+3)& (0+255),b
  3776  000E92  6B6E               	clrf	(vfpfcnvrt@llu+4)& (0+255),b
  3777  000E94  6B6F               	clrf	(vfpfcnvrt@llu+5)& (0+255),b
  3778  000E96  6B70               	clrf	(vfpfcnvrt@llu+6)& (0+255),b
  3779  000E98  6B71               	clrf	(vfpfcnvrt@llu+7)& (0+255),b
  3780  000E9A  EFE9  F006         	goto	l3357
  3781  000E9E                     l3369:
  3782                           
  3783                           ;C:\Program Files\Microchip\xc8\v2.36\pic\sources\c99\common\doprnt.c: 1372:         if 
      +                          ((*fmt)[0] == '%') {
  3784  000E9E  C047  FFD9         	movff	vfpfcnvrt@fmt,fsr2l
  3785  000EA2  C048  FFDA         	movff	vfpfcnvrt@fmt+1,fsr2h
  3786  000EA6  CFDE FFF6          	movff	postinc2,tblptrl
  3787  000EAA  CFDD FFF7          	movff	postdec2,tblptrh
  3788  000EAE                     	if	0	;tblptru may be non-zero
  3789  000EAE                     	endif
  3790  000EAE                     	if	0	;tblptru may be non-zero
  3791  000EAE                     	endif
  3792  000EAE  0008               	tblrd		*
  3793  000EB0  50F5               	movf	tablat,w,c
  3794  000EB2  0A25               	xorlw	37
  3795  000EB4  A4D8               	btfss	status,2,c
  3796  000EB6  EF5F  F007         	goto	u3561
  3797  000EBA  EF61  F007         	goto	u3560
  3798  000EBE                     u3561:
  3799  000EBE  EF78  F007         	goto	l3379
  3800  000EC2                     u3560:
  3801  000EC2                     
  3802                           ;C:\Program Files\Microchip\xc8\v2.36\pic\sources\c99\common\doprnt.c: 1373:            
      +                           ++*fmt;
  3803  000EC2  C047  FFD9         	movff	vfpfcnvrt@fmt,fsr2l
  3804  000EC6  C048  FFDA         	movff	vfpfcnvrt@fmt+1,fsr2h
  3805  000ECA  2ADE               	incf	postinc2,f,c
  3806  000ECC  0E00               	movlw	0
  3807  000ECE  22DD               	addwfc	postdec2,f,c
  3808  000ED0                     
  3809                           ;C:\Program Files\Microchip\xc8\v2.36\pic\sources\c99\common\doprnt.c: 1374:            
      +                           fputc((int)'%', fp);
  3810  000ED0  0E00               	movlw	0
  3811  000ED2  6E0B               	movwf	(fputc@c+1)^0,c
  3812  000ED4  0E25               	movlw	37
  3813  000ED6  6E0A               	movwf	fputc@c^0,c
  3814  000ED8  C045  F00C         	movff	vfpfcnvrt@fp,fputc@fp
  3815  000EDC  C046  F00D         	movff	vfpfcnvrt@fp+1,fputc@fp+1
  3816  000EE0  EC1E  F00B         	call	_fputc	;wreg free
  3817  000EE4                     l3375:
  3818                           
  3819                           ;C:\Program Files\Microchip\xc8\v2.36\pic\sources\c99\common\doprnt.c: 1375:            
      +                           return 1;
  3820  000EE4  0E00               	movlw	0
  3821  000EE6  6E46               	movwf	(?_vfpfcnvrt+1)^0,c
  3822  000EE8  0E01               	movlw	1
  3823  000EEA  6E45               	movwf	?_vfpfcnvrt^0,c
  3824  000EEC  EFA0  F007         	goto	l1158
  3825  000EF0                     l3379:
  3826                           
  3827                           ;C:\Program Files\Microchip\xc8\v2.36\pic\sources\c99\common\doprnt.c: 1379:         ++*
      +                          fmt;
  3828  000EF0  C047  FFD9         	movff	vfpfcnvrt@fmt,fsr2l
  3829  000EF4  C048  FFDA         	movff	vfpfcnvrt@fmt+1,fsr2h
  3830  000EF8  2ADE               	incf	postinc2,f,c
  3831  000EFA  0E00               	movlw	0
  3832  000EFC  22DD               	addwfc	postdec2,f,c
  3833  000EFE                     
  3834                           ;C:\Program Files\Microchip\xc8\v2.36\pic\sources\c99\common\doprnt.c: 1380:         ret
      +                          urn 0;
  3835  000EFE  0E00               	movlw	0
  3836  000F00  6E46               	movwf	(?_vfpfcnvrt+1)^0,c
  3837  000F02  0E00               	movlw	0
  3838  000F04  6E45               	movwf	?_vfpfcnvrt^0,c
  3839  000F06  EFA0  F007         	goto	l1158
  3840  000F0A                     l3385:
  3841                           
  3842                           ;C:\Program Files\Microchip\xc8\v2.36\pic\sources\c99\common\doprnt.c: 1384:     fputc((
      +                          int)(*fmt)[0], fp);
  3843  000F0A  C047  FFD9         	movff	vfpfcnvrt@fmt,fsr2l
  3844  000F0E  C048  FFDA         	movff	vfpfcnvrt@fmt+1,fsr2h
  3845  000F12  CFDE FFF6          	movff	postinc2,tblptrl
  3846  000F16  CFDD FFF7          	movff	postdec2,tblptrh
  3847  000F1A                     	if	0	;tblptru may be non-zero
  3848  000F1A                     	endif
  3849  000F1A                     	if	0	;tblptru may be non-zero
  3850  000F1A                     	endif
  3851  000F1A  0008               	tblrd		*
  3852  000F1C  50F5               	movf	tablat,w,c
  3853  000F1E  6E0A               	movwf	fputc@c^0,c
  3854  000F20  6A0B               	clrf	(fputc@c+1)^0,c
  3855  000F22  C045  F00C         	movff	vfpfcnvrt@fp,fputc@fp
  3856  000F26  C046  F00D         	movff	vfpfcnvrt@fp+1,fputc@fp+1
  3857  000F2A  EC1E  F00B         	call	_fputc	;wreg free
  3858  000F2E                     
  3859                           ;C:\Program Files\Microchip\xc8\v2.36\pic\sources\c99\common\doprnt.c: 1385:     ++*fmt;
  3860  000F2E  C047  FFD9         	movff	vfpfcnvrt@fmt,fsr2l
  3861  000F32  C048  FFDA         	movff	vfpfcnvrt@fmt+1,fsr2h
  3862  000F36  2ADE               	incf	postinc2,f,c
  3863  000F38  0E00               	movlw	0
  3864  000F3A  22DD               	addwfc	postdec2,f,c
  3865  000F3C  EF72  F007         	goto	l3375
  3866  000F40                     l1158:
  3867  000F40  0012               	return		;funcret
  3868  000F42                     __end_of_vfpfcnvrt:
  3869                           	callstack 0
  3870                           
  3871 ;; *************** function _utoa *****************
  3872 ;; Defined at:
  3873 ;;		line 615 in file "C:\Program Files\Microchip\xc8\v2.36\pic\sources\c99\common\doprnt.c"
  3874 ;; Parameters:    Size  Location     Type
  3875 ;;  fp              2   36[COMRAM] PTR struct _IO_FILE
  3876 ;;		 -> NULL(0), sprintf@f(11), 
  3877 ;;  d               8   38[COMRAM] unsigned long long 
  3878 ;; Auto vars:     Size  Location     Type
  3879 ;;  n               8   58[COMRAM] unsigned long long 
  3880 ;;  i               2   66[COMRAM] int 
  3881 ;;  w               2   56[COMRAM] int 
  3882 ;;  p               2   54[COMRAM] int 
  3883 ;; Return value:  Size  Location     Type
  3884 ;;                  2   36[COMRAM] int 
  3885 ;; Registers used:
  3886 ;;		wreg, fsr1l, fsr1h, fsr2l, fsr2h, status,2, status,0, cstack
  3887 ;; Tracked objects:
  3888 ;;		On entry : 0/0
  3889 ;;		On exit  : 0/0
  3890 ;;		Unchanged: 0/0
  3891 ;; Data sizes:     COMRAM   BANK0   BANK1   BANK2   BANK3   BANK4   BANK5   BANK6   BANK7   BANK8   BANK9  BANK10  BANK1
      +1  BANK12  BANK13  BANK14  BANK15
  3892 ;;      Params:        10       0       0       0       0       0       0       0       0       0       0       0       
      +0       0       0       0       0
  3893 ;;      Locals:        14       0       0       0       0       0       0       0       0       0       0       0       
      +0       0       0       0       0
  3894 ;;      Temps:          8       0       0       0       0       0       0       0       0       0       0       0       
      +0       0       0       0       0
  3895 ;;      Totals:        32       0       0       0       0       0       0       0       0       0       0       0       
      +0       0       0       0       0
  3896 ;;Total ram usage:       32 bytes
  3897 ;; Hardware stack levels used: 1
  3898 ;; Hardware stack levels required when called: 6
  3899 ;; This function calls:
  3900 ;;		___lodiv
  3901 ;;		___lomod
  3902 ;;		_pad
  3903 ;; This function is called by:
  3904 ;;		_vfpfcnvrt
  3905 ;; This function uses a non-reentrant model
  3906 ;;
  3907                           
  3908                           	psect	text9
  3909  000F42                     __ptext9:
  3910                           	callstack 0
  3911  000F42                     _utoa:
  3912                           	callstack 21
  3913  000F42                     
  3914                           ;C:\Program Files\Microchip\xc8\v2.36\pic\sources\c99\common\doprnt.c: 615: static int u
      +                          toa(FILE *fp, unsigned long long d);C:\Program Files\Microchip\xc8\v2.36\pic\sources\c99
      +                          \common\doprnt.c: 616: {;C:\Program Files\Microchip\xc8\v2.36\pic\sources\c99\common\dop
      +                          rnt.c: 617:     int i, p, w;;C:\Program Files\Microchip\xc8\v2.36\pic\sources\c99\common
      +                          \doprnt.c: 618:     unsigned long long n;;C:\Program Files\Microchip\xc8\v2.36\pic\sourc
      +                          es\c99\common\doprnt.c: 621:     if (!(prec < 0)) {
  3915  000F42  0101               	movlb	1	; () banked
  3916  000F44  BFDB               	btfsc	(_prec+1)& (0+255),7,b
  3917  000F46  EFA7  F007         	goto	u3381
  3918  000F4A  EFA9  F007         	goto	u3380
  3919  000F4E                     u3381:
  3920  000F4E  EFAA  F007         	goto	l3275
  3921  000F52                     u3380:
  3922  000F52                     
  3923                           ; BSR set to: 1
  3924                           ;C:\Program Files\Microchip\xc8\v2.36\pic\sources\c99\common\doprnt.c: 622:         flag
      +                          s &= ~(1 << 1);
  3925  000F52  924F               	bcf	_flags^0,1,c
  3926  000F54                     l3275:
  3927                           
  3928                           ; BSR set to: 1
  3929                           ;C:\Program Files\Microchip\xc8\v2.36\pic\sources\c99\common\doprnt.c: 624:     p = (0 <
      +                           prec) ? prec : 1;
  3930  000F54  BFDB               	btfsc	(_prec+1)& (0+255),7,b
  3931  000F56  EFB7  F007         	goto	u3390
  3932  000F5A  51DB               	movf	(_prec+1)& (0+255),w,b
  3933  000F5C  E106               	bnz	u3391
  3934  000F5E  05DA               	decf	_prec& (0+255),w,b
  3935  000F60  B0D8               	btfsc	status,0,c
  3936  000F62  EFB5  F007         	goto	u3391
  3937  000F66  EFB7  F007         	goto	u3390
  3938  000F6A                     u3391:
  3939  000F6A  EFBD  F007         	goto	l1137
  3940  000F6E                     u3390:
  3941  000F6E                     
  3942                           ; BSR set to: 1
  3943  000F6E  0E00               	movlw	0
  3944  000F70  6E38               	movwf	(utoa@p+1)^0,c
  3945  000F72  0E01               	movlw	1
  3946  000F74  6E37               	movwf	utoa@p^0,c
  3947  000F76  EFC1  F007         	goto	l1139
  3948  000F7A                     l1137:
  3949                           
  3950                           ; BSR set to: 1
  3951  000F7A  C1DA  F037         	movff	_prec,utoa@p
  3952  000F7E  C1DB  F038         	movff	_prec+1,utoa@p+1
  3953  000F82                     l1139:
  3954                           
  3955                           ; BSR set to: 1
  3956                           ;C:\Program Files\Microchip\xc8\v2.36\pic\sources\c99\common\doprnt.c: 625:     w = widt
      +                          h;
  3957  000F82  C1D8  F039         	movff	_width,utoa@w
  3958  000F86  C1D9  F03A         	movff	_width+1,utoa@w+1
  3959                           
  3960                           ;C:\Program Files\Microchip\xc8\v2.36\pic\sources\c99\common\doprnt.c: 628:     n = d;
  3961  000F8A  C027  F03B         	movff	utoa@d,utoa@n
  3962  000F8E  C028  F03C         	movff	utoa@d+1,utoa@n+1
  3963  000F92  C029  F03D         	movff	utoa@d+2,utoa@n+2
  3964  000F96  C02A  F03E         	movff	utoa@d+3,utoa@n+3
  3965  000F9A  C02B  F03F         	movff	utoa@d+4,utoa@n+4
  3966  000F9E  C02C  F040         	movff	utoa@d+5,utoa@n+5
  3967  000FA2  C02D  F041         	movff	utoa@d+6,utoa@n+6
  3968  000FA6  C02E  F042         	movff	utoa@d+7,utoa@n+7
  3969  000FAA                     
  3970                           ; BSR set to: 1
  3971                           ;C:\Program Files\Microchip\xc8\v2.36\pic\sources\c99\common\doprnt.c: 629:     i = size
      +                          of(dbuf) - 1;
  3972  000FAA  0E00               	movlw	0
  3973  000FAC  6E44               	movwf	(utoa@i+1)^0,c
  3974  000FAE  0E1F               	movlw	31
  3975  000FB0  6E43               	movwf	utoa@i^0,c
  3976  000FB2                     
  3977                           ; BSR set to: 1
  3978                           ;C:\Program Files\Microchip\xc8\v2.36\pic\sources\c99\common\doprnt.c: 630:     dbuf[i] 
      +                          = '\0';
  3979  000FB2  0E00               	movlw	0
  3980  000FB4  6FFB               	movwf	(_dbuf+31)& (0+255),b
  3981                           
  3982                           ;C:\Program Files\Microchip\xc8\v2.36\pic\sources\c99\common\doprnt.c: 631:     while (i
      +                           && (n || (0 < p) || ((0 < w) && (flags & (1 << 1))))) {
  3983  000FB6  EF53  F008         	goto	l3293
  3984  000FBA                     l3283:
  3985                           
  3986                           ;C:\Program Files\Microchip\xc8\v2.36\pic\sources\c99\common\doprnt.c: 632:         --i;
  3987  000FBA  0643               	decf	utoa@i^0,f,c
  3988  000FBC  A0D8               	btfss	status,0,c
  3989  000FBE  0644               	decf	(utoa@i+1)^0,f,c
  3990  000FC0                     
  3991                           ;C:\Program Files\Microchip\xc8\v2.36\pic\sources\c99\common\doprnt.c: 633:         dbuf
      +                          [i] = '0' + (n % 10);
  3992  000FC0  0EDC               	movlw	low _dbuf
  3993  000FC2  2443               	addwf	utoa@i^0,w,c
  3994  000FC4  6ED9               	movwf	fsr2l,c
  3995  000FC6  0E01               	movlw	high _dbuf
  3996  000FC8  2044               	addwfc	(utoa@i+1)^0,w,c
  3997  000FCA  6EDA               	movwf	fsr2h,c
  3998  000FCC  C03B  F009         	movff	utoa@n,___lomod@dividend
  3999  000FD0  C03C  F00A         	movff	utoa@n+1,___lomod@dividend+1
  4000  000FD4  C03D  F00B         	movff	utoa@n+2,___lomod@dividend+2
  4001  000FD8  C03E  F00C         	movff	utoa@n+3,___lomod@dividend+3
  4002  000FDC  C03F  F00D         	movff	utoa@n+4,___lomod@dividend+4
  4003  000FE0  C040  F00E         	movff	utoa@n+5,___lomod@dividend+5
  4004  000FE4  C041  F00F         	movff	utoa@n+6,___lomod@dividend+6
  4005  000FE8  C042  F010         	movff	utoa@n+7,___lomod@dividend+7
  4006  000FEC  0E0A               	movlw	10
  4007  000FEE  6E11               	movwf	___lomod@divisor^0,c
  4008  000FF0  0E00               	movlw	0
  4009  000FF2  6E12               	movwf	(___lomod@divisor+1)^0,c
  4010  000FF4  0E00               	movlw	0
  4011  000FF6  6E13               	movwf	(___lomod@divisor+2)^0,c
  4012  000FF8  0E00               	movlw	0
  4013  000FFA  6E14               	movwf	(___lomod@divisor+3)^0,c
  4014  000FFC  0E00               	movlw	0
  4015  000FFE  6E15               	movwf	(___lomod@divisor+4)^0,c
  4016  001000  0E00               	movlw	0
  4017  001002  6E16               	movwf	(___lomod@divisor+5)^0,c
  4018  001004  0E00               	movlw	0
  4019  001006  6E17               	movwf	(___lomod@divisor+6)^0,c
  4020  001008  0E00               	movlw	0
  4021  00100A  6E18               	movwf	(___lomod@divisor+7)^0,c
  4022  00100C  ECB6  F00A         	call	___lomod	;wreg free
  4023  001010  C009  F02F         	movff	?___lomod,??_utoa
  4024  001014  C00A  F030         	movff	?___lomod+1,??_utoa+1
  4025  001018  C00B  F031         	movff	?___lomod+2,??_utoa+2
  4026  00101C  C00C  F032         	movff	?___lomod+3,??_utoa+3
  4027  001020  C00D  F033         	movff	?___lomod+4,??_utoa+4
  4028  001024  C00E  F034         	movff	?___lomod+5,??_utoa+5
  4029  001028  C00F  F035         	movff	?___lomod+6,??_utoa+6
  4030  00102C  C010  F036         	movff	?___lomod+7,??_utoa+7
  4031  001030  502F               	movf	??_utoa^0,w,c
  4032  001032  0F30               	addlw	48
  4033  001034  6EDF               	movwf	indf2,c
  4034  001036                     
  4035                           ;C:\Program Files\Microchip\xc8\v2.36\pic\sources\c99\common\doprnt.c: 634:         --p;
  4036  001036  0637               	decf	utoa@p^0,f,c
  4037  001038  A0D8               	btfss	status,0,c
  4038  00103A  0638               	decf	(utoa@p+1)^0,f,c
  4039  00103C                     
  4040                           ;C:\Program Files\Microchip\xc8\v2.36\pic\sources\c99\common\doprnt.c: 635:         --w;
  4041  00103C  0639               	decf	utoa@w^0,f,c
  4042  00103E  A0D8               	btfss	status,0,c
  4043  001040  063A               	decf	(utoa@w+1)^0,f,c
  4044  001042                     
  4045                           ;C:\Program Files\Microchip\xc8\v2.36\pic\sources\c99\common\doprnt.c: 636:         n = 
      +                          n / 10;
  4046  001042  C03B  F009         	movff	utoa@n,___lodiv@dividend
  4047  001046  C03C  F00A         	movff	utoa@n+1,___lodiv@dividend+1
  4048  00104A  C03D  F00B         	movff	utoa@n+2,___lodiv@dividend+2
  4049  00104E  C03E  F00C         	movff	utoa@n+3,___lodiv@dividend+3
  4050  001052  C03F  F00D         	movff	utoa@n+4,___lodiv@dividend+4
  4051  001056  C040  F00E         	movff	utoa@n+5,___lodiv@dividend+5
  4052  00105A  C041  F00F         	movff	utoa@n+6,___lodiv@dividend+6
  4053  00105E  C042  F010         	movff	utoa@n+7,___lodiv@dividend+7
  4054  001062  0E0A               	movlw	10
  4055  001064  6E11               	movwf	___lodiv@divisor^0,c
  4056  001066  0E00               	movlw	0
  4057  001068  6E12               	movwf	(___lodiv@divisor+1)^0,c
  4058  00106A  0E00               	movlw	0
  4059  00106C  6E13               	movwf	(___lodiv@divisor+2)^0,c
  4060  00106E  0E00               	movlw	0
  4061  001070  6E14               	movwf	(___lodiv@divisor+3)^0,c
  4062  001072  0E00               	movlw	0
  4063  001074  6E15               	movwf	(___lodiv@divisor+4)^0,c
  4064  001076  0E00               	movlw	0
  4065  001078  6E16               	movwf	(___lodiv@divisor+5)^0,c
  4066  00107A  0E00               	movlw	0
  4067  00107C  6E17               	movwf	(___lodiv@divisor+6)^0,c
  4068  00107E  0E00               	movlw	0
  4069  001080  6E18               	movwf	(___lodiv@divisor+7)^0,c
  4070  001082  EC62  F009         	call	___lodiv	;wreg free
  4071  001086  C009  F03B         	movff	?___lodiv,utoa@n
  4072  00108A  C00A  F03C         	movff	?___lodiv+1,utoa@n+1
  4073  00108E  C00B  F03D         	movff	?___lodiv+2,utoa@n+2
  4074  001092  C00C  F03E         	movff	?___lodiv+3,utoa@n+3
  4075  001096  C00D  F03F         	movff	?___lodiv+4,utoa@n+4
  4076  00109A  C00E  F040         	movff	?___lodiv+5,utoa@n+5
  4077  00109E  C00F  F041         	movff	?___lodiv+6,utoa@n+6
  4078  0010A2  C010  F042         	movff	?___lodiv+7,utoa@n+7
  4079  0010A6                     l3293:
  4080                           
  4081                           ;C:\Program Files\Microchip\xc8\v2.36\pic\sources\c99\common\doprnt.c: 631:     while (i
      +                           && (n || (0 < p) || ((0 < w) && (flags & (1 << 1))))) {
  4082  0010A6  5043               	movf	utoa@i^0,w,c
  4083  0010A8  1044               	iorwf	(utoa@i+1)^0,w,c
  4084  0010AA  B4D8               	btfsc	status,2,c
  4085  0010AC  EF5A  F008         	goto	u3401
  4086  0010B0  EF5C  F008         	goto	u3400
  4087  0010B4                     u3401:
  4088  0010B4  EF8C  F008         	goto	l3303
  4089  0010B8                     u3400:
  4090  0010B8  503B               	movf	utoa@n^0,w,c
  4091  0010BA  103C               	iorwf	(utoa@n+1)^0,w,c
  4092  0010BC  103D               	iorwf	(utoa@n+2)^0,w,c
  4093  0010BE  103E               	iorwf	(utoa@n+3)^0,w,c
  4094  0010C0  103F               	iorwf	(utoa@n+4)^0,w,c
  4095  0010C2  1040               	iorwf	(utoa@n+5)^0,w,c
  4096  0010C4  1041               	iorwf	(utoa@n+6)^0,w,c
  4097  0010C6  1042               	iorwf	(utoa@n+7)^0,w,c
  4098  0010C8  A4D8               	btfss	status,2,c
  4099  0010CA  EF69  F008         	goto	u3411
  4100  0010CE  EF6B  F008         	goto	u3410
  4101  0010D2                     u3411:
  4102  0010D2  EFDD  F007         	goto	l3283
  4103  0010D6                     u3410:
  4104  0010D6  BE38               	btfsc	(utoa@p+1)^0,7,c
  4105  0010D8  EF78  F008         	goto	u3420
  4106  0010DC  5038               	movf	(utoa@p+1)^0,w,c
  4107  0010DE  E106               	bnz	u3421
  4108  0010E0  0437               	decf	utoa@p^0,w,c
  4109  0010E2  B0D8               	btfsc	status,0,c
  4110  0010E4  EF76  F008         	goto	u3421
  4111  0010E8  EF78  F008         	goto	u3420
  4112  0010EC                     u3421:
  4113  0010EC  EFDD  F007         	goto	l3283
  4114  0010F0                     u3420:
  4115  0010F0  BE3A               	btfsc	(utoa@w+1)^0,7,c
  4116  0010F2  EF83  F008         	goto	u3431
  4117  0010F6  503A               	movf	(utoa@w+1)^0,w,c
  4118  0010F8  E108               	bnz	u3430
  4119  0010FA  0439               	decf	utoa@w^0,w,c
  4120  0010FC  A0D8               	btfss	status,0,c
  4121  0010FE  EF83  F008         	goto	u3431
  4122  001102  EF85  F008         	goto	u3430
  4123  001106                     u3431:
  4124  001106  EF8C  F008         	goto	l3303
  4125  00110A                     u3430:
  4126  00110A  B24F               	btfsc	_flags^0,1,c
  4127  00110C  EF8A  F008         	goto	u3441
  4128  001110  EF8C  F008         	goto	u3440
  4129  001114                     u3441:
  4130  001114  EFDD  F007         	goto	l3283
  4131  001118                     u3440:
  4132  001118                     l3303:
  4133                           
  4134                           ;C:\Program Files\Microchip\xc8\v2.36\pic\sources\c99\common\doprnt.c: 640:     return p
      +                          ad(fp, &dbuf[i], w);
  4135  001118  C025  F01A         	movff	utoa@fp,pad@fp
  4136  00111C  C026  F01B         	movff	utoa@fp+1,pad@fp+1
  4137  001120  0EDC               	movlw	low _dbuf
  4138  001122  2443               	addwf	utoa@i^0,w,c
  4139  001124  6E1C               	movwf	pad@buf^0,c
  4140  001126  0E01               	movlw	high _dbuf
  4141  001128  2044               	addwfc	(utoa@i+1)^0,w,c
  4142  00112A  6E1D               	movwf	(pad@buf+1)^0,c
  4143  00112C  C039  F01E         	movff	utoa@w,pad@p
  4144  001130  C03A  F01F         	movff	utoa@w+1,pad@p+1
  4145  001134  EC83  F00B         	call	_pad	;wreg free
  4146  001138  C01A  F025         	movff	?_pad,?_utoa
  4147  00113C  C01B  F026         	movff	?_pad+1,?_utoa+1
  4148  001140  0012               	return		;funcret
  4149  001142                     __end_of_utoa:
  4150                           	callstack 0
  4151                           
  4152 ;; *************** function _pad *****************
  4153 ;; Defined at:
  4154 ;;		line 72 in file "C:\Program Files\Microchip\xc8\v2.36\pic\sources\c99\common\doprnt.c"
  4155 ;; Parameters:    Size  Location     Type
  4156 ;;  fp              2   25[COMRAM] PTR struct _IO_FILE
  4157 ;;		 -> NULL(0), sprintf@f(11), 
  4158 ;;  buf             2   27[COMRAM] PTR unsigned char 
  4159 ;;		 -> dbuf(32), 
  4160 ;;  p               2   29[COMRAM] int 
  4161 ;; Auto vars:     Size  Location     Type
  4162 ;;  w               2   34[COMRAM] int 
  4163 ;;  i               2   32[COMRAM] int 
  4164 ;; Return value:  Size  Location     Type
  4165 ;;                  2   25[COMRAM] int 
  4166 ;; Registers used:
  4167 ;;		wreg, fsr1l, fsr1h, fsr2l, fsr2h, status,2, status,0, cstack
  4168 ;; Tracked objects:
  4169 ;;		On entry : 0/0
  4170 ;;		On exit  : 0/0
  4171 ;;		Unchanged: 0/0
  4172 ;; Data sizes:     COMRAM   BANK0   BANK1   BANK2   BANK3   BANK4   BANK5   BANK6   BANK7   BANK8   BANK9  BANK10  BANK1
      +1  BANK12  BANK13  BANK14  BANK15
  4173 ;;      Params:         6       0       0       0       0       0       0       0       0       0       0       0       
      +0       0       0       0       0
  4174 ;;      Locals:         4       0       0       0       0       0       0       0       0       0       0       0       
      +0       0       0       0       0
  4175 ;;      Temps:          1       0       0       0       0       0       0       0       0       0       0       0       
      +0       0       0       0       0
  4176 ;;      Totals:        11       0       0       0       0       0       0       0       0       0       0       0       
      +0       0       0       0       0
  4177 ;;Total ram usage:       11 bytes
  4178 ;; Hardware stack levels used: 1
  4179 ;; Hardware stack levels required when called: 5
  4180 ;; This function calls:
  4181 ;;		_fputc
  4182 ;;		_fputs
  4183 ;;		_strlen
  4184 ;; This function is called by:
  4185 ;;		_utoa
  4186 ;; This function uses a non-reentrant model
  4187 ;;
  4188                           
  4189                           	psect	text10
  4190  001706                     __ptext10:
  4191                           	callstack 0
  4192  001706                     _pad:
  4193                           	callstack 21
  4194  001706                     
  4195                           ;C:\Program Files\Microchip\xc8\v2.36\pic\sources\c99\common\doprnt.c: 72: static int pa
      +                          d(FILE *fp, char *buf, int p);C:\Program Files\Microchip\xc8\v2.36\pic\sources\c99\commo
      +                          n\doprnt.c: 73: {;C:\Program Files\Microchip\xc8\v2.36\pic\sources\c99\common\doprnt.c: 
      +                          74:     int i, w;;C:\Program Files\Microchip\xc8\v2.36\pic\sources\c99\common\doprnt.c: 
      +                          77:     if (flags & (1 << 0)) {
  4196  001706  A04F               	btfss	_flags^0,0,c
  4197  001708  EF88  F00B         	goto	u3251
  4198  00170C  EF8A  F00B         	goto	u3250
  4199  001710                     u3251:
  4200  001710  EF94  F00B         	goto	l3211
  4201  001714                     u3250:
  4202  001714                     
  4203                           ;C:\Program Files\Microchip\xc8\v2.36\pic\sources\c99\common\doprnt.c: 78:         fputs
      +                          ((const char *)buf, fp);
  4204  001714  C01C  F013         	movff	pad@buf,fputs@s
  4205  001718  C01D  F014         	movff	pad@buf+1,fputs@s+1
  4206  00171C  C01A  F015         	movff	pad@fp,fputs@fp
  4207  001720  C01B  F016         	movff	pad@fp+1,fputs@fp+1
  4208  001724  ECF0  F00D         	call	_fputs	;wreg free
  4209  001728                     l3211:
  4210                           
  4211                           ;C:\Program Files\Microchip\xc8\v2.36\pic\sources\c99\common\doprnt.c: 82:     w = (p < 
      +                          0) ? 0 : p;
  4212  001728  BE1F               	btfsc	(pad@p+1)^0,7,c
  4213  00172A  EF99  F00B         	goto	u3261
  4214  00172E  EF9B  F00B         	goto	u3260
  4215  001732                     u3261:
  4216  001732  EFA1  F00B         	goto	l3215
  4217  001736                     u3260:
  4218  001736  C01E  F023         	movff	pad@p,pad@w
  4219  00173A  C01F  F024         	movff	pad@p+1,pad@w+1
  4220  00173E  EFA5  F00B         	goto	l1104
  4221  001742                     l3215:
  4222  001742  0E00               	movlw	0
  4223  001744  6E24               	movwf	(pad@w+1)^0,c
  4224  001746  0E00               	movlw	0
  4225  001748  6E23               	movwf	pad@w^0,c
  4226  00174A                     l1104:
  4227                           
  4228                           ;C:\Program Files\Microchip\xc8\v2.36\pic\sources\c99\common\doprnt.c: 83:     i = 0;
  4229  00174A  0E00               	movlw	0
  4230  00174C  6E22               	movwf	(pad@i+1)^0,c
  4231  00174E  0E00               	movlw	0
  4232  001750  6E21               	movwf	pad@i^0,c
  4233                           
  4234                           ;C:\Program Files\Microchip\xc8\v2.36\pic\sources\c99\common\doprnt.c: 84:     while (i 
      +                          < w) {
  4235  001752  EFB7  F00B         	goto	l3221
  4236  001756                     l3217:
  4237                           
  4238                           ;C:\Program Files\Microchip\xc8\v2.36\pic\sources\c99\common\doprnt.c: 85:         fputc
      +                          (' ', fp);
  4239  001756  0E00               	movlw	0
  4240  001758  6E0B               	movwf	(fputc@c+1)^0,c
  4241  00175A  0E20               	movlw	32
  4242  00175C  6E0A               	movwf	fputc@c^0,c
  4243  00175E  C01A  F00C         	movff	pad@fp,fputc@fp
  4244  001762  C01B  F00D         	movff	pad@fp+1,fputc@fp+1
  4245  001766  EC1E  F00B         	call	_fputc	;wreg free
  4246  00176A                     
  4247                           ;C:\Program Files\Microchip\xc8\v2.36\pic\sources\c99\common\doprnt.c: 86:         ++i;
  4248  00176A  4A21               	infsnz	pad@i^0,f,c
  4249  00176C  2A22               	incf	(pad@i+1)^0,f,c
  4250  00176E                     l3221:
  4251                           
  4252                           ;C:\Program Files\Microchip\xc8\v2.36\pic\sources\c99\common\doprnt.c: 84:     while (i 
      +                          < w) {
  4253  00176E  5023               	movf	pad@w^0,w,c
  4254  001770  5C21               	subwf	pad@i^0,w,c
  4255  001772  5022               	movf	(pad@i+1)^0,w,c
  4256  001774  0A80               	xorlw	128
  4257  001776  6E20               	movwf	??_pad^0,c
  4258  001778  5024               	movf	(pad@w+1)^0,w,c
  4259  00177A  0A80               	xorlw	128
  4260  00177C  5820               	subwfb	??_pad^0,w,c
  4261  00177E  A0D8               	btfss	status,0,c
  4262  001780  EFC4  F00B         	goto	u3271
  4263  001784  EFC6  F00B         	goto	u3270
  4264  001788                     u3271:
  4265  001788  EFAB  F00B         	goto	l3217
  4266  00178C                     u3270:
  4267  00178C                     
  4268                           ;C:\Program Files\Microchip\xc8\v2.36\pic\sources\c99\common\doprnt.c: 90:     if (!(fla
      +                          gs & (1 << 0))) {
  4269  00178C  B04F               	btfsc	_flags^0,0,c
  4270  00178E  EFCB  F00B         	goto	u3281
  4271  001792  EFCD  F00B         	goto	u3280
  4272  001796                     u3281:
  4273  001796  EFD7  F00B         	goto	l3225
  4274  00179A                     u3280:
  4275  00179A                     
  4276                           ;C:\Program Files\Microchip\xc8\v2.36\pic\sources\c99\common\doprnt.c: 91:         fputs
      +                          ((const char *)buf, fp);
  4277  00179A  C01C  F013         	movff	pad@buf,fputs@s
  4278  00179E  C01D  F014         	movff	pad@buf+1,fputs@s+1
  4279  0017A2  C01A  F015         	movff	pad@fp,fputs@fp
  4280  0017A6  C01B  F016         	movff	pad@fp+1,fputs@fp+1
  4281  0017AA  ECF0  F00D         	call	_fputs	;wreg free
  4282  0017AE                     l3225:
  4283                           
  4284                           ;C:\Program Files\Microchip\xc8\v2.36\pic\sources\c99\common\doprnt.c: 94:     return (i
      +                          nt)(strlen(buf) + (size_t)w);
  4285  0017AE  C01C  F009         	movff	pad@buf,strlen@s
  4286  0017B2  C01D  F00A         	movff	pad@buf+1,strlen@s+1
  4287  0017B6  EC6A  F00E         	call	_strlen	;wreg free
  4288  0017BA  5023               	movf	pad@w^0,w,c
  4289  0017BC  2409               	addwf	?_strlen^0,w,c
  4290  0017BE  6E1A               	movwf	?_pad^0,c
  4291  0017C0  5024               	movf	(pad@w+1)^0,w,c
  4292  0017C2  200A               	addwfc	(?_strlen+1)^0,w,c
  4293  0017C4  6E1B               	movwf	(?_pad+1)^0,c
  4294  0017C6  0012               	return		;funcret
  4295  0017C8                     __end_of_pad:
  4296                           	callstack 0
  4297                           
  4298 ;; *************** function _fputs *****************
  4299 ;; Defined at:
  4300 ;;		line 8 in file "C:\Program Files\Microchip\xc8\v2.36\pic\sources\c99\common\nf_fputs.c"
  4301 ;; Parameters:    Size  Location     Type
  4302 ;;  s               2   18[COMRAM] PTR const unsigned char 
  4303 ;;		 -> dbuf(32), 
  4304 ;;  fp              2   20[COMRAM] PTR struct _IO_FILE
  4305 ;;		 -> NULL(0), sprintf@f(11), 
  4306 ;; Auto vars:     Size  Location     Type
  4307 ;;  i               2   23[COMRAM] int 
  4308 ;;  c               1   22[COMRAM] unsigned char 
  4309 ;; Return value:  Size  Location     Type
  4310 ;;                  2   18[COMRAM] int 
  4311 ;; Registers used:
  4312 ;;		wreg, fsr1l, fsr1h, fsr2l, fsr2h, status,2, status,0, cstack
  4313 ;; Tracked objects:
  4314 ;;		On entry : 0/0
  4315 ;;		On exit  : 0/0
  4316 ;;		Unchanged: 0/0
  4317 ;; Data sizes:     COMRAM   BANK0   BANK1   BANK2   BANK3   BANK4   BANK5   BANK6   BANK7   BANK8   BANK9  BANK10  BANK1
      +1  BANK12  BANK13  BANK14  BANK15
  4318 ;;      Params:         4       0       0       0       0       0       0       0       0       0       0       0       
      +0       0       0       0       0
  4319 ;;      Locals:         3       0       0       0       0       0       0       0       0       0       0       0       
      +0       0       0       0       0
  4320 ;;      Temps:          0       0       0       0       0       0       0       0       0       0       0       0       
      +0       0       0       0       0
  4321 ;;      Totals:         7       0       0       0       0       0       0       0       0       0       0       0       
      +0       0       0       0       0
  4322 ;;Total ram usage:        7 bytes
  4323 ;; Hardware stack levels used: 1
  4324 ;; Hardware stack levels required when called: 4
  4325 ;; This function calls:
  4326 ;;		_fputc
  4327 ;; This function is called by:
  4328 ;;		_pad
  4329 ;; This function uses a non-reentrant model
  4330 ;;
  4331                           
  4332                           	psect	text11
  4333  001BE0                     __ptext11:
  4334                           	callstack 0
  4335  001BE0                     _fputs:
  4336                           	callstack 21
  4337  001BE0  0E00               	movlw	0
  4338  001BE2  6E19               	movwf	(fputs@i+1)^0,c
  4339  001BE4  0E00               	movlw	0
  4340  001BE6  6E18               	movwf	fputs@i^0,c
  4341  001BE8  EF01  F00E         	goto	l3157
  4342  001BEC                     l3153:
  4343  001BEC  C017  F00A         	movff	fputs@c,fputc@c
  4344  001BF0  6A0B               	clrf	(fputc@c+1)^0,c
  4345  001BF2  C015  F00C         	movff	fputs@fp,fputc@fp
  4346  001BF6  C016  F00D         	movff	fputs@fp+1,fputc@fp+1
  4347  001BFA  EC1E  F00B         	call	_fputc	;wreg free
  4348  001BFE  4A18               	infsnz	fputs@i^0,f,c
  4349  001C00  2A19               	incf	(fputs@i+1)^0,f,c
  4350  001C02                     l3157:
  4351  001C02  5018               	movf	fputs@i^0,w,c
  4352  001C04  2413               	addwf	fputs@s^0,w,c
  4353  001C06  6ED9               	movwf	fsr2l,c
  4354  001C08  5019               	movf	(fputs@i+1)^0,w,c
  4355  001C0A  2014               	addwfc	(fputs@s+1)^0,w,c
  4356  001C0C  6EDA               	movwf	fsr2h,c
  4357  001C0E  50DF               	movf	indf2,w,c
  4358  001C10  6E17               	movwf	fputs@c^0,c
  4359  001C12  5017               	movf	fputs@c^0,w,c
  4360  001C14  A4D8               	btfss	status,2,c
  4361  001C16  EF0F  F00E         	goto	u3161
  4362  001C1A  EF11  F00E         	goto	u3160
  4363  001C1E                     u3161:
  4364  001C1E  EFF6  F00D         	goto	l3153
  4365  001C22                     u3160:
  4366  001C22  0012               	return		;funcret
  4367  001C24                     __end_of_fputs:
  4368                           	callstack 0
  4369                           
  4370 ;; *************** function ___lomod *****************
  4371 ;; Defined at:
  4372 ;;		line 9 in file "C:\Program Files\Microchip\xc8\v2.36\pic\sources\c99\common\lomod.c"
  4373 ;; Parameters:    Size  Location     Type
  4374 ;;  dividend        8    8[COMRAM] unsigned long long 
  4375 ;;  divisor         8   16[COMRAM] unsigned long long 
  4376 ;; Auto vars:     Size  Location     Type
  4377 ;;  counter         1   24[COMRAM] unsigned char 
  4378 ;; Return value:  Size  Location     Type
  4379 ;;                  8    8[COMRAM] unsigned long long 
  4380 ;; Registers used:
  4381 ;;		wreg, status,2, status,0
  4382 ;; Tracked objects:
  4383 ;;		On entry : 0/0
  4384 ;;		On exit  : 0/0
  4385 ;;		Unchanged: 0/0
  4386 ;; Data sizes:     COMRAM   BANK0   BANK1   BANK2   BANK3   BANK4   BANK5   BANK6   BANK7   BANK8   BANK9  BANK10  BANK1
      +1  BANK12  BANK13  BANK14  BANK15
  4387 ;;      Params:        16       0       0       0       0       0       0       0       0       0       0       0       
      +0       0       0       0       0
  4388 ;;      Locals:         1       0       0       0       0       0       0       0       0       0       0       0       
      +0       0       0       0       0
  4389 ;;      Temps:          0       0       0       0       0       0       0       0       0       0       0       0       
      +0       0       0       0       0
  4390 ;;      Totals:        17       0       0       0       0       0       0       0       0       0       0       0       
      +0       0       0       0       0
  4391 ;;Total ram usage:       17 bytes
  4392 ;; Hardware stack levels used: 1
  4393 ;; Hardware stack levels required when called: 2
  4394 ;; This function calls:
  4395 ;;		Nothing
  4396 ;; This function is called by:
  4397 ;;		_utoa
  4398 ;; This function uses a non-reentrant model
  4399 ;;
  4400                           
  4401                           	psect	text12
  4402  00156C                     __ptext12:
  4403                           	callstack 0
  4404  00156C                     ___lomod:
  4405                           	callstack 24
  4406  00156C  5011               	movf	___lomod@divisor^0,w,c
  4407  00156E  1012               	iorwf	(___lomod@divisor+1)^0,w,c
  4408  001570  1013               	iorwf	(___lomod@divisor+2)^0,w,c
  4409  001572  1014               	iorwf	(___lomod@divisor+3)^0,w,c
  4410  001574  1015               	iorwf	(___lomod@divisor+4)^0,w,c
  4411  001576  1016               	iorwf	(___lomod@divisor+5)^0,w,c
  4412  001578  1017               	iorwf	(___lomod@divisor+6)^0,w,c
  4413  00157A  1018               	iorwf	(___lomod@divisor+7)^0,w,c
  4414  00157C  B4D8               	btfsc	status,2,c
  4415  00157E  EFC3  F00A         	goto	u3221
  4416  001582  EFC5  F00A         	goto	u3220
  4417  001586                     u3221:
  4418  001586  EF0D  F00B         	goto	l847
  4419  00158A                     u3220:
  4420  00158A  0E01               	movlw	1
  4421  00158C  6E19               	movwf	___lomod@counter^0,c
  4422  00158E  EFD3  F00A         	goto	l3197
  4423  001592                     l3195:
  4424  001592  90D8               	bcf	status,0,c
  4425  001594  3611               	rlcf	___lomod@divisor^0,f,c
  4426  001596  3612               	rlcf	(___lomod@divisor+1)^0,f,c
  4427  001598  3613               	rlcf	(___lomod@divisor+2)^0,f,c
  4428  00159A  3614               	rlcf	(___lomod@divisor+3)^0,f,c
  4429  00159C  3615               	rlcf	(___lomod@divisor+4)^0,f,c
  4430  00159E  3616               	rlcf	(___lomod@divisor+5)^0,f,c
  4431  0015A0  3617               	rlcf	(___lomod@divisor+6)^0,f,c
  4432  0015A2  3618               	rlcf	(___lomod@divisor+7)^0,f,c
  4433  0015A4  2A19               	incf	___lomod@counter^0,f,c
  4434  0015A6                     l3197:
  4435  0015A6  AE18               	btfss	(___lomod@divisor+7)^0,7,c
  4436  0015A8  EFD8  F00A         	goto	u3231
  4437  0015AC  EFDA  F00A         	goto	u3230
  4438  0015B0                     u3231:
  4439  0015B0  EFC9  F00A         	goto	l3195
  4440  0015B4                     u3230:
  4441  0015B4                     l3199:
  4442  0015B4  5011               	movf	___lomod@divisor^0,w,c
  4443  0015B6  5C09               	subwf	___lomod@dividend^0,w,c
  4444  0015B8  5012               	movf	(___lomod@divisor+1)^0,w,c
  4445  0015BA  580A               	subwfb	(___lomod@dividend+1)^0,w,c
  4446  0015BC  5013               	movf	(___lomod@divisor+2)^0,w,c
  4447  0015BE  580B               	subwfb	(___lomod@dividend+2)^0,w,c
  4448  0015C0  5014               	movf	(___lomod@divisor+3)^0,w,c
  4449  0015C2  580C               	subwfb	(___lomod@dividend+3)^0,w,c
  4450  0015C4  5015               	movf	(___lomod@divisor+4)^0,w,c
  4451  0015C6  580D               	subwfb	(___lomod@dividend+4)^0,w,c
  4452  0015C8  5016               	movf	(___lomod@divisor+5)^0,w,c
  4453  0015CA  580E               	subwfb	(___lomod@dividend+5)^0,w,c
  4454  0015CC  5017               	movf	(___lomod@divisor+6)^0,w,c
  4455  0015CE  580F               	subwfb	(___lomod@dividend+6)^0,w,c
  4456  0015D0  5018               	movf	(___lomod@divisor+7)^0,w,c
  4457  0015D2  5810               	subwfb	(___lomod@dividend+7)^0,w,c
  4458  0015D4  A0D8               	btfss	status,0,c
  4459  0015D6  EFEF  F00A         	goto	u3241
  4460  0015DA  EFF1  F00A         	goto	u3240
  4461  0015DE                     u3241:
  4462  0015DE  EF01  F00B         	goto	l3203
  4463  0015E2                     u3240:
  4464  0015E2  5011               	movf	___lomod@divisor^0,w,c
  4465  0015E4  5E09               	subwf	___lomod@dividend^0,f,c
  4466  0015E6  5012               	movf	(___lomod@divisor+1)^0,w,c
  4467  0015E8  5A0A               	subwfb	(___lomod@dividend+1)^0,f,c
  4468  0015EA  5013               	movf	(___lomod@divisor+2)^0,w,c
  4469  0015EC  5A0B               	subwfb	(___lomod@dividend+2)^0,f,c
  4470  0015EE  5014               	movf	(___lomod@divisor+3)^0,w,c
  4471  0015F0  5A0C               	subwfb	(___lomod@dividend+3)^0,f,c
  4472  0015F2  5015               	movf	(___lomod@divisor+4)^0,w,c
  4473  0015F4  5A0D               	subwfb	(___lomod@dividend+4)^0,f,c
  4474  0015F6  5016               	movf	(___lomod@divisor+5)^0,w,c
  4475  0015F8  5A0E               	subwfb	(___lomod@dividend+5)^0,f,c
  4476  0015FA  5017               	movf	(___lomod@divisor+6)^0,w,c
  4477  0015FC  5A0F               	subwfb	(___lomod@dividend+6)^0,f,c
  4478  0015FE  5018               	movf	(___lomod@divisor+7)^0,w,c
  4479  001600  5A10               	subwfb	(___lomod@dividend+7)^0,f,c
  4480  001602                     l3203:
  4481  001602  90D8               	bcf	status,0,c
  4482  001604  3218               	rrcf	(___lomod@divisor+7)^0,f,c
  4483  001606  3217               	rrcf	(___lomod@divisor+6)^0,f,c
  4484  001608  3216               	rrcf	(___lomod@divisor+5)^0,f,c
  4485  00160A  3215               	rrcf	(___lomod@divisor+4)^0,f,c
  4486  00160C  3214               	rrcf	(___lomod@divisor+3)^0,f,c
  4487  00160E  3213               	rrcf	(___lomod@divisor+2)^0,f,c
  4488  001610  3212               	rrcf	(___lomod@divisor+1)^0,f,c
  4489  001612  3211               	rrcf	___lomod@divisor^0,f,c
  4490  001614  2E19               	decfsz	___lomod@counter^0,f,c
  4491  001616  EFDA  F00A         	goto	l3199
  4492  00161A                     l847:
  4493  00161A  C009  F009         	movff	___lomod@dividend,?___lomod
  4494  00161E  C00A  F00A         	movff	___lomod@dividend+1,?___lomod+1
  4495  001622  C00B  F00B         	movff	___lomod@dividend+2,?___lomod+2
  4496  001626  C00C  F00C         	movff	___lomod@dividend+3,?___lomod+3
  4497  00162A  C00D  F00D         	movff	___lomod@dividend+4,?___lomod+4
  4498  00162E  C00E  F00E         	movff	___lomod@dividend+5,?___lomod+5
  4499  001632  C00F  F00F         	movff	___lomod@dividend+6,?___lomod+6
  4500  001636  C010  F010         	movff	___lomod@dividend+7,?___lomod+7
  4501  00163A  0012               	return		;funcret
  4502  00163C                     __end_of___lomod:
  4503                           	callstack 0
  4504                           
  4505 ;; *************** function ___lodiv *****************
  4506 ;; Defined at:
  4507 ;;		line 9 in file "C:\Program Files\Microchip\xc8\v2.36\pic\sources\c99\common\lodiv.c"
  4508 ;; Parameters:    Size  Location     Type
  4509 ;;  dividend        8    8[COMRAM] unsigned long long 
  4510 ;;  divisor         8   16[COMRAM] unsigned long long 
  4511 ;; Auto vars:     Size  Location     Type
  4512 ;;  quotient        8   24[COMRAM] unsigned long long 
  4513 ;;  counter         1   32[COMRAM] unsigned char 
  4514 ;; Return value:  Size  Location     Type
  4515 ;;                  8    8[COMRAM] unsigned long long 
  4516 ;; Registers used:
  4517 ;;		wreg, fsr2l, fsr2h, status,2, status,0
  4518 ;; Tracked objects:
  4519 ;;		On entry : 0/0
  4520 ;;		On exit  : 0/0
  4521 ;;		Unchanged: 0/0
  4522 ;; Data sizes:     COMRAM   BANK0   BANK1   BANK2   BANK3   BANK4   BANK5   BANK6   BANK7   BANK8   BANK9  BANK10  BANK1
      +1  BANK12  BANK13  BANK14  BANK15
  4523 ;;      Params:        16       0       0       0       0       0       0       0       0       0       0       0       
      +0       0       0       0       0
  4524 ;;      Locals:         9       0       0       0       0       0       0       0       0       0       0       0       
      +0       0       0       0       0
  4525 ;;      Temps:          0       0       0       0       0       0       0       0       0       0       0       0       
      +0       0       0       0       0
  4526 ;;      Totals:        25       0       0       0       0       0       0       0       0       0       0       0       
      +0       0       0       0       0
  4527 ;;Total ram usage:       25 bytes
  4528 ;; Hardware stack levels used: 1
  4529 ;; Hardware stack levels required when called: 2
  4530 ;; This function calls:
  4531 ;;		Nothing
  4532 ;; This function is called by:
  4533 ;;		_utoa
  4534 ;; This function uses a non-reentrant model
  4535 ;;
  4536                           
  4537                           	psect	text13
  4538  0012C4                     __ptext13:
  4539                           	callstack 0
  4540  0012C4                     ___lodiv:
  4541                           	callstack 24
  4542  0012C4  EE20  F019         	lfsr	2,___lodiv@quotient
  4543  0012C8  0E07               	movlw	7
  4544  0012CA                     u3181:
  4545  0012CA  6ADE               	clrf	postinc2,c
  4546  0012CC  06E8               	decf	wreg,f,c
  4547  0012CE  E2FD               	bc	u3181
  4548  0012D0  5011               	movf	___lodiv@divisor^0,w,c
  4549  0012D2  1012               	iorwf	(___lodiv@divisor+1)^0,w,c
  4550  0012D4  1013               	iorwf	(___lodiv@divisor+2)^0,w,c
  4551  0012D6  1014               	iorwf	(___lodiv@divisor+3)^0,w,c
  4552  0012D8  1015               	iorwf	(___lodiv@divisor+4)^0,w,c
  4553  0012DA  1016               	iorwf	(___lodiv@divisor+5)^0,w,c
  4554  0012DC  1017               	iorwf	(___lodiv@divisor+6)^0,w,c
  4555  0012DE  1018               	iorwf	(___lodiv@divisor+7)^0,w,c
  4556  0012E0  B4D8               	btfsc	status,2,c
  4557  0012E2  EF75  F009         	goto	u3191
  4558  0012E6  EF77  F009         	goto	u3190
  4559  0012EA                     u3191:
  4560  0012EA  EFC9  F009         	goto	l837
  4561  0012EE                     u3190:
  4562  0012EE  0E01               	movlw	1
  4563  0012F0  6E21               	movwf	___lodiv@counter^0,c
  4564  0012F2  EF85  F009         	goto	l3177
  4565  0012F6                     l3175:
  4566  0012F6  90D8               	bcf	status,0,c
  4567  0012F8  3611               	rlcf	___lodiv@divisor^0,f,c
  4568  0012FA  3612               	rlcf	(___lodiv@divisor+1)^0,f,c
  4569  0012FC  3613               	rlcf	(___lodiv@divisor+2)^0,f,c
  4570  0012FE  3614               	rlcf	(___lodiv@divisor+3)^0,f,c
  4571  001300  3615               	rlcf	(___lodiv@divisor+4)^0,f,c
  4572  001302  3616               	rlcf	(___lodiv@divisor+5)^0,f,c
  4573  001304  3617               	rlcf	(___lodiv@divisor+6)^0,f,c
  4574  001306  3618               	rlcf	(___lodiv@divisor+7)^0,f,c
  4575  001308  2A21               	incf	___lodiv@counter^0,f,c
  4576  00130A                     l3177:
  4577  00130A  AE18               	btfss	(___lodiv@divisor+7)^0,7,c
  4578  00130C  EF8A  F009         	goto	u3201
  4579  001310  EF8C  F009         	goto	u3200
  4580  001314                     u3201:
  4581  001314  EF7B  F009         	goto	l3175
  4582  001318                     u3200:
  4583  001318                     l3179:
  4584  001318  90D8               	bcf	status,0,c
  4585  00131A  3619               	rlcf	___lodiv@quotient^0,f,c
  4586  00131C  361A               	rlcf	(___lodiv@quotient+1)^0,f,c
  4587  00131E  361B               	rlcf	(___lodiv@quotient+2)^0,f,c
  4588  001320  361C               	rlcf	(___lodiv@quotient+3)^0,f,c
  4589  001322  361D               	rlcf	(___lodiv@quotient+4)^0,f,c
  4590  001324  361E               	rlcf	(___lodiv@quotient+5)^0,f,c
  4591  001326  361F               	rlcf	(___lodiv@quotient+6)^0,f,c
  4592  001328  3620               	rlcf	(___lodiv@quotient+7)^0,f,c
  4593  00132A  5011               	movf	___lodiv@divisor^0,w,c
  4594  00132C  5C09               	subwf	___lodiv@dividend^0,w,c
  4595  00132E  5012               	movf	(___lodiv@divisor+1)^0,w,c
  4596  001330  580A               	subwfb	(___lodiv@dividend+1)^0,w,c
  4597  001332  5013               	movf	(___lodiv@divisor+2)^0,w,c
  4598  001334  580B               	subwfb	(___lodiv@dividend+2)^0,w,c
  4599  001336  5014               	movf	(___lodiv@divisor+3)^0,w,c
  4600  001338  580C               	subwfb	(___lodiv@dividend+3)^0,w,c
  4601  00133A  5015               	movf	(___lodiv@divisor+4)^0,w,c
  4602  00133C  580D               	subwfb	(___lodiv@dividend+4)^0,w,c
  4603  00133E  5016               	movf	(___lodiv@divisor+5)^0,w,c
  4604  001340  580E               	subwfb	(___lodiv@dividend+5)^0,w,c
  4605  001342  5017               	movf	(___lodiv@divisor+6)^0,w,c
  4606  001344  580F               	subwfb	(___lodiv@dividend+6)^0,w,c
  4607  001346  5018               	movf	(___lodiv@divisor+7)^0,w,c
  4608  001348  5810               	subwfb	(___lodiv@dividend+7)^0,w,c
  4609  00134A  A0D8               	btfss	status,0,c
  4610  00134C  EFAA  F009         	goto	u3211
  4611  001350  EFAC  F009         	goto	u3210
  4612  001354                     u3211:
  4613  001354  EFBD  F009         	goto	l3187
  4614  001358                     u3210:
  4615  001358  5011               	movf	___lodiv@divisor^0,w,c
  4616  00135A  5E09               	subwf	___lodiv@dividend^0,f,c
  4617  00135C  5012               	movf	(___lodiv@divisor+1)^0,w,c
  4618  00135E  5A0A               	subwfb	(___lodiv@dividend+1)^0,f,c
  4619  001360  5013               	movf	(___lodiv@divisor+2)^0,w,c
  4620  001362  5A0B               	subwfb	(___lodiv@dividend+2)^0,f,c
  4621  001364  5014               	movf	(___lodiv@divisor+3)^0,w,c
  4622  001366  5A0C               	subwfb	(___lodiv@dividend+3)^0,f,c
  4623  001368  5015               	movf	(___lodiv@divisor+4)^0,w,c
  4624  00136A  5A0D               	subwfb	(___lodiv@dividend+4)^0,f,c
  4625  00136C  5016               	movf	(___lodiv@divisor+5)^0,w,c
  4626  00136E  5A0E               	subwfb	(___lodiv@dividend+5)^0,f,c
  4627  001370  5017               	movf	(___lodiv@divisor+6)^0,w,c
  4628  001372  5A0F               	subwfb	(___lodiv@dividend+6)^0,f,c
  4629  001374  5018               	movf	(___lodiv@divisor+7)^0,w,c
  4630  001376  5A10               	subwfb	(___lodiv@dividend+7)^0,f,c
  4631  001378  8019               	bsf	___lodiv@quotient^0,0,c
  4632  00137A                     l3187:
  4633  00137A  90D8               	bcf	status,0,c
  4634  00137C  3218               	rrcf	(___lodiv@divisor+7)^0,f,c
  4635  00137E  3217               	rrcf	(___lodiv@divisor+6)^0,f,c
  4636  001380  3216               	rrcf	(___lodiv@divisor+5)^0,f,c
  4637  001382  3215               	rrcf	(___lodiv@divisor+4)^0,f,c
  4638  001384  3214               	rrcf	(___lodiv@divisor+3)^0,f,c
  4639  001386  3213               	rrcf	(___lodiv@divisor+2)^0,f,c
  4640  001388  3212               	rrcf	(___lodiv@divisor+1)^0,f,c
  4641  00138A  3211               	rrcf	___lodiv@divisor^0,f,c
  4642  00138C  2E21               	decfsz	___lodiv@counter^0,f,c
  4643  00138E  EF8C  F009         	goto	l3179
  4644  001392                     l837:
  4645  001392  C019  F009         	movff	___lodiv@quotient,?___lodiv
  4646  001396  C01A  F00A         	movff	___lodiv@quotient+1,?___lodiv+1
  4647  00139A  C01B  F00B         	movff	___lodiv@quotient+2,?___lodiv+2
  4648  00139E  C01C  F00C         	movff	___lodiv@quotient+3,?___lodiv+3
  4649  0013A2  C01D  F00D         	movff	___lodiv@quotient+4,?___lodiv+4
  4650  0013A6  C01E  F00E         	movff	___lodiv@quotient+5,?___lodiv+5
  4651  0013AA  C01F  F00F         	movff	___lodiv@quotient+6,?___lodiv+6
  4652  0013AE  C020  F010         	movff	___lodiv@quotient+7,?___lodiv+7
  4653  0013B2  0012               	return		;funcret
  4654  0013B4                     __end_of___lodiv:
  4655                           	callstack 0
  4656                           
  4657 ;; *************** function _strncmp *****************
  4658 ;; Defined at:
  4659 ;;		line 3 in file "C:\Program Files\Microchip\xc8\v2.36\pic\sources\c99\common\strncmp.c"
  4660 ;; Parameters:    Size  Location     Type
  4661 ;;  _l              2    8[COMRAM] PTR const unsigned char 
  4662 ;;		 -> STR_15(14), STR_14(16), STR_13(27), STR_12(29), 
  4663 ;;		 -> STR_11(25), STR_10(24), STR_9(28), STR_8(33), 
  4664 ;;		 -> STR_7(4), STR_6(24), STR_5(5), STR_4(23), 
  4665 ;;		 -> STR_3(25), STR_2(24), STR_1(24), 
  4666 ;;  _r              2   10[COMRAM] PTR const unsigned char 
  4667 ;;		 -> STR_23(3), STR_18(4), 
  4668 ;;  n               2   12[COMRAM] unsigned int 
  4669 ;; Auto vars:     Size  Location     Type
  4670 ;;  r               2   17[COMRAM] PTR const unsigned char 
  4671 ;;		 -> STR_23(3), STR_18(4), 
  4672 ;;  l               2   15[COMRAM] PTR const unsigned char 
  4673 ;;		 -> STR_15(14), STR_14(16), STR_13(27), STR_12(29), 
  4674 ;;		 -> STR_11(25), STR_10(24), STR_9(28), STR_8(33), 
  4675 ;;		 -> STR_7(4), STR_6(24), STR_5(5), STR_4(23), 
  4676 ;;		 -> STR_3(25), STR_2(24), STR_1(24), 
  4677 ;; Return value:  Size  Location     Type
  4678 ;;                  2    8[COMRAM] int 
  4679 ;; Registers used:
  4680 ;;		wreg, status,2, status,0, tblptrl, tblptrh, tblptru
  4681 ;; Tracked objects:
  4682 ;;		On entry : 0/0
  4683 ;;		On exit  : 0/0
  4684 ;;		Unchanged: 0/0
  4685 ;; Data sizes:     COMRAM   BANK0   BANK1   BANK2   BANK3   BANK4   BANK5   BANK6   BANK7   BANK8   BANK9  BANK10  BANK1
      +1  BANK12  BANK13  BANK14  BANK15
  4686 ;;      Params:         6       0       0       0       0       0       0       0       0       0       0       0       
      +0       0       0       0       0
  4687 ;;      Locals:         4       0       0       0       0       0       0       0       0       0       0       0       
      +0       0       0       0       0
  4688 ;;      Temps:          1       0       0       0       0       0       0       0       0       0       0       0       
      +0       0       0       0       0
  4689 ;;      Totals:        11       0       0       0       0       0       0       0       0       0       0       0       
      +0       0       0       0       0
  4690 ;;Total ram usage:       11 bytes
  4691 ;; Hardware stack levels used: 1
  4692 ;; Hardware stack levels required when called: 2
  4693 ;; This function calls:
  4694 ;;		Nothing
  4695 ;; This function is called by:
  4696 ;;		_vfpfcnvrt
  4697 ;; This function uses a non-reentrant model
  4698 ;;
  4699                           
  4700                           	psect	text14
  4701  0013B4                     __ptext14:
  4702                           	callstack 0
  4703  0013B4                     _strncmp:
  4704                           	callstack 25
  4705  0013B4  C009  F010         	movff	strncmp@_l,strncmp@l
  4706  0013B8  C00A  F011         	movff	strncmp@_l+1,strncmp@l+1
  4707  0013BC  C00B  F012         	movff	strncmp@_r,strncmp@r
  4708  0013C0  C00C  F013         	movff	strncmp@_r+1,strncmp@r+1
  4709  0013C4  060D               	decf	strncmp@n^0,f,c
  4710  0013C6  A0D8               	btfss	status,0,c
  4711  0013C8  060E               	decf	(strncmp@n+1)^0,f,c
  4712  0013CA  280D               	incf	strncmp@n^0,w,c
  4713  0013CC  E106               	bnz	u3451
  4714  0013CE  280E               	incf	(strncmp@n+1)^0,w,c
  4715  0013D0  A4D8               	btfss	status,2,c
  4716  0013D2  EFED  F009         	goto	u3451
  4717  0013D6  EFEF  F009         	goto	u3450
  4718  0013DA                     u3451:
  4719  0013DA  EFFC  F009         	goto	l3315
  4720  0013DE                     u3450:
  4721  0013DE  0E00               	movlw	0
  4722  0013E0  6E0A               	movwf	(?_strncmp+1)^0,c
  4723  0013E2  0E00               	movlw	0
  4724  0013E4  6E09               	movwf	?_strncmp^0,c
  4725  0013E6  EF48  F00A         	goto	l1212
  4726  0013EA                     l3313:
  4727  0013EA  4A10               	infsnz	strncmp@l^0,f,c
  4728  0013EC  2A11               	incf	(strncmp@l+1)^0,f,c
  4729  0013EE  4A12               	infsnz	strncmp@r^0,f,c
  4730  0013F0  2A13               	incf	(strncmp@r+1)^0,f,c
  4731  0013F2  060D               	decf	strncmp@n^0,f,c
  4732  0013F4  A0D8               	btfss	status,0,c
  4733  0013F6  060E               	decf	(strncmp@n+1)^0,f,c
  4734  0013F8                     l3315:
  4735  0013F8  C010  FFF6         	movff	strncmp@l,tblptrl
  4736  0013FC  C011  FFF7         	movff	strncmp@l+1,tblptrh
  4737  001400                     	if	0	;tblptru may be non-zero
  4738  001400                     	endif
  4739  001400                     	if	0	;tblptru may be non-zero
  4740  001400                     	endif
  4741  001400  0008               	tblrd		*
  4742  001402  50F5               	movf	tablat,w,c
  4743  001404  0900               	iorlw	0
  4744  001406  B4D8               	btfsc	status,2,c
  4745  001408  EF08  F00A         	goto	u3461
  4746  00140C  EF0A  F00A         	goto	u3460
  4747  001410                     u3461:
  4748  001410  EF36  F00A         	goto	l3323
  4749  001414                     u3460:
  4750  001414  C012  FFF6         	movff	strncmp@r,tblptrl
  4751  001418  C013  FFF7         	movff	strncmp@r+1,tblptrh
  4752  00141C                     	if	0	;tblptru may be non-zero
  4753  00141C                     	endif
  4754  00141C                     	if	0	;tblptru may be non-zero
  4755  00141C                     	endif
  4756  00141C  0008               	tblrd		*
  4757  00141E  50F5               	movf	tablat,w,c
  4758  001420  0900               	iorlw	0
  4759  001422  B4D8               	btfsc	status,2,c
  4760  001424  EF16  F00A         	goto	u3471
  4761  001428  EF18  F00A         	goto	u3470
  4762  00142C                     u3471:
  4763  00142C  EF36  F00A         	goto	l3323
  4764  001430                     u3470:
  4765  001430  500D               	movf	strncmp@n^0,w,c
  4766  001432  100E               	iorwf	(strncmp@n+1)^0,w,c
  4767  001434  B4D8               	btfsc	status,2,c
  4768  001436  EF1F  F00A         	goto	u3481
  4769  00143A  EF21  F00A         	goto	u3480
  4770  00143E                     u3481:
  4771  00143E  EF36  F00A         	goto	l3323
  4772  001442                     u3480:
  4773  001442  C010  FFF6         	movff	strncmp@l,tblptrl
  4774  001446  C011  FFF7         	movff	strncmp@l+1,tblptrh
  4775  00144A                     	if	0	;tblptru may be non-zero
  4776  00144A                     	endif
  4777  00144A                     	if	0	;tblptru may be non-zero
  4778  00144A                     	endif
  4779  00144A  0008               	tblrd		*
  4780  00144C  CFF5 F00F          	movff	tablat,??_strncmp
  4781  001450  C012  FFF6         	movff	strncmp@r,tblptrl
  4782  001454  C013  FFF7         	movff	strncmp@r+1,tblptrh
  4783  001458                     	if	0	;tblptru may be non-zero
  4784  001458                     	endif
  4785  001458                     	if	0	;tblptru may be non-zero
  4786  001458                     	endif
  4787  001458  0008               	tblrd		*
  4788  00145A  50F5               	movf	tablat,w,c
  4789  00145C  180F               	xorwf	??_strncmp^0,w,c
  4790  00145E  B4D8               	btfsc	status,2,c
  4791  001460  EF34  F00A         	goto	u3491
  4792  001464  EF36  F00A         	goto	u3490
  4793  001468                     u3491:
  4794  001468  EFF5  F009         	goto	l3313
  4795  00146C                     u3490:
  4796  00146C                     l3323:
  4797  00146C  C010  FFF6         	movff	strncmp@l,tblptrl
  4798  001470  C011  FFF7         	movff	strncmp@l+1,tblptrh
  4799  001474                     	if	0	;tblptru may be non-zero
  4800  001474                     	endif
  4801  001474                     	if	0	;tblptru may be non-zero
  4802  001474                     	endif
  4803  001474  0008               	tblrd		*
  4804  001476  CFF5 F00F          	movff	tablat,??_strncmp
  4805  00147A  C012  FFF6         	movff	strncmp@r,tblptrl
  4806  00147E  C013  FFF7         	movff	strncmp@r+1,tblptrh
  4807  001482                     	if	0	;tblptru may be non-zero
  4808  001482                     	endif
  4809  001482                     	if	0	;tblptru may be non-zero
  4810  001482                     	endif
  4811  001482  0008               	tblrd		*
  4812  001484  50F5               	movf	tablat,w,c
  4813  001486  5C0F               	subwf	??_strncmp^0,w,c
  4814  001488  6E09               	movwf	?_strncmp^0,c
  4815  00148A  6A0A               	clrf	(?_strncmp+1)^0,c
  4816  00148C  A0D8               	btfss	status,0,c
  4817  00148E  060A               	decf	(?_strncmp+1)^0,f,c
  4818  001490                     l1212:
  4819  001490  0012               	return		;funcret
  4820  001492                     __end_of_strncmp:
  4821                           	callstack 0
  4822                           
  4823 ;; *************** function _stoa *****************
  4824 ;; Defined at:
  4825 ;;		line 568 in file "C:\Program Files\Microchip\xc8\v2.36\pic\sources\c99\common\doprnt.c"
  4826 ;; Parameters:    Size  Location     Type
  4827 ;;  fp              2   18[COMRAM] PTR struct _IO_FILE
  4828 ;;		 -> NULL(0), sprintf@f(11), 
  4829 ;;  s               2   20[COMRAM] PTR unsigned char 
  4830 ;;		 -> ?_printf(2), ?_sprintf(2), main@cursor(3), main@menu_names(35), 
  4831 ;; Auto vars:     Size  Location     Type
  4832 ;;  nuls            7   23[COMRAM] unsigned char [7]
  4833 ;;  l               2   38[COMRAM] int 
  4834 ;;  p               2   36[COMRAM] int 
  4835 ;;  cp              2   34[COMRAM] PTR unsigned char 
  4836 ;;		 -> ?_printf(2), stoa@nuls(7), ?_sprintf(2), main@cursor(3), 
  4837 ;;		 -> main@menu_names(35), 
  4838 ;;  w               2   32[COMRAM] int 
  4839 ;;  i               2   30[COMRAM] int 
  4840 ;; Return value:  Size  Location     Type
  4841 ;;                  2   18[COMRAM] int 
  4842 ;; Registers used:
  4843 ;;		wreg, fsr1l, fsr1h, fsr2l, fsr2h, status,2, status,0, cstack
  4844 ;; Tracked objects:
  4845 ;;		On entry : 0/0
  4846 ;;		On exit  : 0/0
  4847 ;;		Unchanged: 0/0
  4848 ;; Data sizes:     COMRAM   BANK0   BANK1   BANK2   BANK3   BANK4   BANK5   BANK6   BANK7   BANK8   BANK9  BANK10  BANK1
      +1  BANK12  BANK13  BANK14  BANK15
  4849 ;;      Params:         4       0       0       0       0       0       0       0       0       0       0       0       
      +0       0       0       0       0
  4850 ;;      Locals:        17       0       0       0       0       0       0       0       0       0       0       0       
      +0       0       0       0       0
  4851 ;;      Temps:          1       0       0       0       0       0       0       0       0       0       0       0       
      +0       0       0       0       0
  4852 ;;      Totals:        22       0       0       0       0       0       0       0       0       0       0       0       
      +0       0       0       0       0
  4853 ;;Total ram usage:       22 bytes
  4854 ;; Hardware stack levels used: 1
  4855 ;; Hardware stack levels required when called: 4
  4856 ;; This function calls:
  4857 ;;		_fputc
  4858 ;;		_strlen
  4859 ;; This function is called by:
  4860 ;;		_vfpfcnvrt
  4861 ;; This function uses a non-reentrant model
  4862 ;;
  4863                           
  4864                           	psect	text15
  4865  001142                     __ptext15:
  4866                           	callstack 0
  4867  001142                     _stoa:
  4868                           	callstack 23
  4869  001142                     
  4870                           ;C:\Program Files\Microchip\xc8\v2.36\pic\sources\c99\common\doprnt.c: 568: static int s
      +                          toa(FILE *fp, char *s);C:\Program Files\Microchip\xc8\v2.36\pic\sources\c99\common\doprn
      +                          t.c: 569: {;C:\Program Files\Microchip\xc8\v2.36\pic\sources\c99\common\doprnt.c: 570:  
      +                             char *cp, nuls[] = "(null)";
  4871  001142  EE21  F0CA         	lfsr	2,stoa@F1142
  4872  001146  EE10  F018         	lfsr	1,stoa@nuls
  4873  00114A  0E06               	movlw	6
  4874  00114C                     u3291:
  4875  00114C  CFDB FFE3          	movff	plusw2,plusw1
  4876  001150  06E8               	decf	wreg,f,c
  4877  001152  E2FC               	bc	u3291
  4878  001154                     
  4879                           ;C:\Program Files\Microchip\xc8\v2.36\pic\sources\c99\common\doprnt.c: 571:     int i, l
      +                          , p, w;;C:\Program Files\Microchip\xc8\v2.36\pic\sources\c99\common\doprnt.c: 574:     c
      +                          p = s;
  4880  001154  C015  F023         	movff	stoa@s,stoa@cp
  4881  001158  C016  F024         	movff	stoa@s+1,stoa@cp+1
  4882  00115C                     
  4883                           ;C:\Program Files\Microchip\xc8\v2.36\pic\sources\c99\common\doprnt.c: 575:     if (!cp)
      +                           {
  4884  00115C  5023               	movf	stoa@cp^0,w,c
  4885  00115E  1024               	iorwf	(stoa@cp+1)^0,w,c
  4886  001160  A4D8               	btfss	status,2,c
  4887  001162  EFB5  F008         	goto	u3301
  4888  001166  EFB7  F008         	goto	u3300
  4889  00116A                     u3301:
  4890  00116A  EFBB  F008         	goto	l3237
  4891  00116E                     u3300:
  4892  00116E                     
  4893                           ;C:\Program Files\Microchip\xc8\v2.36\pic\sources\c99\common\doprnt.c: 576:         cp =
      +                           nuls;
  4894  00116E  0E18               	movlw	low stoa@nuls
  4895  001170  6E23               	movwf	stoa@cp^0,c
  4896  001172  0E00               	movlw	high stoa@nuls
  4897  001174  6E24               	movwf	(stoa@cp+1)^0,c
  4898  001176                     l3237:
  4899                           
  4900                           ;C:\Program Files\Microchip\xc8\v2.36\pic\sources\c99\common\doprnt.c: 580:     l = (int
      +                          )strlen(cp);
  4901  001176  C023  F009         	movff	stoa@cp,strlen@s
  4902  00117A  C024  F00A         	movff	stoa@cp+1,strlen@s+1
  4903  00117E  EC6A  F00E         	call	_strlen	;wreg free
  4904  001182  C009  F027         	movff	?_strlen,stoa@l
  4905  001186  C00A  F028         	movff	?_strlen+1,stoa@l+1
  4906  00118A                     
  4907                           ;C:\Program Files\Microchip\xc8\v2.36\pic\sources\c99\common\doprnt.c: 581:     p = prec
      +                          ;
  4908  00118A  C1DA  F025         	movff	_prec,stoa@p
  4909  00118E  C1DB  F026         	movff	_prec+1,stoa@p+1
  4910  001192                     
  4911                           ;C:\Program Files\Microchip\xc8\v2.36\pic\sources\c99\common\doprnt.c: 582:     l = (!(p
      +                           < 0) && (p < l)) ? p : l;
  4912  001192  BE26               	btfsc	(stoa@p+1)^0,7,c
  4913  001194  EFCE  F008         	goto	u3311
  4914  001198  EFD0  F008         	goto	u3310
  4915  00119C                     u3311:
  4916  00119C  EFE5  F008         	goto	l1118
  4917  0011A0                     u3310:
  4918  0011A0  5027               	movf	stoa@l^0,w,c
  4919  0011A2  5C25               	subwf	stoa@p^0,w,c
  4920  0011A4  5026               	movf	(stoa@p+1)^0,w,c
  4921  0011A6  0A80               	xorlw	128
  4922  0011A8  6E17               	movwf	??_stoa^0,c
  4923  0011AA  5028               	movf	(stoa@l+1)^0,w,c
  4924  0011AC  0A80               	xorlw	128
  4925  0011AE  5817               	subwfb	??_stoa^0,w,c
  4926  0011B0  A0D8               	btfss	status,0,c
  4927  0011B2  EFDD  F008         	goto	u3321
  4928  0011B6  EFDF  F008         	goto	u3320
  4929  0011BA                     u3321:
  4930  0011BA  EFE1  F008         	goto	l1116
  4931  0011BE                     u3320:
  4932  0011BE  EFE5  F008         	goto	l1118
  4933  0011C2                     l1116:
  4934  0011C2  C025  F027         	movff	stoa@p,stoa@l
  4935  0011C6  C026  F028         	movff	stoa@p+1,stoa@l+1
  4936  0011CA                     l1118:
  4937                           
  4938                           ;C:\Program Files\Microchip\xc8\v2.36\pic\sources\c99\common\doprnt.c: 583:     p = l;
  4939  0011CA  C027  F025         	movff	stoa@l,stoa@p
  4940  0011CE  C028  F026         	movff	stoa@l+1,stoa@p+1
  4941                           
  4942                           ;C:\Program Files\Microchip\xc8\v2.36\pic\sources\c99\common\doprnt.c: 584:     w = widt
      +                          h;
  4943  0011D2  C1D8  F021         	movff	_width,stoa@w
  4944  0011D6  C1D9  F022         	movff	_width+1,stoa@w+1
  4945                           
  4946                           ;C:\Program Files\Microchip\xc8\v2.36\pic\sources\c99\common\doprnt.c: 587:     if (!(fl
      +                          ags & (1 << 0))) {
  4947  0011DA  B04F               	btfsc	_flags^0,0,c
  4948  0011DC  EFF2  F008         	goto	u3331
  4949  0011E0  EFF4  F008         	goto	u3330
  4950  0011E4                     u3331:
  4951  0011E4  EF11  F009         	goto	l3253
  4952  0011E8                     u3330:
  4953  0011E8  EF02  F009         	goto	l3251
  4954  0011EC                     l3247:
  4955                           
  4956                           ;C:\Program Files\Microchip\xc8\v2.36\pic\sources\c99\common\doprnt.c: 589:             
      +                          fputc(' ', fp);
  4957  0011EC  0E00               	movlw	0
  4958  0011EE  6E0B               	movwf	(fputc@c+1)^0,c
  4959  0011F0  0E20               	movlw	32
  4960  0011F2  6E0A               	movwf	fputc@c^0,c
  4961  0011F4  C013  F00C         	movff	stoa@fp,fputc@fp
  4962  0011F8  C014  F00D         	movff	stoa@fp+1,fputc@fp+1
  4963  0011FC  EC1E  F00B         	call	_fputc	;wreg free
  4964  001200                     
  4965                           ;C:\Program Files\Microchip\xc8\v2.36\pic\sources\c99\common\doprnt.c: 590:             
      +                          ++l;
  4966  001200  4A27               	infsnz	stoa@l^0,f,c
  4967  001202  2A28               	incf	(stoa@l+1)^0,f,c
  4968  001204                     l3251:
  4969                           
  4970                           ;C:\Program Files\Microchip\xc8\v2.36\pic\sources\c99\common\doprnt.c: 588:         whil
      +                          e (l < w) {
  4971  001204  5021               	movf	stoa@w^0,w,c
  4972  001206  5C27               	subwf	stoa@l^0,w,c
  4973  001208  5028               	movf	(stoa@l+1)^0,w,c
  4974  00120A  0A80               	xorlw	128
  4975  00120C  6E17               	movwf	??_stoa^0,c
  4976  00120E  5022               	movf	(stoa@w+1)^0,w,c
  4977  001210  0A80               	xorlw	128
  4978  001212  5817               	subwfb	??_stoa^0,w,c
  4979  001214  A0D8               	btfss	status,0,c
  4980  001216  EF0F  F009         	goto	u3341
  4981  00121A  EF11  F009         	goto	u3340
  4982  00121E                     u3341:
  4983  00121E  EFF6  F008         	goto	l3247
  4984  001222                     u3340:
  4985  001222                     l3253:
  4986                           
  4987                           ;C:\Program Files\Microchip\xc8\v2.36\pic\sources\c99\common\doprnt.c: 595:     i = 0;
  4988  001222  0E00               	movlw	0
  4989  001224  6E20               	movwf	(stoa@i+1)^0,c
  4990  001226  0E00               	movlw	0
  4991  001228  6E1F               	movwf	stoa@i^0,c
  4992                           
  4993                           ;C:\Program Files\Microchip\xc8\v2.36\pic\sources\c99\common\doprnt.c: 596:     while (i
      +                           < p) {
  4994  00122A  EF2A  F009         	goto	l3261
  4995  00122E                     l3255:
  4996                           
  4997                           ;C:\Program Files\Microchip\xc8\v2.36\pic\sources\c99\common\doprnt.c: 597:         fput
      +                          c(*cp, fp);
  4998  00122E  C023  FFD9         	movff	stoa@cp,fsr2l
  4999  001232  C024  FFDA         	movff	stoa@cp+1,fsr2h
  5000  001236  50DF               	movf	indf2,w,c
  5001  001238  6E17               	movwf	??_stoa^0,c
  5002  00123A  5017               	movf	??_stoa^0,w,c
  5003  00123C  6E0A               	movwf	fputc@c^0,c
  5004  00123E  6A0B               	clrf	(fputc@c+1)^0,c
  5005  001240  C013  F00C         	movff	stoa@fp,fputc@fp
  5006  001244  C014  F00D         	movff	stoa@fp+1,fputc@fp+1
  5007  001248  EC1E  F00B         	call	_fputc	;wreg free
  5008  00124C                     
  5009                           ;C:\Program Files\Microchip\xc8\v2.36\pic\sources\c99\common\doprnt.c: 598:         ++cp
      +                          ;
  5010  00124C  4A23               	infsnz	stoa@cp^0,f,c
  5011  00124E  2A24               	incf	(stoa@cp+1)^0,f,c
  5012  001250                     
  5013                           ;C:\Program Files\Microchip\xc8\v2.36\pic\sources\c99\common\doprnt.c: 599:         ++i;
  5014  001250  4A1F               	infsnz	stoa@i^0,f,c
  5015  001252  2A20               	incf	(stoa@i+1)^0,f,c
  5016  001254                     l3261:
  5017                           
  5018                           ;C:\Program Files\Microchip\xc8\v2.36\pic\sources\c99\common\doprnt.c: 596:     while (i
      +                           < p) {
  5019  001254  5025               	movf	stoa@p^0,w,c
  5020  001256  5C1F               	subwf	stoa@i^0,w,c
  5021  001258  5020               	movf	(stoa@i+1)^0,w,c
  5022  00125A  0A80               	xorlw	128
  5023  00125C  6E17               	movwf	??_stoa^0,c
  5024  00125E  5026               	movf	(stoa@p+1)^0,w,c
  5025  001260  0A80               	xorlw	128
  5026  001262  5817               	subwfb	??_stoa^0,w,c
  5027  001264  A0D8               	btfss	status,0,c
  5028  001266  EF37  F009         	goto	u3351
  5029  00126A  EF39  F009         	goto	u3350
  5030  00126E                     u3351:
  5031  00126E  EF17  F009         	goto	l3255
  5032  001272                     u3350:
  5033  001272                     
  5034                           ;C:\Program Files\Microchip\xc8\v2.36\pic\sources\c99\common\doprnt.c: 603:     if (flag
      +                          s & (1 << 0)) {
  5035  001272  A04F               	btfss	_flags^0,0,c
  5036  001274  EF3E  F009         	goto	u3361
  5037  001278  EF40  F009         	goto	u3360
  5038  00127C                     u3361:
  5039  00127C  EF5D  F009         	goto	l1128
  5040  001280                     u3360:
  5041  001280  EF4E  F009         	goto	l3269
  5042  001284                     l3265:
  5043                           
  5044                           ;C:\Program Files\Microchip\xc8\v2.36\pic\sources\c99\common\doprnt.c: 605:             
      +                          fputc(' ', fp);
  5045  001284  0E00               	movlw	0
  5046  001286  6E0B               	movwf	(fputc@c+1)^0,c
  5047  001288  0E20               	movlw	32
  5048  00128A  6E0A               	movwf	fputc@c^0,c
  5049  00128C  C013  F00C         	movff	stoa@fp,fputc@fp
  5050  001290  C014  F00D         	movff	stoa@fp+1,fputc@fp+1
  5051  001294  EC1E  F00B         	call	_fputc	;wreg free
  5052  001298                     
  5053                           ;C:\Program Files\Microchip\xc8\v2.36\pic\sources\c99\common\doprnt.c: 606:             
      +                          ++l;
  5054  001298  4A27               	infsnz	stoa@l^0,f,c
  5055  00129A  2A28               	incf	(stoa@l+1)^0,f,c
  5056  00129C                     l3269:
  5057                           
  5058                           ;C:\Program Files\Microchip\xc8\v2.36\pic\sources\c99\common\doprnt.c: 604:         whil
      +                          e (l < w) {
  5059  00129C  5021               	movf	stoa@w^0,w,c
  5060  00129E  5C27               	subwf	stoa@l^0,w,c
  5061  0012A0  5028               	movf	(stoa@l+1)^0,w,c
  5062  0012A2  0A80               	xorlw	128
  5063  0012A4  6E17               	movwf	??_stoa^0,c
  5064  0012A6  5022               	movf	(stoa@w+1)^0,w,c
  5065  0012A8  0A80               	xorlw	128
  5066  0012AA  5817               	subwfb	??_stoa^0,w,c
  5067  0012AC  A0D8               	btfss	status,0,c
  5068  0012AE  EF5B  F009         	goto	u3371
  5069  0012B2  EF5D  F009         	goto	u3370
  5070  0012B6                     u3371:
  5071  0012B6  EF42  F009         	goto	l3265
  5072  0012BA                     u3370:
  5073  0012BA                     l1128:
  5074                           
  5075                           ;C:\Program Files\Microchip\xc8\v2.36\pic\sources\c99\common\doprnt.c: 610:     return l
      +                          ;
  5076  0012BA  C027  F013         	movff	stoa@l,?_stoa
  5077  0012BE  C028  F014         	movff	stoa@l+1,?_stoa+1
  5078  0012C2  0012               	return		;funcret
  5079  0012C4                     __end_of_stoa:
  5080                           	callstack 0
  5081                           
  5082 ;; *************** function _strlen *****************
  5083 ;; Defined at:
  5084 ;;		line 5 in file "C:\Program Files\Microchip\xc8\v2.36\pic\sources\c99\common\strlen.c"
  5085 ;; Parameters:    Size  Location     Type
  5086 ;;  s               2    8[COMRAM] PTR const unsigned char 
  5087 ;;		 -> ?_printf(2), dbuf(32), stoa@nuls(7), ?_sprintf(2), 
  5088 ;;		 -> main@cursor(3), main@menu_names(35), 
  5089 ;; Auto vars:     Size  Location     Type
  5090 ;;  a               2   10[COMRAM] PTR const unsigned char 
  5091 ;;		 -> ?_printf(2), dbuf(32), stoa@nuls(7), ?_sprintf(2), 
  5092 ;;		 -> main@cursor(3), main@menu_names(35), 
  5093 ;; Return value:  Size  Location     Type
  5094 ;;                  2    8[COMRAM] unsigned int 
  5095 ;; Registers used:
  5096 ;;		wreg, fsr2l, fsr2h, status,2, status,0
  5097 ;; Tracked objects:
  5098 ;;		On entry : 0/0
  5099 ;;		On exit  : 0/0
  5100 ;;		Unchanged: 0/0
  5101 ;; Data sizes:     COMRAM   BANK0   BANK1   BANK2   BANK3   BANK4   BANK5   BANK6   BANK7   BANK8   BANK9  BANK10  BANK1
      +1  BANK12  BANK13  BANK14  BANK15
  5102 ;;      Params:         2       0       0       0       0       0       0       0       0       0       0       0       
      +0       0       0       0       0
  5103 ;;      Locals:         2       0       0       0       0       0       0       0       0       0       0       0       
      +0       0       0       0       0
  5104 ;;      Temps:          0       0       0       0       0       0       0       0       0       0       0       0       
      +0       0       0       0       0
  5105 ;;      Totals:         4       0       0       0       0       0       0       0       0       0       0       0       
      +0       0       0       0       0
  5106 ;;Total ram usage:        4 bytes
  5107 ;; Hardware stack levels used: 1
  5108 ;; Hardware stack levels required when called: 2
  5109 ;; This function calls:
  5110 ;;		Nothing
  5111 ;; This function is called by:
  5112 ;;		_pad
  5113 ;;		_stoa
  5114 ;; This function uses a non-reentrant model
  5115 ;;
  5116                           
  5117                           	psect	text16
  5118  001CD4                     __ptext16:
  5119                           	callstack 0
  5120  001CD4                     _strlen:
  5121                           	callstack 23
  5122  001CD4  C009  F00B         	movff	strlen@s,strlen@a
  5123  001CD8  C00A  F00C         	movff	strlen@s+1,strlen@a+1
  5124  001CDC  EF72  F00E         	goto	l3163
  5125  001CE0                     l3161:
  5126  001CE0  4A09               	infsnz	strlen@s^0,f,c
  5127  001CE2  2A0A               	incf	(strlen@s+1)^0,f,c
  5128  001CE4                     l3163:
  5129  001CE4  C009  FFD9         	movff	strlen@s,fsr2l
  5130  001CE8  C00A  FFDA         	movff	strlen@s+1,fsr2h
  5131  001CEC  50DF               	movf	indf2,w,c
  5132  001CEE  A4D8               	btfss	status,2,c
  5133  001CF0  EF7C  F00E         	goto	u3171
  5134  001CF4  EF7E  F00E         	goto	u3170
  5135  001CF8                     u3171:
  5136  001CF8  EF70  F00E         	goto	l3161
  5137  001CFC                     u3170:
  5138  001CFC  500B               	movf	strlen@a^0,w,c
  5139  001CFE  5C09               	subwf	strlen@s^0,w,c
  5140  001D00  6E09               	movwf	?_strlen^0,c
  5141  001D02  500C               	movf	(strlen@a+1)^0,w,c
  5142  001D04  580A               	subwfb	(strlen@s+1)^0,w,c
  5143  001D06  6E0A               	movwf	(?_strlen+1)^0,c
  5144  001D08  0012               	return		;funcret
  5145  001D0A                     __end_of_strlen:
  5146                           	callstack 0
  5147                           
  5148 ;; *************** function _fputc *****************
  5149 ;; Defined at:
  5150 ;;		line 8 in file "C:\Program Files\Microchip\xc8\v2.36\pic\sources\c99\common\nf_fputc.c"
  5151 ;; Parameters:    Size  Location     Type
  5152 ;;  c               2    9[COMRAM] int 
  5153 ;;  fp              2   11[COMRAM] PTR struct _IO_FILE
  5154 ;;		 -> NULL(0), sprintf@f(11), 
  5155 ;; Auto vars:     Size  Location     Type
  5156 ;;		None
  5157 ;; Return value:  Size  Location     Type
  5158 ;;                  2    9[COMRAM] int 
  5159 ;; Registers used:
  5160 ;;		wreg, fsr1l, fsr1h, fsr2l, fsr2h, status,2, status,0, cstack
  5161 ;; Tracked objects:
  5162 ;;		On entry : 0/0
  5163 ;;		On exit  : 0/0
  5164 ;;		Unchanged: 0/0
  5165 ;; Data sizes:     COMRAM   BANK0   BANK1   BANK2   BANK3   BANK4   BANK5   BANK6   BANK7   BANK8   BANK9  BANK10  BANK1
      +1  BANK12  BANK13  BANK14  BANK15
  5166 ;;      Params:         4       0       0       0       0       0       0       0       0       0       0       0       
      +0       0       0       0       0
  5167 ;;      Locals:         0       0       0       0       0       0       0       0       0       0       0       0       
      +0       0       0       0       0
  5168 ;;      Temps:          5       0       0       0       0       0       0       0       0       0       0       0       
      +0       0       0       0       0
  5169 ;;      Totals:         9       0       0       0       0       0       0       0       0       0       0       0       
      +0       0       0       0       0
  5170 ;;Total ram usage:        9 bytes
  5171 ;; Hardware stack levels used: 1
  5172 ;; Hardware stack levels required when called: 3
  5173 ;; This function calls:
  5174 ;;		_putch
  5175 ;; This function is called by:
  5176 ;;		_pad
  5177 ;;		_stoa
  5178 ;;		_vfpfcnvrt
  5179 ;;		_fputs
  5180 ;; This function uses a non-reentrant model
  5181 ;;
  5182                           
  5183                           	psect	text17
  5184  00163C                     __ptext17:
  5185                           	callstack 0
  5186  00163C                     _fputc:
  5187                           	callstack 21
  5188  00163C  500C               	movf	fputc@fp^0,w,c
  5189  00163E  100D               	iorwf	(fputc@fp+1)^0,w,c
  5190  001640  B4D8               	btfsc	status,2,c
  5191  001642  EF25  F00B         	goto	u3121
  5192  001646  EF27  F00B         	goto	u3120
  5193  00164A                     u3121:
  5194  00164A  EF30  F00B         	goto	l3141
  5195  00164E                     u3120:
  5196  00164E  500C               	movf	fputc@fp^0,w,c
  5197  001650  100D               	iorwf	(fputc@fp+1)^0,w,c
  5198  001652  A4D8               	btfss	status,2,c
  5199  001654  EF2E  F00B         	goto	u3131
  5200  001658  EF30  F00B         	goto	u3130
  5201  00165C                     u3131:
  5202  00165C  EF35  F00B         	goto	l3143
  5203  001660                     u3130:
  5204  001660                     l3141:
  5205  001660  500A               	movf	fputc@c^0,w,c
  5206  001662  EC17  F00F         	call	_putch
  5207  001666  EF82  F00B         	goto	l1179
  5208  00166A                     l3143:
  5209  00166A  EE20 F009          	lfsr	2,9
  5210  00166E  500C               	movf	fputc@fp^0,w,c
  5211  001670  26D9               	addwf	fsr2l,f,c
  5212  001672  500D               	movf	(fputc@fp+1)^0,w,c
  5213  001674  22DA               	addwfc	fsr2h,f,c
  5214  001676  50DE               	movf	postinc2,w,c
  5215  001678  10DE               	iorwf	postinc2,w,c
  5216  00167A  B4D8               	btfsc	status,2,c
  5217  00167C  EF42  F00B         	goto	u3141
  5218  001680  EF44  F00B         	goto	u3140
  5219  001684                     u3141:
  5220  001684  EF5F  F00B         	goto	l3147
  5221  001688                     u3140:
  5222  001688  EE20 F009          	lfsr	2,9
  5223  00168C  500C               	movf	fputc@fp^0,w,c
  5224  00168E  26D9               	addwf	fsr2l,f,c
  5225  001690  500D               	movf	(fputc@fp+1)^0,w,c
  5226  001692  22DA               	addwfc	fsr2h,f,c
  5227  001694  EE10 F003          	lfsr	1,3
  5228  001698  500C               	movf	fputc@fp^0,w,c
  5229  00169A  26E1               	addwf	fsr1l,f,c
  5230  00169C  500D               	movf	(fputc@fp+1)^0,w,c
  5231  00169E  22E2               	addwfc	fsr1h,f,c
  5232  0016A0  50DE               	movf	postinc2,w,c
  5233  0016A2  5CE6               	subwf	postinc1,w,c
  5234  0016A4  50E6               	movf	postinc1,w,c
  5235  0016A6  0A80               	xorlw	128
  5236  0016A8  6E12               	movwf	(??_fputc+4)^0,c
  5237  0016AA  50DE               	movf	postinc2,w,c
  5238  0016AC  0A80               	xorlw	128
  5239  0016AE  5812               	subwfb	(??_fputc+4)^0,w,c
  5240  0016B0  B0D8               	btfsc	status,0,c
  5241  0016B2  EF5D  F00B         	goto	u3151
  5242  0016B6  EF5F  F00B         	goto	u3150
  5243  0016BA                     u3151:
  5244  0016BA  EF82  F00B         	goto	l1179
  5245  0016BE                     u3150:
  5246  0016BE                     l3147:
  5247  0016BE  EE20 F003          	lfsr	2,3
  5248  0016C2  500C               	movf	fputc@fp^0,w,c
  5249  0016C4  26D9               	addwf	fsr2l,f,c
  5250  0016C6  500D               	movf	(fputc@fp+1)^0,w,c
  5251  0016C8  22DA               	addwfc	fsr2h,f,c
  5252  0016CA  CFDE F00E          	movff	postinc2,??_fputc
  5253  0016CE  CFDD F00F          	movff	postdec2,??_fputc+1
  5254  0016D2  C00C  FFD9         	movff	fputc@fp,fsr2l
  5255  0016D6  C00D  FFDA         	movff	fputc@fp+1,fsr2h
  5256  0016DA  CFDE F010          	movff	postinc2,??_fputc+2
  5257  0016DE  CFDD F011          	movff	postdec2,??_fputc+3
  5258  0016E2  500E               	movf	??_fputc^0,w,c
  5259  0016E4  2410               	addwf	(??_fputc+2)^0,w,c
  5260  0016E6  6ED9               	movwf	fsr2l,c
  5261  0016E8  500F               	movf	(??_fputc+1)^0,w,c
  5262  0016EA  2011               	addwfc	(??_fputc+3)^0,w,c
  5263  0016EC  6EDA               	movwf	fsr2h,c
  5264  0016EE  C00A  FFDF         	movff	fputc@c,indf2
  5265  0016F2  EE20 F003          	lfsr	2,3
  5266  0016F6  500C               	movf	fputc@fp^0,w,c
  5267  0016F8  26D9               	addwf	fsr2l,f,c
  5268  0016FA  500D               	movf	(fputc@fp+1)^0,w,c
  5269  0016FC  22DA               	addwfc	fsr2h,f,c
  5270  0016FE  2ADE               	incf	postinc2,f,c
  5271  001700  0E00               	movlw	0
  5272  001702  22DD               	addwfc	postdec2,f,c
  5273  001704                     l1179:
  5274  001704  0012               	return		;funcret
  5275  001706                     __end_of_fputc:
  5276                           	callstack 0
  5277                           
  5278 ;; *************** function _putch *****************
  5279 ;; Defined at:
  5280 ;;		line 625 in file "menu.c"
  5281 ;; Parameters:    Size  Location     Type
  5282 ;;  data            1    wreg     unsigned char 
  5283 ;; Auto vars:     Size  Location     Type
  5284 ;;  data            1    8[COMRAM] unsigned char 
  5285 ;; Return value:  Size  Location     Type
  5286 ;;                  1    wreg      void 
  5287 ;; Registers used:
  5288 ;;		wreg
  5289 ;; Tracked objects:
  5290 ;;		On entry : 0/0
  5291 ;;		On exit  : 0/0
  5292 ;;		Unchanged: 0/0
  5293 ;; Data sizes:     COMRAM   BANK0   BANK1   BANK2   BANK3   BANK4   BANK5   BANK6   BANK7   BANK8   BANK9  BANK10  BANK1
      +1  BANK12  BANK13  BANK14  BANK15
  5294 ;;      Params:         0       0       0       0       0       0       0       0       0       0       0       0       
      +0       0       0       0       0
  5295 ;;      Locals:         1       0       0       0       0       0       0       0       0       0       0       0       
      +0       0       0       0       0
  5296 ;;      Temps:          0       0       0       0       0       0       0       0       0       0       0       0       
      +0       0       0       0       0
  5297 ;;      Totals:         1       0       0       0       0       0       0       0       0       0       0       0       
      +0       0       0       0       0
  5298 ;;Total ram usage:        1 bytes
  5299 ;; Hardware stack levels used: 1
  5300 ;; Hardware stack levels required when called: 2
  5301 ;; This function calls:
  5302 ;;		Nothing
  5303 ;; This function is called by:
  5304 ;;		_fputc
  5305 ;; This function uses a non-reentrant model
  5306 ;;
  5307                           
  5308                           	psect	text18
  5309  001E2E                     __ptext18:
  5310                           	callstack 0
  5311  001E2E                     _putch:
  5312                           	callstack 21
  5313                           
  5314                           ;incstack = 0
  5315                           ;putch@data stored from wreg
  5316  001E2E  6E09               	movwf	putch@data^0,c
  5317  001E30                     l313:
  5318  001E30  A89E               	btfss	3998,4,c	;volatile
  5319  001E32  EF1D  F00F         	goto	u3111
  5320  001E36  EF1F  F00F         	goto	u3110
  5321  001E3A                     u3111:
  5322  001E3A  EF18  F00F         	goto	l313
  5323  001E3E                     u3110:
  5324  001E3E  C009  FFAD         	movff	putch@data,4013	;volatile
  5325  001E42  0012               	return		;funcret
  5326  001E44                     __end_of_putch:
  5327                           	callstack 0
  5328                           
  5329 ;; *************** function _driveLED *****************
  5330 ;; Defined at:
  5331 ;;		line 534 in file "menu.c"
  5332 ;; Parameters:    Size  Location     Type
  5333 ;;  in              1    wreg     unsigned char 
  5334 ;; Auto vars:     Size  Location     Type
  5335 ;;  in              1    8[COMRAM] unsigned char 
  5336 ;; Return value:  Size  Location     Type
  5337 ;;                  1    wreg      void 
  5338 ;; Registers used:
  5339 ;;		wreg
  5340 ;; Tracked objects:
  5341 ;;		On entry : 0/0
  5342 ;;		On exit  : 0/0
  5343 ;;		Unchanged: 0/0
  5344 ;; Data sizes:     COMRAM   BANK0   BANK1   BANK2   BANK3   BANK4   BANK5   BANK6   BANK7   BANK8   BANK9  BANK10  BANK1
      +1  BANK12  BANK13  BANK14  BANK15
  5345 ;;      Params:         0       0       0       0       0       0       0       0       0       0       0       0       
      +0       0       0       0       0
  5346 ;;      Locals:         1       0       0       0       0       0       0       0       0       0       0       0       
      +0       0       0       0       0
  5347 ;;      Temps:          0       0       0       0       0       0       0       0       0       0       0       0       
      +0       0       0       0       0
  5348 ;;      Totals:         1       0       0       0       0       0       0       0       0       0       0       0       
      +0       0       0       0       0
  5349 ;;Total ram usage:        1 bytes
  5350 ;; Hardware stack levels used: 1
  5351 ;; Hardware stack levels required when called: 2
  5352 ;; This function calls:
  5353 ;;		Nothing
  5354 ;; This function is called by:
  5355 ;;		_main
  5356 ;; This function uses a non-reentrant model
  5357 ;;
  5358                           
  5359                           	psect	text19
  5360  00190A                     __ptext19:
  5361                           	callstack 0
  5362  00190A                     _driveLED:
  5363                           	callstack 28
  5364                           
  5365                           ;incstack = 0
  5366                           ;driveLED@in stored from wreg
  5367  00190A  6E09               	movwf	driveLED@in^0,c
  5368  00190C  A009               	btfss	driveLED@in^0,0,c
  5369  00190E  EF8B  F00C         	goto	u3621
  5370  001912  EF8E  F00C         	goto	u3620
  5371  001916                     u3621:
  5372  001916  848C               	bsf	3980,2,c	;volatile
  5373  001918  EF8F  F00C         	goto	u3635
  5374  00191C                     u3620:
  5375  00191C  948C               	bcf	3980,2,c	;volatile
  5376  00191E                     u3635:
  5377  00191E  A209               	btfss	driveLED@in^0,1,c
  5378  001920  EF94  F00C         	goto	u3641
  5379  001924  EF97  F00C         	goto	u3640
  5380  001928                     u3641:
  5381  001928  868C               	bsf	3980,3,c	;volatile
  5382  00192A  EF98  F00C         	goto	u3655
  5383  00192E                     u3640:
  5384  00192E  968C               	bcf	3980,3,c	;volatile
  5385  001930                     u3655:
  5386  001930  A409               	btfss	driveLED@in^0,2,c
  5387  001932  EF9D  F00C         	goto	u3661
  5388  001936  EFA0  F00C         	goto	u3660
  5389  00193A                     u3661:
  5390  00193A  888B               	bsf	3979,4,c	;volatile
  5391  00193C  EFA1  F00C         	goto	u3675
  5392  001940                     u3660:
  5393  001940  988B               	bcf	3979,4,c	;volatile
  5394  001942                     u3675:
  5395  001942  A609               	btfss	driveLED@in^0,3,c
  5396  001944  EFA6  F00C         	goto	u3681
  5397  001948  EFA9  F00C         	goto	u3680
  5398  00194C                     u3681:
  5399  00194C  888C               	bsf	3980,4,c	;volatile
  5400  00194E  EFAA  F00C         	goto	u3695
  5401  001952                     u3680:
  5402  001952  988C               	bcf	3980,4,c	;volatile
  5403  001954                     u3695:
  5404  001954  A809               	btfss	driveLED@in^0,4,c
  5405  001956  EFAF  F00C         	goto	u3701
  5406  00195A  EFB2  F00C         	goto	u3700
  5407  00195E                     u3701:
  5408  00195E  8A8C               	bsf	3980,5,c	;volatile
  5409  001960  EFB3  F00C         	goto	u3715
  5410  001964                     u3700:
  5411  001964  9A8C               	bcf	3980,5,c	;volatile
  5412  001966                     u3715:
  5413  001966  AA09               	btfss	driveLED@in^0,5,c
  5414  001968  EFB8  F00C         	goto	u3721
  5415  00196C  EFBB  F00C         	goto	u3720
  5416  001970                     u3721:
  5417  001970  8C8C               	bsf	3980,6,c	;volatile
  5418  001972  EFBC  F00C         	goto	u3735
  5419  001976                     u3720:
  5420  001976  9C8C               	bcf	3980,6,c	;volatile
  5421  001978                     u3735:
  5422  001978  0012               	return		;funcret
  5423  00197A                     __end_of_driveLED:
  5424                           	callstack 0
  5425                           
  5426 ;; *************** function _adc_read *****************
  5427 ;; Defined at:
  5428 ;;		line 593 in file "menu.c"
  5429 ;; Parameters:    Size  Location     Type
  5430 ;;  channel         1    wreg     unsigned char 
  5431 ;; Auto vars:     Size  Location     Type
  5432 ;;  channel         1   12[COMRAM] unsigned char 
  5433 ;;  value           2   13[COMRAM] unsigned int 
  5434 ;; Return value:  Size  Location     Type
  5435 ;;                  2    8[COMRAM] unsigned int 
  5436 ;; Registers used:
  5437 ;;		wreg, status,2, status,0
  5438 ;; Tracked objects:
  5439 ;;		On entry : 0/0
  5440 ;;		On exit  : 0/0
  5441 ;;		Unchanged: 0/0
  5442 ;; Data sizes:     COMRAM   BANK0   BANK1   BANK2   BANK3   BANK4   BANK5   BANK6   BANK7   BANK8   BANK9  BANK10  BANK1
      +1  BANK12  BANK13  BANK14  BANK15
  5443 ;;      Params:         2       0       0       0       0       0       0       0       0       0       0       0       
      +0       0       0       0       0
  5444 ;;      Locals:         3       0       0       0       0       0       0       0       0       0       0       0       
      +0       0       0       0       0
  5445 ;;      Temps:          2       0       0       0       0       0       0       0       0       0       0       0       
      +0       0       0       0       0
  5446 ;;      Totals:         7       0       0       0       0       0       0       0       0       0       0       0       
      +0       0       0       0       0
  5447 ;;Total ram usage:        7 bytes
  5448 ;; Hardware stack levels used: 1
  5449 ;; Hardware stack levels required when called: 2
  5450 ;; This function calls:
  5451 ;;		Nothing
  5452 ;; This function is called by:
  5453 ;;		_main
  5454 ;; This function uses a non-reentrant model
  5455 ;;
  5456                           
  5457                           	psect	text20
  5458  001C62                     __ptext20:
  5459                           	callstack 0
  5460  001C62                     _adc_read:
  5461                           	callstack 28
  5462                           
  5463                           ;incstack = 0
  5464                           ;adc_read@channel stored from wreg
  5465  001C62  6E0D               	movwf	adc_read@channel^0,c
  5466  001C64  C00D  F00B         	movff	adc_read@channel,??_adc_read
  5467  001C68  460B               	rlncf	??_adc_read^0,f,c
  5468  001C6A  460B               	rlncf	??_adc_read^0,f,c
  5469  001C6C  50C2               	movf	194,w,c	;volatile
  5470  001C6E  180B               	xorwf	??_adc_read^0,w,c
  5471  001C70  0B83               	andlw	-125
  5472  001C72  180B               	xorwf	??_adc_read^0,w,c
  5473  001C74  6EC2               	movwf	194,c	;volatile
  5474  001C76  82C2               	bsf	4034,1,c	;volatile
  5475  001C78                     l301:
  5476  001C78  B2C2               	btfsc	4034,1,c	;volatile
  5477  001C7A  EF41  F00E         	goto	u3841
  5478  001C7E  EF43  F00E         	goto	u3840
  5479  001C82                     u3841:
  5480  001C82  EF3C  F00E         	goto	l301
  5481  001C86                     u3840:
  5482  001C86  50C4               	movf	196,w,c	;volatile
  5483  001C88  6E0B               	movwf	??_adc_read^0,c
  5484  001C8A  50C3               	movf	195,w,c	;volatile
  5485  001C8C  6E0E               	movwf	adc_read@value^0,c
  5486  001C8E  C00B  F00F         	movff	??_adc_read,adc_read@value+1
  5487  001C92  C00E  F009         	movff	adc_read@value,?_adc_read
  5488  001C96  C00F  F00A         	movff	adc_read@value+1,?_adc_read+1
  5489  001C9A  0012               	return		;funcret
  5490  001C9C                     __end_of_adc_read:
  5491                           	callstack 0
  5492                           
  5493 ;; *************** function _adc_init *****************
  5494 ;; Defined at:
  5495 ;;		line 578 in file "menu.c"
  5496 ;; Parameters:    Size  Location     Type
  5497 ;;		None
  5498 ;; Auto vars:     Size  Location     Type
  5499 ;;		None
  5500 ;; Return value:  Size  Location     Type
  5501 ;;                  1    wreg      void 
  5502 ;; Registers used:
  5503 ;;		wreg, status,2
  5504 ;; Tracked objects:
  5505 ;;		On entry : 0/0
  5506 ;;		On exit  : 0/0
  5507 ;;		Unchanged: 0/0
  5508 ;; Data sizes:     COMRAM   BANK0   BANK1   BANK2   BANK3   BANK4   BANK5   BANK6   BANK7   BANK8   BANK9  BANK10  BANK1
      +1  BANK12  BANK13  BANK14  BANK15
  5509 ;;      Params:         0       0       0       0       0       0       0       0       0       0       0       0       
      +0       0       0       0       0
  5510 ;;      Locals:         0       0       0       0       0       0       0       0       0       0       0       0       
      +0       0       0       0       0
  5511 ;;      Temps:          0       0       0       0       0       0       0       0       0       0       0       0       
      +0       0       0       0       0
  5512 ;;      Totals:         0       0       0       0       0       0       0       0       0       0       0       0       
      +0       0       0       0       0
  5513 ;;Total ram usage:        0 bytes
  5514 ;; Hardware stack levels used: 1
  5515 ;; Hardware stack levels required when called: 2
  5516 ;; This function calls:
  5517 ;;		Nothing
  5518 ;; This function is called by:
  5519 ;;		_main
  5520 ;; This function uses a non-reentrant model
  5521 ;;
  5522                           
  5523                           	psect	text21
  5524  001DBE                     __ptext21:
  5525                           	callstack 0
  5526  001DBE                     _adc_init:
  5527                           	callstack 28
  5528  001DBE  010F               	movlb	15	; () banked
  5529  001DC0  8B38               	bsf	56,5,b	;volatile
  5530  001DC2  813C               	bsf	60,0,b	;volatile
  5531  001DC4  8B39               	bsf	57,5,b	;volatile
  5532  001DC6  8A92               	bsf	146,5,c	;volatile
  5533  001DC8  8096               	bsf	150,0,c	;volatile
  5534  001DCA  8A93               	bsf	147,5,c	;volatile
  5535  001DCC  8EC0               	bsf	192,7,c	;volatile
  5536  001DCE                     
  5537                           ; BSR set to: 15
  5538  001DCE  50C0               	movf	192,w,c	;volatile
  5539  001DD0  0BF8               	andlw	-8
  5540  001DD2  0906               	iorlw	6
  5541  001DD4  6EC0               	movwf	192,c	;volatile
  5542  001DD6  50C0               	movf	192,w,c	;volatile
  5543  001DD8  0BC7               	andlw	-57
  5544  001DDA  0930               	iorlw	48
  5545  001DDC  6EC0               	movwf	192,c	;volatile
  5546  001DDE                     
  5547                           ; BSR set to: 15
  5548  001DDE  80C2               	bsf	194,0,c	;volatile
  5549  001DE0                     
  5550                           ; BSR set to: 15
  5551  001DE0  0012               	return		;funcret
  5552  001DE2                     __end_of_adc_init:
  5553                           	callstack 0
  5554                           
  5555 ;; *************** function ___awmod *****************
  5556 ;; Defined at:
  5557 ;;		line 7 in file "C:\Program Files\Microchip\xc8\v2.36\pic\sources\c99\common\awmod.c"
  5558 ;; Parameters:    Size  Location     Type
  5559 ;;  dividend        2   26[COMRAM] int 
  5560 ;;  divisor         2   28[COMRAM] int 
  5561 ;; Auto vars:     Size  Location     Type
  5562 ;;  sign            1   31[COMRAM] unsigned char 
  5563 ;;  counter         1   30[COMRAM] unsigned char 
  5564 ;; Return value:  Size  Location     Type
  5565 ;;                  2   26[COMRAM] int 
  5566 ;; Registers used:
  5567 ;;		wreg, status,2, status,0
  5568 ;; Tracked objects:
  5569 ;;		On entry : 0/0
  5570 ;;		On exit  : 0/0
  5571 ;;		Unchanged: 0/0
  5572 ;; Data sizes:     COMRAM   BANK0   BANK1   BANK2   BANK3   BANK4   BANK5   BANK6   BANK7   BANK8   BANK9  BANK10  BANK1
      +1  BANK12  BANK13  BANK14  BANK15
  5573 ;;      Params:         4       0       0       0       0       0       0       0       0       0       0       0       
      +0       0       0       0       0
  5574 ;;      Locals:         2       0       0       0       0       0       0       0       0       0       0       0       
      +0       0       0       0       0
  5575 ;;      Temps:          0       0       0       0       0       0       0       0       0       0       0       0       
      +0       0       0       0       0
  5576 ;;      Totals:         6       0       0       0       0       0       0       0       0       0       0       0       
      +0       0       0       0       0
  5577 ;;Total ram usage:        6 bytes
  5578 ;; Hardware stack levels used: 1
  5579 ;; Hardware stack levels required when called: 2
  5580 ;; This function calls:
  5581 ;;		Nothing
  5582 ;; This function is called by:
  5583 ;;		_main
  5584 ;; This function uses a non-reentrant model
  5585 ;;
  5586                           
  5587                           	psect	text22
  5588  0017C8                     __ptext22:
  5589                           	callstack 0
  5590  0017C8                     ___awmod:
  5591                           	callstack 28
  5592  0017C8  0E00               	movlw	0
  5593  0017CA  6E20               	movwf	___awmod@sign^0,c
  5594  0017CC  BE1C               	btfsc	(___awmod@dividend+1)^0,7,c
  5595  0017CE  EFED  F00B         	goto	u3880
  5596  0017D2  EFEB  F00B         	goto	u3881
  5597  0017D6                     u3881:
  5598  0017D6  EFF3  F00B         	goto	l3557
  5599  0017DA                     u3880:
  5600  0017DA  6C1B               	negf	___awmod@dividend^0,c
  5601  0017DC  1E1C               	comf	(___awmod@dividend+1)^0,f,c
  5602  0017DE  B0D8               	btfsc	status,0,c
  5603  0017E0  2A1C               	incf	(___awmod@dividend+1)^0,f,c
  5604  0017E2  0E01               	movlw	1
  5605  0017E4  6E20               	movwf	___awmod@sign^0,c
  5606  0017E6                     l3557:
  5607  0017E6  BE1E               	btfsc	(___awmod@divisor+1)^0,7,c
  5608  0017E8  EFFA  F00B         	goto	u3890
  5609  0017EC  EFF8  F00B         	goto	u3891
  5610  0017F0                     u3891:
  5611  0017F0  EFFE  F00B         	goto	l3561
  5612  0017F4                     u3890:
  5613  0017F4  6C1D               	negf	___awmod@divisor^0,c
  5614  0017F6  1E1E               	comf	(___awmod@divisor+1)^0,f,c
  5615  0017F8  B0D8               	btfsc	status,0,c
  5616  0017FA  2A1E               	incf	(___awmod@divisor+1)^0,f,c
  5617  0017FC                     l3561:
  5618  0017FC  501D               	movf	___awmod@divisor^0,w,c
  5619  0017FE  101E               	iorwf	(___awmod@divisor+1)^0,w,c
  5620  001800  B4D8               	btfsc	status,2,c
  5621  001802  EF05  F00C         	goto	u3901
  5622  001806  EF07  F00C         	goto	u3900
  5623  00180A                     u3901:
  5624  00180A  EF2B  F00C         	goto	l3577
  5625  00180E                     u3900:
  5626  00180E  0E01               	movlw	1
  5627  001810  6E1F               	movwf	___awmod@counter^0,c
  5628  001812  EF0F  F00C         	goto	l3567
  5629  001816                     l3565:
  5630  001816  90D8               	bcf	status,0,c
  5631  001818  361D               	rlcf	___awmod@divisor^0,f,c
  5632  00181A  361E               	rlcf	(___awmod@divisor+1)^0,f,c
  5633  00181C  2A1F               	incf	___awmod@counter^0,f,c
  5634  00181E                     l3567:
  5635  00181E  AE1E               	btfss	(___awmod@divisor+1)^0,7,c
  5636  001820  EF14  F00C         	goto	u3911
  5637  001824  EF16  F00C         	goto	u3910
  5638  001828                     u3911:
  5639  001828  EF0B  F00C         	goto	l3565
  5640  00182C                     u3910:
  5641  00182C                     l3569:
  5642  00182C  501D               	movf	___awmod@divisor^0,w,c
  5643  00182E  5C1B               	subwf	___awmod@dividend^0,w,c
  5644  001830  501E               	movf	(___awmod@divisor+1)^0,w,c
  5645  001832  581C               	subwfb	(___awmod@dividend+1)^0,w,c
  5646  001834  A0D8               	btfss	status,0,c
  5647  001836  EF1F  F00C         	goto	u3921
  5648  00183A  EF21  F00C         	goto	u3920
  5649  00183E                     u3921:
  5650  00183E  EF25  F00C         	goto	l3573
  5651  001842                     u3920:
  5652  001842  501D               	movf	___awmod@divisor^0,w,c
  5653  001844  5E1B               	subwf	___awmod@dividend^0,f,c
  5654  001846  501E               	movf	(___awmod@divisor+1)^0,w,c
  5655  001848  5A1C               	subwfb	(___awmod@dividend+1)^0,f,c
  5656  00184A                     l3573:
  5657  00184A  90D8               	bcf	status,0,c
  5658  00184C  321E               	rrcf	(___awmod@divisor+1)^0,f,c
  5659  00184E  321D               	rrcf	___awmod@divisor^0,f,c
  5660  001850  2E1F               	decfsz	___awmod@counter^0,f,c
  5661  001852  EF16  F00C         	goto	l3569
  5662  001856                     l3577:
  5663  001856  5020               	movf	___awmod@sign^0,w,c
  5664  001858  B4D8               	btfsc	status,2,c
  5665  00185A  EF31  F00C         	goto	u3931
  5666  00185E  EF33  F00C         	goto	u3930
  5667  001862                     u3931:
  5668  001862  EF37  F00C         	goto	l3581
  5669  001866                     u3930:
  5670  001866  6C1B               	negf	___awmod@dividend^0,c
  5671  001868  1E1C               	comf	(___awmod@dividend+1)^0,f,c
  5672  00186A  B0D8               	btfsc	status,0,c
  5673  00186C  2A1C               	incf	(___awmod@dividend+1)^0,f,c
  5674  00186E                     l3581:
  5675  00186E  C01B  F01B         	movff	___awmod@dividend,?___awmod
  5676  001872  C01C  F01C         	movff	___awmod@dividend+1,?___awmod+1
  5677  001876  0012               	return		;funcret
  5678  001878                     __end_of___awmod:
  5679                           	callstack 0
  5680                           
  5681 ;; *************** function _T1_init *****************
  5682 ;; Defined at:
  5683 ;;		line 666 in file "menu.c"
  5684 ;; Parameters:    Size  Location     Type
  5685 ;;		None
  5686 ;; Auto vars:     Size  Location     Type
  5687 ;;		None
  5688 ;; Return value:  Size  Location     Type
  5689 ;;                  1    wreg      void 
  5690 ;; Registers used:
  5691 ;;		wreg, status,2
  5692 ;; Tracked objects:
  5693 ;;		On entry : 0/0
  5694 ;;		On exit  : 0/0
  5695 ;;		Unchanged: 0/0
  5696 ;; Data sizes:     COMRAM   BANK0   BANK1   BANK2   BANK3   BANK4   BANK5   BANK6   BANK7   BANK8   BANK9  BANK10  BANK1
      +1  BANK12  BANK13  BANK14  BANK15
  5697 ;;      Params:         0       0       0       0       0       0       0       0       0       0       0       0       
      +0       0       0       0       0
  5698 ;;      Locals:         0       0       0       0       0       0       0       0       0       0       0       0       
      +0       0       0       0       0
  5699 ;;      Temps:          0       0       0       0       0       0       0       0       0       0       0       0       
      +0       0       0       0       0
  5700 ;;      Totals:         0       0       0       0       0       0       0       0       0       0       0       0       
      +0       0       0       0       0
  5701 ;;Total ram usage:        0 bytes
  5702 ;; Hardware stack levels used: 1
  5703 ;; Hardware stack levels required when called: 2
  5704 ;; This function calls:
  5705 ;;		Nothing
  5706 ;; This function is called by:
  5707 ;;		_main
  5708 ;; This function uses a non-reentrant model
  5709 ;;
  5710                           
  5711                           	psect	text23
  5712  001E44                     __ptext23:
  5713                           	callstack 0
  5714  001E44                     _T1_init:
  5715                           	callstack 28
  5716  001E44  50CD               	movf	205,w,c	;volatile
  5717  001E46  0B3F               	andlw	-193
  5718  001E48  0940               	iorlw	64
  5719  001E4A  6ECD               	movwf	205,c	;volatile
  5720  001E4C  0E30               	movlw	48
  5721  001E4E  12CD               	iorwf	205,f,c	;volatile
  5722  001E50  80CD               	bsf	4045,0,c	;volatile
  5723  001E52  909E               	bcf	3998,0,c	;volatile
  5724  001E54  0012               	return		;funcret
  5725  001E56                     __end_of_T1_init:
  5726                           	callstack 0
  5727                           
  5728 ;; *************** function _SPIWrite *****************
  5729 ;; Defined at:
  5730 ;;		line 544 in file "menu.c"
  5731 ;; Parameters:    Size  Location     Type
  5732 ;;  channel         1    wreg     unsigned char 
  5733 ;;  data            1    8[COMRAM] unsigned char 
  5734 ;; Auto vars:     Size  Location     Type
  5735 ;;  channel         1    9[COMRAM] unsigned char 
  5736 ;;  lsb             1   11[COMRAM] unsigned char 
  5737 ;;  msb             1   10[COMRAM] unsigned char 
  5738 ;; Return value:  Size  Location     Type
  5739 ;;                  1    wreg      void 
  5740 ;; Registers used:
  5741 ;;		wreg, status,2, status,0
  5742 ;; Tracked objects:
  5743 ;;		On entry : 0/0
  5744 ;;		On exit  : 0/0
  5745 ;;		Unchanged: 0/0
  5746 ;; Data sizes:     COMRAM   BANK0   BANK1   BANK2   BANK3   BANK4   BANK5   BANK6   BANK7   BANK8   BANK9  BANK10  BANK1
      +1  BANK12  BANK13  BANK14  BANK15
  5747 ;;      Params:         1       0       0       0       0       0       0       0       0       0       0       0       
      +0       0       0       0       0
  5748 ;;      Locals:         3       0       0       0       0       0       0       0       0       0       0       0       
      +0       0       0       0       0
  5749 ;;      Temps:          0       0       0       0       0       0       0       0       0       0       0       0       
      +0       0       0       0       0
  5750 ;;      Totals:         4       0       0       0       0       0       0       0       0       0       0       0       
      +0       0       0       0       0
  5751 ;;Total ram usage:        4 bytes
  5752 ;; Hardware stack levels used: 1
  5753 ;; Hardware stack levels required when called: 2
  5754 ;; This function calls:
  5755 ;;		Nothing
  5756 ;; This function is called by:
  5757 ;;		_main
  5758 ;; This function uses a non-reentrant model
  5759 ;;
  5760                           
  5761                           	psect	text24
  5762  001C24                     __ptext24:
  5763                           	callstack 0
  5764  001C24                     _SPIWrite:
  5765                           	callstack 28
  5766                           
  5767                           ;incstack = 0
  5768                           ;SPIWrite@channel stored from wreg
  5769  001C24  6E0A               	movwf	SPIWrite@channel^0,c
  5770  001C26  968A               	bcf	3978,3,c	;volatile
  5771  001C28  3809               	swapf	SPIWrite@data^0,w,c
  5772  001C2A  0B0F               	andlw	15
  5773  001C2C  100A               	iorwf	SPIWrite@channel^0,w,c
  5774  001C2E  6E0B               	movwf	SPIWrite@msb^0,c
  5775  001C30  3809               	swapf	SPIWrite@data^0,w,c
  5776  001C32  0BF0               	andlw	240
  5777  001C34  6E0C               	movwf	SPIWrite@lsb^0,c
  5778  001C36  C00B  FFC9         	movff	SPIWrite@msb,4041	;volatile
  5779  001C3A                     l286:
  5780  001C3A  A69E               	btfss	3998,3,c	;volatile
  5781  001C3C  EF22  F00E         	goto	u3851
  5782  001C40  EF24  F00E         	goto	u3850
  5783  001C44                     u3851:
  5784  001C44  EF1D  F00E         	goto	l286
  5785  001C48                     u3850:
  5786  001C48  969E               	bcf	3998,3,c	;volatile
  5787  001C4A  C00C  FFC9         	movff	SPIWrite@lsb,4041	;volatile
  5788  001C4E                     l289:
  5789  001C4E  A69E               	btfss	3998,3,c	;volatile
  5790  001C50  EF2C  F00E         	goto	u3861
  5791  001C54  EF2E  F00E         	goto	u3860
  5792  001C58                     u3861:
  5793  001C58  EF27  F00E         	goto	l289
  5794  001C5C                     u3860:
  5795  001C5C  969E               	bcf	3998,3,c	;volatile
  5796  001C5E  868A               	bsf	3978,3,c	;volatile
  5797  001C60  0012               	return		;funcret
  5798  001C62                     __end_of_SPIWrite:
  5799                           	callstack 0
  5800                           
  5801 ;; *************** function _PWM_init *****************
  5802 ;; Defined at:
  5803 ;;		line 648 in file "menu.c"
  5804 ;; Parameters:    Size  Location     Type
  5805 ;;		None
  5806 ;; Auto vars:     Size  Location     Type
  5807 ;;		None
  5808 ;; Return value:  Size  Location     Type
  5809 ;;                  1    wreg      void 
  5810 ;; Registers used:
  5811 ;;		wreg, status,2
  5812 ;; Tracked objects:
  5813 ;;		On entry : 0/0
  5814 ;;		On exit  : 0/0
  5815 ;;		Unchanged: 0/0
  5816 ;; Data sizes:     COMRAM   BANK0   BANK1   BANK2   BANK3   BANK4   BANK5   BANK6   BANK7   BANK8   BANK9  BANK10  BANK1
      +1  BANK12  BANK13  BANK14  BANK15
  5817 ;;      Params:         0       0       0       0       0       0       0       0       0       0       0       0       
      +0       0       0       0       0
  5818 ;;      Locals:         0       0       0       0       0       0       0       0       0       0       0       0       
      +0       0       0       0       0
  5819 ;;      Temps:          0       0       0       0       0       0       0       0       0       0       0       0       
      +0       0       0       0       0
  5820 ;;      Totals:         0       0       0       0       0       0       0       0       0       0       0       0       
      +0       0       0       0       0
  5821 ;;Total ram usage:        0 bytes
  5822 ;; Hardware stack levels used: 1
  5823 ;; Hardware stack levels required when called: 2
  5824 ;; This function calls:
  5825 ;;		Nothing
  5826 ;; This function is called by:
  5827 ;;		_main
  5828 ;; This function uses a non-reentrant model
  5829 ;;
  5830                           
  5831                           	psect	text25
  5832  001C9C                     __ptext25:
  5833                           	callstack 0
  5834  001C9C                     _PWM_init:
  5835                           	callstack 28
  5836  001C9C  8494               	bsf	148,2,c	;volatile
  5837  001C9E  0EFC               	movlw	-4
  5838  001CA0  010F               	movlb	15	; () banked
  5839  001CA2  1749               	andwf	73,f,b	;volatile
  5840  001CA4  0EC7               	movlw	199
  5841  001CA6  6EBB               	movwf	187,c	;volatile
  5842  001CA8  0E3F               	movlw	-193
  5843  001CAA  16BD               	andwf	189,f,c	;volatile
  5844  001CAC  50BD               	movf	189,w,c	;volatile
  5845  001CAE  0BF0               	andlw	-16
  5846  001CB0  090C               	iorlw	12
  5847  001CB2  6EBD               	movwf	189,c	;volatile
  5848  001CB4  0E00               	movlw	0
  5849  001CB6  6EBE               	movwf	190,c	;volatile
  5850  001CB8  0EFC               	movlw	-4
  5851  001CBA  16BA               	andwf	186,f,c	;volatile
  5852  001CBC                     
  5853                           ; BSR set to: 15
  5854  001CBC  929E               	bcf	3998,1,c	;volatile
  5855  001CBE                     
  5856                           ; BSR set to: 15
  5857  001CBE  84BA               	bsf	4026,2,c	;volatile
  5858  001CC0                     l322:
  5859  001CC0  A29E               	btfss	3998,1,c	;volatile
  5860  001CC2  EF65  F00E         	goto	u3831
  5861  001CC6  EF67  F00E         	goto	u3830
  5862  001CCA                     u3831:
  5863  001CCA  EF60  F00E         	goto	l322
  5864  001CCE                     u3830:
  5865  001CCE  9494               	bcf	148,2,c	;volatile
  5866  001CD0  9294               	bcf	148,1,c	;volatile
  5867  001CD2  0012               	return		;funcret
  5868  001CD4                     __end_of_PWM_init:
  5869                           	callstack 0
  5870                           
  5871 ;; *************** function _LCD_ShowString *****************
  5872 ;; Defined at:
  5873 ;;		line 58 in file "lcd.c"
  5874 ;; Parameters:    Size  Location     Type
  5875 ;;  lineNum         1    wreg     unsigned char 
  5876 ;;  textData        2    9[COMRAM] PTR unsigned char 
  5877 ;;		 -> main@text2M(17), main@text1M(17), main@textLEVEL(17), main@text1(17), 
  5878 ;;		 -> main@text2(17), main@textSTOP2(17), main@textSTOP1(17), main@textSTART(17), 
  5879 ;;		 -> main@textDAC(17), main@textADC(17), main@textPWM(17), main@textUART(17), 
  5880 ;;		 -> main@textGPIO(17), 
  5881 ;; Auto vars:     Size  Location     Type
  5882 ;;  lineNum         1   11[COMRAM] unsigned char 
  5883 ;;  i               1   12[COMRAM] unsigned char 
  5884 ;; Return value:  Size  Location     Type
  5885 ;;                  1    wreg      void 
  5886 ;; Registers used:
  5887 ;;		wreg, fsr2l, fsr2h, status,2, status,0, cstack
  5888 ;; Tracked objects:
  5889 ;;		On entry : 0/0
  5890 ;;		On exit  : 0/0
  5891 ;;		Unchanged: 0/0
  5892 ;; Data sizes:     COMRAM   BANK0   BANK1   BANK2   BANK3   BANK4   BANK5   BANK6   BANK7   BANK8   BANK9  BANK10  BANK1
      +1  BANK12  BANK13  BANK14  BANK15
  5893 ;;      Params:         2       0       0       0       0       0       0       0       0       0       0       0       
      +0       0       0       0       0
  5894 ;;      Locals:         2       0       0       0       0       0       0       0       0       0       0       0       
      +0       0       0       0       0
  5895 ;;      Temps:          0       0       0       0       0       0       0       0       0       0       0       0       
      +0       0       0       0       0
  5896 ;;      Totals:         4       0       0       0       0       0       0       0       0       0       0       0       
      +0       0       0       0       0
  5897 ;;Total ram usage:        4 bytes
  5898 ;; Hardware stack levels used: 1
  5899 ;; Hardware stack levels required when called: 3
  5900 ;; This function calls:
  5901 ;;		_LCD_Send
  5902 ;; This function is called by:
  5903 ;;		_main
  5904 ;; This function uses a non-reentrant model
  5905 ;;
  5906                           
  5907                           	psect	text26
  5908  001878                     __ptext26:
  5909                           	callstack 0
  5910  001878                     _LCD_ShowString:
  5911                           	callstack 27
  5912                           
  5913                           ;incstack = 0
  5914                           ;LCD_ShowString@lineNum stored from wreg
  5915  001878  6E0C               	movwf	LCD_ShowString@lineNum^0,c
  5916  00187A                     
  5917                           ;lcd.c: 63:     SSP2CON2bits.SEN = 1;
  5918  00187A  806B               	bsf	107,0,c	;volatile
  5919  00187C                     l364:
  5920  00187C  B06B               	btfsc	107,0,c	;volatile
  5921  00187E  EF43  F00C         	goto	u3781
  5922  001882  EF45  F00C         	goto	u3780
  5923  001886                     u3781:
  5924  001886  EF3E  F00C         	goto	l364
  5925  00188A                     u3780:
  5926  00188A                     
  5927                           ;lcd.c: 65:     SSP2IF = 0;
  5928  00188A  9EA4               	bcf	4004,7,c	;volatile
  5929  00188C                     
  5930                           ;lcd.c: 67:     LCD_Send(0x7c);
  5931  00188C  0E7C               	movlw	124
  5932  00188E  ECCC  F00E         	call	_LCD_Send
  5933                           
  5934                           ;lcd.c: 69:     LCD_Send(0x80);
  5935  001892  0E80               	movlw	128
  5936  001894  ECCC  F00E         	call	_LCD_Send
  5937  001898                     
  5938                           ;lcd.c: 71:     if(lineNum == 1){
  5939  001898  040C               	decf	LCD_ShowString@lineNum^0,w,c
  5940  00189A  A4D8               	btfss	status,2,c
  5941  00189C  EF52  F00C         	goto	u3791
  5942  0018A0  EF54  F00C         	goto	u3790
  5943  0018A4                     u3791:
  5944  0018A4  EF59  F00C         	goto	l3497
  5945  0018A8                     u3790:
  5946  0018A8                     
  5947                           ;lcd.c: 72:         LCD_Send(0x80);
  5948  0018A8  0E80               	movlw	128
  5949  0018AA  ECCC  F00E         	call	_LCD_Send
  5950                           
  5951                           ;lcd.c: 73:     }
  5952  0018AE  EF65  F00C         	goto	l368
  5953  0018B2                     l3497:
  5954  0018B2  0E02               	movlw	2
  5955  0018B4  180C               	xorwf	LCD_ShowString@lineNum^0,w,c
  5956  0018B6  A4D8               	btfss	status,2,c
  5957  0018B8  EF60  F00C         	goto	u3801
  5958  0018BC  EF62  F00C         	goto	u3800
  5959  0018C0                     u3801:
  5960  0018C0  EF65  F00C         	goto	l368
  5961  0018C4                     u3800:
  5962  0018C4                     
  5963                           ;lcd.c: 75:         LCD_Send(0xC0);
  5964  0018C4  0EC0               	movlw	192
  5965  0018C6  ECCC  F00E         	call	_LCD_Send
  5966  0018CA                     l368:
  5967                           
  5968                           ;lcd.c: 78:     LCD_Send(0x40);
  5969  0018CA  0E40               	movlw	64
  5970  0018CC  ECCC  F00E         	call	_LCD_Send
  5971  0018D0                     
  5972                           ;lcd.c: 80:     for (i = 0; i<16; i++){
  5973  0018D0  0E00               	movlw	0
  5974  0018D2  6E0D               	movwf	LCD_ShowString@i^0,c
  5975  0018D4                     l3507:
  5976                           
  5977                           ;lcd.c: 81:         LCD_Send(textData[i]);
  5978  0018D4  500D               	movf	LCD_ShowString@i^0,w,c
  5979  0018D6  240A               	addwf	LCD_ShowString@textData^0,w,c
  5980  0018D8  6ED9               	movwf	fsr2l,c
  5981  0018DA  0E00               	movlw	0
  5982  0018DC  200B               	addwfc	(LCD_ShowString@textData+1)^0,w,c
  5983  0018DE  6EDA               	movwf	fsr2h,c
  5984  0018E0  50DF               	movf	indf2,w,c
  5985  0018E2  ECCC  F00E         	call	_LCD_Send
  5986  0018E6                     
  5987                           ;lcd.c: 82:     }
  5988  0018E6  2A0D               	incf	LCD_ShowString@i^0,f,c
  5989  0018E8  0E0F               	movlw	15
  5990  0018EA  640D               	cpfsgt	LCD_ShowString@i^0,c
  5991  0018EC  EF7A  F00C         	goto	u3811
  5992  0018F0  EF7C  F00C         	goto	u3810
  5993  0018F4                     u3811:
  5994  0018F4  EF6A  F00C         	goto	l3507
  5995  0018F8                     u3810:
  5996  0018F8                     
  5997                           ;lcd.c: 84:     SSP2CON2bits.PEN = 1;
  5998  0018F8  846B               	bsf	107,2,c	;volatile
  5999  0018FA                     l372:
  6000  0018FA  B46B               	btfsc	107,2,c	;volatile
  6001  0018FC  EF82  F00C         	goto	u3821
  6002  001900  EF84  F00C         	goto	u3820
  6003  001904                     u3821:
  6004  001904  EF7D  F00C         	goto	l372
  6005  001908                     u3820:
  6006  001908  0012               	return		;funcret
  6007  00190A                     __end_of_LCD_ShowString:
  6008                           	callstack 0
  6009                           
  6010 ;; *************** function _LCD_Init *****************
  6011 ;; Defined at:
  6012 ;;		line 6 in file "lcd.c"
  6013 ;; Parameters:    Size  Location     Type
  6014 ;;		None
  6015 ;; Auto vars:     Size  Location     Type
  6016 ;;		None
  6017 ;; Return value:  Size  Location     Type
  6018 ;;                  1    wreg      void 
  6019 ;; Registers used:
  6020 ;;		wreg, status,2, cstack
  6021 ;; Tracked objects:
  6022 ;;		On entry : 0/0
  6023 ;;		On exit  : 0/0
  6024 ;;		Unchanged: 0/0
  6025 ;; Data sizes:     COMRAM   BANK0   BANK1   BANK2   BANK3   BANK4   BANK5   BANK6   BANK7   BANK8   BANK9  BANK10  BANK1
      +1  BANK12  BANK13  BANK14  BANK15
  6026 ;;      Params:         0       0       0       0       0       0       0       0       0       0       0       0       
      +0       0       0       0       0
  6027 ;;      Locals:         0       0       0       0       0       0       0       0       0       0       0       0       
      +0       0       0       0       0
  6028 ;;      Temps:          1       0       0       0       0       0       0       0       0       0       0       0       
      +0       0       0       0       0
  6029 ;;      Totals:         1       0       0       0       0       0       0       0       0       0       0       0       
      +0       0       0       0       0
  6030 ;;Total ram usage:        1 bytes
  6031 ;; Hardware stack levels used: 1
  6032 ;; Hardware stack levels required when called: 3
  6033 ;; This function calls:
  6034 ;;		_LCD_Send
  6035 ;; This function is called by:
  6036 ;;		_main
  6037 ;; This function uses a non-reentrant model
  6038 ;;
  6039                           
  6040                           	psect	text27
  6041  001492                     __ptext27:
  6042                           	callstack 0
  6043  001492                     _LCD_Init:
  6044                           	callstack 27
  6045  001492                     
  6046                           ;lcd.c: 8:     ANSELDbits.ANSD0 = 0;
  6047  001492  010F               	movlb	15	; () banked
  6048  001494  913B               	bcf	59,0,b	;volatile
  6049                           
  6050                           ;lcd.c: 9:     ANSELDbits.ANSD1 = 0;
  6051  001496  933B               	bcf	59,1,b	;volatile
  6052                           
  6053                           ;lcd.c: 11:     TRISDbits.TRISD0 = 1;
  6054  001498  8095               	bsf	149,0,c	;volatile
  6055                           
  6056                           ;lcd.c: 12:     TRISDbits.TRISD1 = 1;
  6057  00149A  8295               	bsf	149,1,c	;volatile
  6058                           
  6059                           ;lcd.c: 13:     TRISAbits.TRISA0 = 0;
  6060  00149C  9092               	bcf	146,0,c	;volatile
  6061                           
  6062                           ;lcd.c: 14:     LATAbits.LATA0 = 1;
  6063  00149E  8089               	bsf	137,0,c	;volatile
  6064  0014A0                     
  6065                           ; BSR set to: 15
  6066                           ;lcd.c: 17:     SSP2CON1bits.SSPM = 0b1000;
  6067  0014A0  506C               	movf	108,w,c	;volatile
  6068  0014A2  0BF0               	andlw	-16
  6069  0014A4  0908               	iorlw	8
  6070  0014A6  6E6C               	movwf	108,c	;volatile
  6071                           
  6072                           ;lcd.c: 18:     SSP2ADD = 19;
  6073  0014A8  0E13               	movlw	19
  6074  0014AA  6E6E               	movwf	110,c	;volatile
  6075  0014AC                     
  6076                           ; BSR set to: 15
  6077                           ;lcd.c: 19:     SSP2CON1bits.SSPEN = 1;
  6078  0014AC  8A6C               	bsf	108,5,c	;volatile
  6079  0014AE                     
  6080                           ; BSR set to: 15
  6081                           ;lcd.c: 21:     _delay((unsigned long)((5)*(32E6/4000.0)));
  6082  0014AE  0E34               	movlw	52
  6083  0014B0  6E0A               	movwf	??_LCD_Init^0,c
  6084  0014B2  0EF2               	movlw	242
  6085  0014B4                     u4577:
  6086  0014B4  2EE8               	decfsz	wreg,f,c
  6087  0014B6  D7FE               	bra	u4577
  6088  0014B8  2E0A               	decfsz	??_LCD_Init^0,f,c
  6089  0014BA  D7FC               	bra	u4577
  6090  0014BC                     
  6091                           ;lcd.c: 23:     SSP2CON2bits.SEN = 1;
  6092  0014BC  806B               	bsf	107,0,c	;volatile
  6093  0014BE                     l355:
  6094  0014BE  B06B               	btfsc	107,0,c	;volatile
  6095  0014C0  EF64  F00A         	goto	u3741
  6096  0014C4  EF66  F00A         	goto	u3740
  6097  0014C8                     u3741:
  6098  0014C8  EF5F  F00A         	goto	l355
  6099  0014CC                     u3740:
  6100  0014CC                     
  6101                           ;lcd.c: 25:     SSP2IF = 0;
  6102  0014CC  9EA4               	bcf	4004,7,c	;volatile
  6103  0014CE                     
  6104                           ;lcd.c: 30:     LCD_Send(0x7C);
  6105  0014CE  0E7C               	movlw	124
  6106  0014D0  ECCC  F00E         	call	_LCD_Send
  6107                           
  6108                           ;lcd.c: 31:     LCD_Send(0x80);
  6109  0014D4  0E80               	movlw	128
  6110  0014D6  ECCC  F00E         	call	_LCD_Send
  6111                           
  6112                           ;lcd.c: 32:     LCD_Send(0x38);
  6113  0014DA  0E38               	movlw	56
  6114  0014DC  ECCC  F00E         	call	_LCD_Send
  6115                           
  6116                           ;lcd.c: 33:     LCD_Send(0x80);
  6117  0014E0  0E80               	movlw	128
  6118  0014E2  ECCC  F00E         	call	_LCD_Send
  6119                           
  6120                           ;lcd.c: 34:     LCD_Send(0x39);
  6121  0014E6  0E39               	movlw	57
  6122  0014E8  ECCC  F00E         	call	_LCD_Send
  6123                           
  6124                           ;lcd.c: 35:     LCD_Send(0x80);
  6125  0014EC  0E80               	movlw	128
  6126  0014EE  ECCC  F00E         	call	_LCD_Send
  6127                           
  6128                           ;lcd.c: 36:     LCD_Send(0x17);
  6129  0014F2  0E17               	movlw	23
  6130  0014F4  ECCC  F00E         	call	_LCD_Send
  6131                           
  6132                           ;lcd.c: 37:     LCD_Send(0x80);
  6133  0014F8  0E80               	movlw	128
  6134  0014FA  ECCC  F00E         	call	_LCD_Send
  6135                           
  6136                           ;lcd.c: 38:     LCD_Send(0x7A);
  6137  0014FE  0E7A               	movlw	122
  6138  001500  ECCC  F00E         	call	_LCD_Send
  6139                           
  6140                           ;lcd.c: 39:     LCD_Send(0x80);
  6141  001504  0E80               	movlw	128
  6142  001506  ECCC  F00E         	call	_LCD_Send
  6143                           
  6144                           ;lcd.c: 40:     LCD_Send(0x5E);
  6145  00150A  0E5E               	movlw	94
  6146  00150C  ECCC  F00E         	call	_LCD_Send
  6147                           
  6148                           ;lcd.c: 41:     LCD_Send(0x80);
  6149  001510  0E80               	movlw	128
  6150  001512  ECCC  F00E         	call	_LCD_Send
  6151                           
  6152                           ;lcd.c: 42:     LCD_Send(0x6B);
  6153  001516  0E6B               	movlw	107
  6154  001518  ECCC  F00E         	call	_LCD_Send
  6155                           
  6156                           ;lcd.c: 43:     LCD_Send(0x80);
  6157  00151C  0E80               	movlw	128
  6158  00151E  ECCC  F00E         	call	_LCD_Send
  6159                           
  6160                           ;lcd.c: 44:     LCD_Send(0x0C);
  6161  001522  0E0C               	movlw	12
  6162  001524  ECCC  F00E         	call	_LCD_Send
  6163                           
  6164                           ;lcd.c: 45:     LCD_Send(0x80);
  6165  001528  0E80               	movlw	128
  6166  00152A  ECCC  F00E         	call	_LCD_Send
  6167                           
  6168                           ;lcd.c: 46:     LCD_Send(0x01);
  6169  00152E  0E01               	movlw	1
  6170  001530  ECCC  F00E         	call	_LCD_Send
  6171                           
  6172                           ;lcd.c: 47:     LCD_Send(0x80);
  6173  001534  0E80               	movlw	128
  6174  001536  ECCC  F00E         	call	_LCD_Send
  6175                           
  6176                           ;lcd.c: 48:     LCD_Send(0x06);
  6177  00153A  0E06               	movlw	6
  6178  00153C  ECCC  F00E         	call	_LCD_Send
  6179                           
  6180                           ;lcd.c: 49:     LCD_Send(0x80);
  6181  001540  0E80               	movlw	128
  6182  001542  ECCC  F00E         	call	_LCD_Send
  6183                           
  6184                           ;lcd.c: 50:     LCD_Send(0x02);
  6185  001546  0E02               	movlw	2
  6186  001548  ECCC  F00E         	call	_LCD_Send
  6187  00154C                     
  6188                           ;lcd.c: 52:     SSP2CON2bits.PEN = 1;
  6189  00154C  846B               	bsf	107,2,c	;volatile
  6190  00154E                     l358:
  6191  00154E  B46B               	btfsc	107,2,c	;volatile
  6192  001550  EFAC  F00A         	goto	u3751
  6193  001554  EFAE  F00A         	goto	u3750
  6194  001558                     u3751:
  6195  001558  EFA7  F00A         	goto	l358
  6196  00155C                     u3750:
  6197  00155C                     
  6198                           ;lcd.c: 55:     _delay((unsigned long)((5)*(32E6/4000.0)));
  6199  00155C  0E34               	movlw	52
  6200  00155E  6E0A               	movwf	??_LCD_Init^0,c
  6201  001560  0EF2               	movlw	242
  6202  001562                     u4587:
  6203  001562  2EE8               	decfsz	wreg,f,c
  6204  001564  D7FE               	bra	u4587
  6205  001566  2E0A               	decfsz	??_LCD_Init^0,f,c
  6206  001568  D7FC               	bra	u4587
  6207  00156A  0012               	return		;funcret
  6208  00156C                     __end_of_LCD_Init:
  6209                           	callstack 0
  6210                           
  6211 ;; *************** function _LCD_Clear *****************
  6212 ;; Defined at:
  6213 ;;		line 97 in file "lcd.c"
  6214 ;; Parameters:    Size  Location     Type
  6215 ;;		None
  6216 ;; Auto vars:     Size  Location     Type
  6217 ;;		None
  6218 ;; Return value:  Size  Location     Type
  6219 ;;                  1    wreg      void 
  6220 ;; Registers used:
  6221 ;;		wreg, cstack
  6222 ;; Tracked objects:
  6223 ;;		On entry : 0/0
  6224 ;;		On exit  : 0/0
  6225 ;;		Unchanged: 0/0
  6226 ;; Data sizes:     COMRAM   BANK0   BANK1   BANK2   BANK3   BANK4   BANK5   BANK6   BANK7   BANK8   BANK9  BANK10  BANK1
      +1  BANK12  BANK13  BANK14  BANK15
  6227 ;;      Params:         0       0       0       0       0       0       0       0       0       0       0       0       
      +0       0       0       0       0
  6228 ;;      Locals:         0       0       0       0       0       0       0       0       0       0       0       0       
      +0       0       0       0       0
  6229 ;;      Temps:          0       0       0       0       0       0       0       0       0       0       0       0       
      +0       0       0       0       0
  6230 ;;      Totals:         0       0       0       0       0       0       0       0       0       0       0       0       
      +0       0       0       0       0
  6231 ;;Total ram usage:        0 bytes
  6232 ;; Hardware stack levels used: 1
  6233 ;; Hardware stack levels required when called: 3
  6234 ;; This function calls:
  6235 ;;		_LCD_Send
  6236 ;; This function is called by:
  6237 ;;		_main
  6238 ;; This function uses a non-reentrant model
  6239 ;;
  6240                           
  6241                           	psect	text28
  6242  001D0A                     __ptext28:
  6243                           	callstack 0
  6244  001D0A                     _LCD_Clear:
  6245                           	callstack 27
  6246  001D0A                     
  6247                           ;lcd.c: 98:     SSP2CON2bits.SEN = 1;
  6248  001D0A  806B               	bsf	107,0,c	;volatile
  6249  001D0C                     l387:
  6250  001D0C  B06B               	btfsc	107,0,c	;volatile
  6251  001D0E  EF8B  F00E         	goto	u3761
  6252  001D12  EF8D  F00E         	goto	u3760
  6253  001D16                     u3761:
  6254  001D16  EF86  F00E         	goto	l387
  6255  001D1A                     u3760:
  6256  001D1A                     
  6257                           ;lcd.c: 100:     SSP2IF = 0;
  6258  001D1A  9EA4               	bcf	4004,7,c	;volatile
  6259  001D1C                     
  6260                           ;lcd.c: 102:     LCD_Send(0x7C);
  6261  001D1C  0E7C               	movlw	124
  6262  001D1E  ECCC  F00E         	call	_LCD_Send
  6263                           
  6264                           ;lcd.c: 103:     LCD_Send(0x80);
  6265  001D22  0E80               	movlw	128
  6266  001D24  ECCC  F00E         	call	_LCD_Send
  6267                           
  6268                           ;lcd.c: 104:     LCD_Send(0x01);
  6269  001D28  0E01               	movlw	1
  6270  001D2A  ECCC  F00E         	call	_LCD_Send
  6271  001D2E                     
  6272                           ;lcd.c: 106:     SSP2CON2bits.PEN = 1;
  6273  001D2E  846B               	bsf	107,2,c	;volatile
  6274  001D30                     l390:
  6275  001D30  B46B               	btfsc	107,2,c	;volatile
  6276  001D32  EF9D  F00E         	goto	u3771
  6277  001D36  EF9F  F00E         	goto	u3770
  6278  001D3A                     u3771:
  6279  001D3A  EF98  F00E         	goto	l390
  6280  001D3E                     u3770:
  6281  001D3E  0012               	return		;funcret
  6282  001D40                     __end_of_LCD_Clear:
  6283                           	callstack 0
  6284                           
  6285 ;; *************** function _LCD_Send *****************
  6286 ;; Defined at:
  6287 ;;		line 88 in file "lcd.c"
  6288 ;; Parameters:    Size  Location     Type
  6289 ;;  data            1    wreg     unsigned char 
  6290 ;; Auto vars:     Size  Location     Type
  6291 ;;  data            1    8[COMRAM] unsigned char 
  6292 ;; Return value:  Size  Location     Type
  6293 ;;                  1    wreg      void 
  6294 ;; Registers used:
  6295 ;;		wreg
  6296 ;; Tracked objects:
  6297 ;;		On entry : 0/0
  6298 ;;		On exit  : 0/0
  6299 ;;		Unchanged: 0/0
  6300 ;; Data sizes:     COMRAM   BANK0   BANK1   BANK2   BANK3   BANK4   BANK5   BANK6   BANK7   BANK8   BANK9  BANK10  BANK1
      +1  BANK12  BANK13  BANK14  BANK15
  6301 ;;      Params:         0       0       0       0       0       0       0       0       0       0       0       0       
      +0       0       0       0       0
  6302 ;;      Locals:         1       0       0       0       0       0       0       0       0       0       0       0       
      +0       0       0       0       0
  6303 ;;      Temps:          0       0       0       0       0       0       0       0       0       0       0       0       
      +0       0       0       0       0
  6304 ;;      Totals:         1       0       0       0       0       0       0       0       0       0       0       0       
      +0       0       0       0       0
  6305 ;;Total ram usage:        1 bytes
  6306 ;; Hardware stack levels used: 1
  6307 ;; Hardware stack levels required when called: 2
  6308 ;; This function calls:
  6309 ;;		Nothing
  6310 ;; This function is called by:
  6311 ;;		_LCD_Init
  6312 ;;		_LCD_ShowString
  6313 ;;		_LCD_Clear
  6314 ;; This function uses a non-reentrant model
  6315 ;;
  6316                           
  6317                           	psect	text29
  6318  001D98                     __ptext29:
  6319                           	callstack 0
  6320  001D98                     _LCD_Send:
  6321                           	callstack 27
  6322                           
  6323                           ;incstack = 0
  6324                           ;LCD_Send@data stored from wreg
  6325  001D98  6E09               	movwf	LCD_Send@data^0,c
  6326  001D9A                     
  6327                           ;lcd.c: 90:     SSP2BUF = data;
  6328  001D9A  C009  FF6F         	movff	LCD_Send@data,3951	;volatile
  6329  001D9E                     l378:
  6330  001D9E  B06D               	btfsc	109,0,c	;volatile
  6331  001DA0  EFD4  F00E         	goto	u3571
  6332  001DA4  EFD6  F00E         	goto	u3570
  6333  001DA8                     u3571:
  6334  001DA8  EFCF  F00E         	goto	l378
  6335  001DAC                     u3570:
  6336  001DAC                     l381:
  6337  001DAC  AEA4               	btfss	4004,7,c	;volatile
  6338  001DAE  EFDB  F00E         	goto	u3581
  6339  001DB2  EFDD  F00E         	goto	u3580
  6340  001DB6                     u3581:
  6341  001DB6  EFD6  F00E         	goto	l381
  6342  001DBA                     u3580:
  6343  001DBA                     
  6344                           ;lcd.c: 93:     SSP2IF = 0;
  6345  001DBA  9EA4               	bcf	4004,7,c	;volatile
  6346  001DBC  0012               	return		;funcret
  6347  001DBE                     __end_of_LCD_Send:
  6348                           	callstack 0
  6349                           
  6350 ;; *************** function _IT_init *****************
  6351 ;; Defined at:
  6352 ;;		line 617 in file "menu.c"
  6353 ;; Parameters:    Size  Location     Type
  6354 ;;		None
  6355 ;; Auto vars:     Size  Location     Type
  6356 ;;		None
  6357 ;; Return value:  Size  Location     Type
  6358 ;;                  1    wreg      void 
  6359 ;; Registers used:
  6360 ;;		None
  6361 ;; Tracked objects:
  6362 ;;		On entry : 0/0
  6363 ;;		On exit  : 0/0
  6364 ;;		Unchanged: 0/0
  6365 ;; Data sizes:     COMRAM   BANK0   BANK1   BANK2   BANK3   BANK4   BANK5   BANK6   BANK7   BANK8   BANK9  BANK10  BANK1
      +1  BANK12  BANK13  BANK14  BANK15
  6366 ;;      Params:         0       0       0       0       0       0       0       0       0       0       0       0       
      +0       0       0       0       0
  6367 ;;      Locals:         0       0       0       0       0       0       0       0       0       0       0       0       
      +0       0       0       0       0
  6368 ;;      Temps:          0       0       0       0       0       0       0       0       0       0       0       0       
      +0       0       0       0       0
  6369 ;;      Totals:         0       0       0       0       0       0       0       0       0       0       0       0       
      +0       0       0       0       0
  6370 ;;Total ram usage:        0 bytes
  6371 ;; Hardware stack levels used: 1
  6372 ;; Hardware stack levels required when called: 2
  6373 ;; This function calls:
  6374 ;;		Nothing
  6375 ;; This function is called by:
  6376 ;;		_main
  6377 ;; This function uses a non-reentrant model
  6378 ;;
  6379                           
  6380                           	psect	text30
  6381  001E56                     __ptext30:
  6382                           	callstack 0
  6383  001E56                     _IT_init:
  6384                           	callstack 28
  6385  001E56  8A9D               	bsf	3997,5,c	;volatile
  6386  001E58  8CF2               	bsf	4082,6,c	;volatile
  6387  001E5A  8EF2               	bsf	4082,7,c	;volatile
  6388  001E5C  809D               	bsf	3997,0,c	;volatile
  6389  001E5E  0012               	return		;funcret
  6390  001E60                     __end_of_IT_init:
  6391                           	callstack 0
  6392                           
  6393 ;; *************** function _GPIO_init *****************
  6394 ;; Defined at:
  6395 ;;		line 630 in file "menu.c"
  6396 ;; Parameters:    Size  Location     Type
  6397 ;;		None
  6398 ;; Auto vars:     Size  Location     Type
  6399 ;;		None
  6400 ;; Return value:  Size  Location     Type
  6401 ;;                  1    wreg      void 
  6402 ;; Registers used:
  6403 ;;		None
  6404 ;; Tracked objects:
  6405 ;;		On entry : 0/0
  6406 ;;		On exit  : 0/0
  6407 ;;		Unchanged: 0/0
  6408 ;; Data sizes:     COMRAM   BANK0   BANK1   BANK2   BANK3   BANK4   BANK5   BANK6   BANK7   BANK8   BANK9  BANK10  BANK1
      +1  BANK12  BANK13  BANK14  BANK15
  6409 ;;      Params:         0       0       0       0       0       0       0       0       0       0       0       0       
      +0       0       0       0       0
  6410 ;;      Locals:         0       0       0       0       0       0       0       0       0       0       0       0       
      +0       0       0       0       0
  6411 ;;      Temps:          0       0       0       0       0       0       0       0       0       0       0       0       
      +0       0       0       0       0
  6412 ;;      Totals:         0       0       0       0       0       0       0       0       0       0       0       0       
      +0       0       0       0       0
  6413 ;;Total ram usage:        0 bytes
  6414 ;; Hardware stack levels used: 1
  6415 ;; Hardware stack levels required when called: 2
  6416 ;; This function calls:
  6417 ;;		Nothing
  6418 ;; This function is called by:
  6419 ;;		_main
  6420 ;; This function uses a non-reentrant model
  6421 ;;
  6422                           
  6423                           	psect	text31
  6424  001DE2                     __ptext31:
  6425                           	callstack 0
  6426  001DE2                     _GPIO_init:
  6427                           	callstack 28
  6428  001DE2  9495               	bcf	149,2,c	;volatile
  6429  001DE4  9695               	bcf	149,3,c	;volatile
  6430  001DE6  9894               	bcf	148,4,c	;volatile
  6431  001DE8  9895               	bcf	149,4,c	;volatile
  6432  001DEA  9A95               	bcf	149,5,c	;volatile
  6433  001DEC  9C95               	bcf	149,6,c	;volatile
  6434  001DEE  010F               	movlb	15	; () banked
  6435  001DF0  9738               	bcf	56,3,b	;volatile
  6436  001DF2  9538               	bcf	56,2,b	;volatile
  6437  001DF4  8094               	bsf	148,0,c	;volatile
  6438  001DF6  8892               	bsf	146,4,c	;volatile
  6439  001DF8  8692               	bsf	146,3,c	;volatile
  6440  001DFA  8492               	bsf	146,2,c	;volatile
  6441  001DFC                     
  6442                           ; BSR set to: 15
  6443  001DFC  0012               	return		;funcret
  6444  001DFE                     __end_of_GPIO_init:
  6445                           	callstack 0
  6446                           
  6447 ;; *************** function _UART_TMR1_ISR *****************
  6448 ;; Defined at:
  6449 ;;		line 68 in file "menu.c"
  6450 ;; Parameters:    Size  Location     Type
  6451 ;;		None
  6452 ;; Auto vars:     Size  Location     Type
  6453 ;;  tmr_over        2    5[COMRAM] unsigned int 
  6454 ;;  zprava          1    7[COMRAM] unsigned char 
  6455 ;; Return value:  Size  Location     Type
  6456 ;;                  1    wreg      void 
  6457 ;; Registers used:
  6458 ;;		wreg, fsr2l, fsr2h, status,2, status,0, cstack
  6459 ;; Tracked objects:
  6460 ;;		On entry : 0/0
  6461 ;;		On exit  : 0/0
  6462 ;;		Unchanged: 0/0
  6463 ;; Data sizes:     COMRAM   BANK0   BANK1   BANK2   BANK3   BANK4   BANK5   BANK6   BANK7   BANK8   BANK9  BANK10  BANK1
      +1  BANK12  BANK13  BANK14  BANK15
  6464 ;;      Params:         0       0       0       0       0       0       0       0       0       0       0       0       
      +0       0       0       0       0
  6465 ;;      Locals:         3       0       0       0       0       0       0       0       0       0       0       0       
      +0       0       0       0       0
  6466 ;;      Temps:          4       0       0       0       0       0       0       0       0       0       0       0       
      +0       0       0       0       0
  6467 ;;      Totals:         7       0       0       0       0       0       0       0       0       0       0       0       
      +0       0       0       0       0
  6468 ;;Total ram usage:        7 bytes
  6469 ;; Hardware stack levels used: 1
  6470 ;; Hardware stack levels required when called: 1
  6471 ;; This function calls:
  6472 ;;		i2_driveLED
  6473 ;; This function is called by:
  6474 ;;		Interrupt level 2
  6475 ;; This function uses a non-reentrant model
  6476 ;;
  6477                           
  6478                           	psect	intcode
  6479  000008                     __pintcode:
  6480                           	callstack 0
  6481  000008                     _UART_TMR1_ISR:
  6482                           	callstack 21
  6483                           
  6484                           ; BSR set to: 15
  6485                           ;incstack = 0
  6486  000008  8257               	bsf	int$flags,1,c	;set compiler interrupt flag (level 2)
  6487  00000A  CFD9 F004          	movff	fsr2l,??_UART_TMR1_ISR+2
  6488  00000E  CFDA F005          	movff	fsr2h,??_UART_TMR1_ISR+3
  6489  000012                     
  6490                           ;menu.c: 70:     static unsigned char RX_i = 0;;menu.c: 70:                 if(PORTAbits
      +                          .RA2);menu.c: 70:     TRISBbits.TRISB3 = 0;;menu.c: 71:     char zprava;;menu.c: 71:    
      +                                       {;menu.c: 71: ;menu.c: 73:     if(RC1IE && RC1IF);menu.c: 73:              
      +                                 if(PORTAbits.RA2);menu.c: 73: 
  6491  000012  AA9D               	btfss	3997,5,c	;volatile
  6492  000014  EF0E  F000         	goto	i2u251_41
  6493  000018  EF10  F000         	goto	i2u251_40
  6494  00001C                     i2u251_41:
  6495  00001C  EF35  F000         	goto	i2l2673
  6496  000020                     i2u251_40:
  6497  000020  AA9E               	btfss	3998,5,c	;volatile
  6498  000022  EF15  F000         	goto	i2u252_41
  6499  000026  EF17  F000         	goto	i2u252_40
  6500  00002A                     i2u252_41:
  6501  00002A  EF35  F000         	goto	i2l2673
  6502  00002E                     i2u252_40:
  6503  00002E                     
  6504                           ;menu.c: 74:     {;menu.c: 74:                     {;menu.c: 74:     SSP1CON1bits.SSPM =
      +                           0b0010;;menu.c: 75:         zprava = RCREG1;;menu.c: 75:                         menu_p
      +                          osition = 6;;menu.c: 75:     SSP1CON1bits.CKP = 0;
  6505  00002E  CFAE F008          	movff	4014,UART_TMR1_ISR@zprava	;volatile
  6506  000032                     
  6507                           ;menu.c: 76:         if(zprava == '.');menu.c: 76:                         break;;menu.c
      +                          : 76:     SSP1STATbits.CKE = 1;
  6508  000032  0E2E               	movlw	46
  6509  000034  1808               	xorwf	UART_TMR1_ISR@zprava^0,w,c
  6510  000036  A4D8               	btfss	status,2,c
  6511  000038  EF20  F000         	goto	i2u253_41
  6512  00003C  EF22  F000         	goto	i2u253_40
  6513  000040                     i2u253_41:
  6514  000040  EF2C  F000         	goto	i2l2669
  6515  000044                     i2u253_40:
  6516  000044                     
  6517                           ;menu.c: 77:         {;menu.c: 77:                     };menu.c: 77:     SSP1CON1bits.SS
      +                          PEN = 1;;menu.c: 78:             message1.length = RX_i;;menu.c: 78:                 };m
      +                          enu.c: 78: }
  6518  000044  C052  F265         	movff	UART_TMR1_ISR@RX_i,_message1+101	;volatile
  6519  000048  0102               	movlb	2	; () banked
  6520  00004A  6B66               	clrf	(_message1+102)& (0+255),b	;volatile
  6521  00004C                     
  6522                           ; BSR set to: 2
  6523                           ;menu.c: 79:             RX_i = 0;;menu.c: 79:                 };menu.c: 79: 
  6524  00004C  0E00               	movlw	0
  6525  00004E  6E52               	movwf	UART_TMR1_ISR@RX_i^0,c
  6526                           
  6527                           ;menu.c: 80:             message1.full = 1;;menu.c: 80: ;menu.c: 80: void adc_init(void)
      +                          {
  6528  000050  0E01               	movlw	1
  6529  000052  6F64               	movwf	(_message1+100)& (0+255),b	;volatile
  6530                           
  6531                           ;menu.c: 81:         };menu.c: 81:             break;;menu.c: 81:     ANSELAbits.ANSA5 =
      +                           1;
  6532  000054  EF35  F000         	goto	i2l2673
  6533  000058                     i2l2669:
  6534                           
  6535                           ;menu.c: 83:         {;menu.c: 83:         case 4:;menu.c: 83:     ANSELBbits.ANSB5 = 1;
      +                          ;menu.c: 84:             message1.data[RX_i] = zprava;;menu.c: 84: ;menu.c: 84: 
  6536  000058  0E00               	movlw	low _message1
  6537  00005A  2452               	addwf	UART_TMR1_ISR@RX_i^0,w,c
  6538  00005C  6ED9               	movwf	fsr2l,c
  6539  00005E  6ADA               	clrf	fsr2h,c
  6540  000060  0E02               	movlw	high _message1
  6541  000062  22DA               	addwfc	fsr2h,f,c
  6542  000064  C008  FFDF         	movff	UART_TMR1_ISR@zprava,indf2
  6543  000068                     
  6544                           ;menu.c: 85:             RX_i++;;menu.c: 85:                 LCD_Clear();;menu.c: 85:   
      +                            TRISAbits.RA5 = 1;
  6545  000068  2A52               	incf	UART_TMR1_ISR@RX_i^0,f,c
  6546  00006A                     i2l2673:
  6547                           
  6548                           ;menu.c: 89:     if (TX1IE && TX1IF);menu.c: 89:                 unsigned int pot1, pot2
      +                          ;;menu.c: 89:     ADCON2bits.ADFM = 1;
  6549  00006A  A89D               	btfss	3997,4,c	;volatile
  6550  00006C  EF3A  F000         	goto	i2u254_41
  6551  000070  EF3C  F000         	goto	i2u254_40
  6552  000074                     i2u254_41:
  6553  000074  EF5B  F000         	goto	i2l2685
  6554  000078                     i2u254_40:
  6555  000078  A89E               	btfss	3998,4,c	;volatile
  6556  00007A  EF41  F000         	goto	i2u255_41
  6557  00007E  EF43  F000         	goto	i2u255_40
  6558  000082                     i2u255_41:
  6559  000082  EF5B  F000         	goto	i2l2685
  6560  000086                     i2u255_40:
  6561  000086                     
  6562                           ;menu.c: 90:     {;menu.c: 90:                 unsigned int sin_final;;menu.c: 90:     A
      +                          DCON2bits.ADCS = 0b110;;menu.c: 91:         TXREG1 = message1.data[message1.length -1];;
      +                          menu.c: 91:                 uint8_t j = 0;;menu.c: 91:     ADCON2bits.ACQT = 0b110;
  6563  000086  0EFF               	movlw	low (_message1+65535)
  6564  000088  0102               	movlb	2	; () banked
  6565  00008A  2565               	addwf	(_message1+101)& (0+255),w,b	;volatile
  6566  00008C  6ED9               	movwf	fsr2l,c
  6567  00008E  0E01               	movlw	high (_message1+65535)
  6568  000090  2166               	addwfc	(_message1+102)& (0+255),w,b	;volatile
  6569  000092  6EDA               	movwf	fsr2h,c
  6570  000094  50DF               	movf	indf2,w,c
  6571  000096  6EAD               	movwf	173,c	;volatile
  6572  000098                     
  6573                           ; BSR set to: 2
  6574                           ;menu.c: 92:         if(message1.length == 1);menu.c: 92: ;menu.c: 92:     ADCON0bits.AD
      +                          ON = 1;
  6575  000098  0565               	decf	(_message1+101)& (0+255),w,b	;volatile
  6576  00009A  1166               	iorwf	(_message1+102)& (0+255),w,b	;volatile
  6577  00009C  A4D8               	btfss	status,2,c
  6578  00009E  EF53  F000         	goto	i2u256_41
  6579  0000A2  EF55  F000         	goto	i2u256_40
  6580  0000A6                     i2u256_41:
  6581  0000A6  EF58  F000         	goto	i2l2683
  6582  0000AA                     i2u256_40:
  6583  0000AA                     
  6584                           ; BSR set to: 2
  6585                           ;menu.c: 93:         {;menu.c: 93: ;menu.c: 93: };menu.c: 94:             TX1IE = 0;;men
      +                          u.c: 94:                 while(1){;menu.c: 94: 
  6586  0000AA  989D               	bcf	3997,4,c	;volatile
  6587                           
  6588                           ;menu.c: 95:         };menu.c: 95:                     pot1 = adc_read(4);;menu.c: 95: u
      +                          nsigned int adc_read(char channel){
  6589  0000AC  EF5B  F000         	goto	i2l2685
  6590  0000B0                     i2l2683:
  6591                           
  6592                           ; BSR set to: 2
  6593                           ;menu.c: 97:         {;menu.c: 97:                     pot2 = adc_read(5);;menu.c: 97:  
      +                             ADCON0bits.CHS = channel;;menu.c: 98:             message1.length--;;menu.c: 98:     
      +                                          pot2 = pot2/8;;menu.c: 98: 
  6594  0000B0  0765               	decf	(_message1+101)& (0+255),f,b	;volatile
  6595  0000B2  A0D8               	btfss	status,0,c
  6596  0000B4  0766               	decf	(_message1+102)& (0+255),f,b	;volatile
  6597  0000B6                     i2l2685:
  6598                           
  6599                           ;menu.c: 102:     if(TMR1IF && TMR1IE && (game_state == GAME_CONTINUE));menu.c: 102:    
      +                                               SPIWrite(0b10110000, pot1);;menu.c: 102:     return value;
  6600  0000B6  A09E               	btfss	3998,0,c	;volatile
  6601  0000B8  EF60  F000         	goto	i2u257_41
  6602  0000BC  EF62  F000         	goto	i2u257_40
  6603  0000C0                     i2u257_41:
  6604  0000C0  EFAD  F000         	goto	i2l167
  6605  0000C4                     i2u257_40:
  6606  0000C4  A09D               	btfss	3997,0,c	;volatile
  6607  0000C6  EF67  F000         	goto	i2u258_41
  6608  0000CA  EF69  F000         	goto	i2u258_40
  6609  0000CE                     i2u258_41:
  6610  0000CE  EFAD  F000         	goto	i2l167
  6611  0000D2                     i2u258_40:
  6612  0000D2  0E02               	movlw	2
  6613  0000D4  1854               	xorwf	_game_state^0,w,c	;volatile
  6614  0000D6  A4D8               	btfss	status,2,c
  6615  0000D8  EF70  F000         	goto	i2u259_41
  6616  0000DC  EF72  F000         	goto	i2u259_40
  6617  0000E0                     i2u259_41:
  6618  0000E0  EFAD  F000         	goto	i2l167
  6619  0000E4                     i2u259_40:
  6620  0000E4                     
  6621                           ;menu.c: 103:     {;menu.c: 103:                         j++;;menu.c: 103: };menu.c: 104
      +                          :         static unsigned char i = 0;;menu.c: 104:                     };menu.c: 104: ;m
      +                          enu.c: 105:         unsigned int tmr_over = 0xFFFF - delay;;menu.c: 105:                
      +                               else if((tabulka[j] < pot2) && (tabulka[j] < 128));menu.c: 105: void uart_init(void
      +                          ){
  6622  0000E4  1C55               	comf	_delay^0,w,c	;volatile
  6623  0000E6  6E06               	movwf	UART_TMR1_ISR@tmr_over^0,c
  6624  0000E8  1C56               	comf	(_delay+1)^0,w,c	;volatile
  6625  0000EA  6E07               	movwf	(UART_TMR1_ISR@tmr_over+1)^0,c
  6626                           
  6627                           ;menu.c: 106:         led_stateHRA |= (1 << w);;menu.c: 106:                     {;menu.
      +                          c: 106:     ANSELCbits.ANSC6 = 0;
  6628  0000EC  C1D4  F002         	movff	_w,??_UART_TMR1_ISR	;volatile
  6629  0000F0  0E01               	movlw	1
  6630  0000F2  6E03               	movwf	(??_UART_TMR1_ISR+1)^0,c
  6631  0000F4  2A02               	incf	??_UART_TMR1_ISR^0,f,c
  6632  0000F6  EF7F  F000         	goto	i2u260_44
  6633  0000FA                     i2u260_45:
  6634  0000FA  90D8               	bcf	status,0,c
  6635  0000FC  3603               	rlcf	(??_UART_TMR1_ISR+1)^0,f,c
  6636  0000FE                     i2u260_44:
  6637  0000FE  2E02               	decfsz	??_UART_TMR1_ISR^0,f,c
  6638  000100  EF7D  F000         	goto	i2u260_45
  6639  000104  5003               	movf	(??_UART_TMR1_ISR+1)^0,w,c
  6640  000106  1253               	iorwf	_led_stateHRA^0,f,c	;volatile
  6641  000108                     
  6642                           ;menu.c: 107:         driveLED(led_stateHRA);;menu.c: 107:                         SPIWr
      +                          ite(0b10110000, pot2);;menu.c: 107:     ANSELCbits.ANSC7 = 0;
  6643  000108  5053               	movf	_led_stateHRA^0,w,c	;volatile
  6644  00010A  ECBD  F00C         	call	i2_driveLED
  6645  00010E                     
  6646                           ;menu.c: 108:         if(i>100);menu.c: 108:                         j++;;menu.c: 108:  
      +                             TRISCbits.TRISC6 = 0;
  6647  00010E  0E64               	movlw	100
  6648  000110  6451               	cpfsgt	UART_TMR1_ISR@i^0,c
  6649  000112  EF8D  F000         	goto	i2u261_41
  6650  000116  EF8F  F000         	goto	i2u261_40
  6651  00011A                     i2u261_41:
  6652  00011A  EF94  F000         	goto	i2l2701
  6653  00011E                     i2u261_40:
  6654  00011E                     
  6655                           ;menu.c: 109:         {;menu.c: 109:                     };menu.c: 109:     TRISCbits.TR
      +                          ISC7 = 1;;menu.c: 110:             w++;;menu.c: 110:                     else;menu.c: 11
      +                          0: 
  6656  00011E  0101               	movlb	1	; () banked
  6657  000120  4BD4               	infsnz	_w& (0+255),f,b	;volatile
  6658  000122  2BD5               	incf	(_w+1)& (0+255),f,b	;volatile
  6659  000124                     
  6660                           ; BSR set to: 1
  6661                           ;menu.c: 111:             i=0;;menu.c: 111:                     {;menu.c: 111: 
  6662  000124  0E00               	movlw	0
  6663  000126  6E51               	movwf	UART_TMR1_ISR@i^0,c
  6664  000128                     i2l2701:
  6665                           
  6666                           ;menu.c: 113:         i++;;menu.c: 113:                     };menu.c: 113:     RCSTA1bit
      +                          s.SPEN = 1;
  6667  000128  2A51               	incf	UART_TMR1_ISR@i^0,f,c
  6668  00012A                     
  6669                           ;menu.c: 114:         TMR1 = tmr_over;;menu.c: 114:                     if(j == 128) j=0
      +                          ;;menu.c: 114:     TXSTA1bits.SYNC = 0;
  6670  00012A  C006  FFCE         	movff	UART_TMR1_ISR@tmr_over,4046	;volatile
  6671  00012E  C007  FFCF         	movff	UART_TMR1_ISR@tmr_over+1,4047	;volatile
  6672  000132                     
  6673                           ;menu.c: 115:         TMR1IF = 0;;menu.c: 115: ;menu.c: 115:     TXSTA1bits.TXEN = 1;
  6674  000132  909E               	bcf	3998,0,c	;volatile
  6675  000134                     
  6676                           ;menu.c: 117:         if(w == 6);menu.c: 117:                     printf("%u\r",sin_fina
      +                          l);;menu.c: 117: }
  6677  000134  0E06               	movlw	6
  6678  000136  0101               	movlb	1	; () banked
  6679  000138  19D4               	xorwf	_w& (0+255),w,b	;volatile
  6680  00013A  11D5               	iorwf	(_w+1)& (0+255),w,b	;volatile
  6681  00013C  A4D8               	btfss	status,2,c
  6682  00013E  EFA3  F000         	goto	i2u262_41
  6683  000142  EFA5  F000         	goto	i2u262_40
  6684  000146                     i2u262_41:
  6685  000146  EFAE  F000         	goto	i2l173
  6686  00014A                     i2u262_40:
  6687  00014A                     
  6688                           ; BSR set to: 1
  6689                           ;menu.c: 118:         {;menu.c: 118:                     _delay((unsigned long)((1)*(32e
      +                          6/4000.0)));;menu.c: 118: ;menu.c: 119:             led_stateHRA = 0;;menu.c: 119: ;menu
      +                          .c: 119: void IT_init(void)
  6690  00014A  0E00               	movlw	0
  6691  00014C  6E53               	movwf	_led_stateHRA^0,c	;volatile
  6692  00014E                     
  6693                           ; BSR set to: 1
  6694                           ;menu.c: 120:             w = -1;;menu.c: 120:                 if(PORTAbits.RA2);menu.c:
      +                           120: {
  6695  00014E  69D4               	setf	_w& (0+255),b	;volatile
  6696  000150  69D5               	setf	(_w+1)& (0+255),b	;volatile
  6697                           
  6698                           ;menu.c: 121:             game_state = GAME_STOP;;menu.c: 121:                 {;menu.c:
      +                           121:     RC1IE = 1;
  6699  000152  0E01               	movlw	1
  6700  000154  6E54               	movwf	_game_state^0,c	;volatile
  6701  000156  EFAE  F000         	goto	i2l173
  6702  00015A                     i2l167:
  6703                           
  6704                           ;menu.c: 125:     {;menu.c: 125:                         menu_position = 6;;menu.c: 125:
      +                           };menu.c: 126:         TMR1IF = 0;;menu.c: 126:                         break;;menu.c: 
      +                          126: 
  6705  00015A  909E               	bcf	3998,0,c	;volatile
  6706  00015C                     i2l173:
  6707  00015C  C005  FFDA         	movff	??_UART_TMR1_ISR+3,fsr2h
  6708  000160  C004  FFD9         	movff	??_UART_TMR1_ISR+2,fsr2l
  6709  000164  9257               	bcf	int$flags,1,c	;clear compiler interrupt flag (level 2)
  6710  000166  0011               	retfie		f
  6711  000168                     __end_of_UART_TMR1_ISR:
  6712                           	callstack 0
  6713                           
  6714 ;; *************** function i2_driveLED *****************
  6715 ;; Defined at:
  6716 ;;		line 534 in file "menu.c"
  6717 ;; Parameters:    Size  Location     Type
  6718 ;;  in              1    wreg     unsigned char 
  6719 ;; Auto vars:     Size  Location     Type
  6720 ;;  in              1    0[COMRAM] unsigned char 
  6721 ;; Return value:  Size  Location     Type
  6722 ;;                  1    wreg      void 
  6723 ;; Registers used:
  6724 ;;		wreg
  6725 ;; Tracked objects:
  6726 ;;		On entry : 0/0
  6727 ;;		On exit  : 0/0
  6728 ;;		Unchanged: 0/0
  6729 ;; Data sizes:     COMRAM   BANK0   BANK1   BANK2   BANK3   BANK4   BANK5   BANK6   BANK7   BANK8   BANK9  BANK10  BANK1
      +1  BANK12  BANK13  BANK14  BANK15
  6730 ;;      Params:         0       0       0       0       0       0       0       0       0       0       0       0       
      +0       0       0       0       0
  6731 ;;      Locals:         1       0       0       0       0       0       0       0       0       0       0       0       
      +0       0       0       0       0
  6732 ;;      Temps:          0       0       0       0       0       0       0       0       0       0       0       0       
      +0       0       0       0       0
  6733 ;;      Totals:         1       0       0       0       0       0       0       0       0       0       0       0       
      +0       0       0       0       0
  6734 ;;Total ram usage:        1 bytes
  6735 ;; Hardware stack levels used: 1
  6736 ;; This function calls:
  6737 ;;		Nothing
  6738 ;; This function is called by:
  6739 ;;		_UART_TMR1_ISR
  6740 ;; This function uses a non-reentrant model
  6741 ;;
  6742                           
  6743                           	psect	text33
  6744  00197A                     __ptext33:
  6745                           	callstack 0
  6746  00197A                     i2_driveLED:
  6747                           	callstack 21
  6748                           
  6749                           ;incstack = 0
  6750                           ;i2driveLED@in stored from wreg
  6751  00197A  6E01               	movwf	i2driveLED@in^0,c
  6752  00197C  A001               	btfss	i2driveLED@in^0,0,c
  6753  00197E  EFC3  F00C         	goto	i2u239_41
  6754  001982  EFC6  F00C         	goto	i2u239_40
  6755  001986                     i2u239_41:
  6756  001986  848C               	bsf	3980,2,c	;volatile
  6757  001988  EFC7  F00C         	goto	i2u240_45
  6758  00198C                     i2u239_40:
  6759  00198C  948C               	bcf	3980,2,c	;volatile
  6760  00198E                     i2u240_45:
  6761  00198E  A201               	btfss	i2driveLED@in^0,1,c
  6762  001990  EFCC  F00C         	goto	i2u241_41
  6763  001994  EFCF  F00C         	goto	i2u241_40
  6764  001998                     i2u241_41:
  6765  001998  868C               	bsf	3980,3,c	;volatile
  6766  00199A  EFD0  F00C         	goto	i2u242_45
  6767  00199E                     i2u241_40:
  6768  00199E  968C               	bcf	3980,3,c	;volatile
  6769  0019A0                     i2u242_45:
  6770  0019A0  A401               	btfss	i2driveLED@in^0,2,c
  6771  0019A2  EFD5  F00C         	goto	i2u243_41
  6772  0019A6  EFD8  F00C         	goto	i2u243_40
  6773  0019AA                     i2u243_41:
  6774  0019AA  888B               	bsf	3979,4,c	;volatile
  6775  0019AC  EFD9  F00C         	goto	i2u244_45
  6776  0019B0                     i2u243_40:
  6777  0019B0  988B               	bcf	3979,4,c	;volatile
  6778  0019B2                     i2u244_45:
  6779  0019B2  A601               	btfss	i2driveLED@in^0,3,c
  6780  0019B4  EFDE  F00C         	goto	i2u245_41
  6781  0019B8  EFE1  F00C         	goto	i2u245_40
  6782  0019BC                     i2u245_41:
  6783  0019BC  888C               	bsf	3980,4,c	;volatile
  6784  0019BE  EFE2  F00C         	goto	i2u246_45
  6785  0019C2                     i2u245_40:
  6786  0019C2  988C               	bcf	3980,4,c	;volatile
  6787  0019C4                     i2u246_45:
  6788  0019C4  A801               	btfss	i2driveLED@in^0,4,c
  6789  0019C6  EFE7  F00C         	goto	i2u247_41
  6790  0019CA  EFEA  F00C         	goto	i2u247_40
  6791  0019CE                     i2u247_41:
  6792  0019CE  8A8C               	bsf	3980,5,c	;volatile
  6793  0019D0  EFEB  F00C         	goto	i2u248_45
  6794  0019D4                     i2u247_40:
  6795  0019D4  9A8C               	bcf	3980,5,c	;volatile
  6796  0019D6                     i2u248_45:
  6797  0019D6  AA01               	btfss	i2driveLED@in^0,5,c
  6798  0019D8  EFF0  F00C         	goto	i2u249_41
  6799  0019DC  EFF3  F00C         	goto	i2u249_40
  6800  0019E0                     i2u249_41:
  6801  0019E0  8C8C               	bsf	3980,6,c	;volatile
  6802  0019E2  EFF4  F00C         	goto	i2u250_45
  6803  0019E6                     i2u249_40:
  6804  0019E6  9C8C               	bcf	3980,6,c	;volatile
  6805  0019E8                     i2u250_45:
  6806  0019E8  0012               	return		;funcret
  6807  0019EA                     __end_ofi2_driveLED:
  6808                           	callstack 0
  6809                           
  6810                           	psect	rparam
  6811  0000                     
  6812                           	psect	temp
  6813  000057                     btemp:
  6814                           	callstack 0
  6815  000057                     	ds	1
  6816  0000                     int$flags	set	btemp
  6817  0000                     wtemp8	set	btemp+1
  6818  0000                     ttemp5	set	btemp+1
  6819  0000                     ttemp6	set	btemp+4
  6820  0000                     ttemp7	set	btemp+8
  6821                           
  6822                           	psect	idloc
  6823                           
  6824                           ;Config register IDLOC0 @ 0x200000
  6825                           ;	unspecified, using default values
  6826  200000                     	org	2097152
  6827  200000  FF                 	db	255
  6828                           
  6829                           ;Config register IDLOC1 @ 0x200001
  6830                           ;	unspecified, using default values
  6831  200001                     	org	2097153
  6832  200001  FF                 	db	255
  6833                           
  6834                           ;Config register IDLOC2 @ 0x200002
  6835                           ;	unspecified, using default values
  6836  200002                     	org	2097154
  6837  200002  FF                 	db	255
  6838                           
  6839                           ;Config register IDLOC3 @ 0x200003
  6840                           ;	unspecified, using default values
  6841  200003                     	org	2097155
  6842  200003  FF                 	db	255
  6843                           
  6844                           ;Config register IDLOC4 @ 0x200004
  6845                           ;	unspecified, using default values
  6846  200004                     	org	2097156
  6847  200004  FF                 	db	255
  6848                           
  6849                           ;Config register IDLOC5 @ 0x200005
  6850                           ;	unspecified, using default values
  6851  200005                     	org	2097157
  6852  200005  FF                 	db	255
  6853                           
  6854                           ;Config register IDLOC6 @ 0x200006
  6855                           ;	unspecified, using default values
  6856  200006                     	org	2097158
  6857  200006  FF                 	db	255
  6858                           
  6859                           ;Config register IDLOC7 @ 0x200007
  6860                           ;	unspecified, using default values
  6861  200007                     	org	2097159
  6862  200007  FF                 	db	255
  6863                           
  6864                           	psect	config
  6865                           
  6866                           ; Padding undefined space
  6867  300000                     	org	3145728
  6868  300000  FF                 	db	255
  6869                           
  6870                           ;Config register CONFIG1H @ 0x300001
  6871                           ;	Oscillator Selection bits
  6872                           ;	FOSC = HSMP, HS oscillator (medium power 4-16 MHz)
  6873                           ;	4X PLL Enable
  6874                           ;	PLLCFG = ON, Oscillator multiplied by 4
  6875                           ;	Primary clock enable bit
  6876                           ;	PRICLKEN = 0x1, unprogrammed default
  6877                           ;	Fail-Safe Clock Monitor Enable bit
  6878                           ;	FCMEN = ON, Fail-Safe Clock Monitor enabled
  6879                           ;	Internal/External Oscillator Switchover bit
  6880                           ;	IESO = 0x0, unprogrammed default
  6881  300001                     	org	3145729
  6882  300001  73                 	db	115
  6883                           
  6884                           ;Config register CONFIG2L @ 0x300002
  6885                           ;	unspecified, using default values
  6886                           ;	Power-up Timer Enable bit
  6887                           ;	PWRTEN = 0x1, unprogrammed default
  6888                           ;	Brown-out Reset Enable bits
  6889                           ;	BOREN = 0x3, unprogrammed default
  6890                           ;	Brown Out Reset Voltage bits
  6891                           ;	BORV = 0x3, unprogrammed default
  6892  300002                     	org	3145730
  6893  300002  1F                 	db	31
  6894                           
  6895                           ;Config register CONFIG2H @ 0x300003
  6896                           ;	Watchdog Timer Enable bits
  6897                           ;	WDTEN = OFF, Watch dog timer is always disabled. SWDTEN has no effect.
  6898                           ;	Watchdog Timer Postscale Select bits
  6899                           ;	WDTPS = 0xF, unprogrammed default
  6900  300003                     	org	3145731
  6901  300003  3C                 	db	60
  6902                           
  6903                           ; Padding undefined space
  6904  300004                     	org	3145732
  6905  300004  FF                 	db	255
  6906                           
  6907                           ;Config register CONFIG3H @ 0x300005
  6908                           ;	unspecified, using default values
  6909                           ;	CCP2 MUX bit
  6910                           ;	CCP2MX = 0x1, unprogrammed default
  6911                           ;	PORTB A/D Enable bit
  6912                           ;	PBADEN = 0x1, unprogrammed default
  6913                           ;	P3A/CCP3 Mux bit
  6914                           ;	CCP3MX = 0x1, unprogrammed default
  6915                           ;	HFINTOSC Fast Start-up
  6916                           ;	HFOFST = 0x1, unprogrammed default
  6917                           ;	Timer3 Clock input mux bit
  6918                           ;	T3CMX = 0x1, unprogrammed default
  6919                           ;	ECCP2 B output mux bit
  6920                           ;	P2BMX = 0x1, unprogrammed default
  6921                           ;	MCLR Pin Enable bit
  6922                           ;	MCLRE = 0x1, unprogrammed default
  6923  300005                     	org	3145733
  6924  300005  BF                 	db	191
  6925                           
  6926                           ;Config register CONFIG4L @ 0x300006
  6927                           ;	unspecified, using default values
  6928                           ;	Stack Full/Underflow Reset Enable bit
  6929                           ;	STVREN = 0x1, unprogrammed default
  6930                           ;	Single-Supply ICSP Enable bit
  6931                           ;	LVP = 0x1, unprogrammed default
  6932                           ;	Extended Instruction Set Enable bit
  6933                           ;	XINST = 0x0, unprogrammed default
  6934                           ;	Background Debug
  6935                           ;	DEBUG = 0x1, unprogrammed default
  6936  300006                     	org	3145734
  6937  300006  85                 	db	133
  6938                           
  6939                           ; Padding undefined space
  6940  300007                     	org	3145735
  6941  300007  FF                 	db	255
  6942                           
  6943                           ;Config register CONFIG5L @ 0x300008
  6944                           ;	unspecified, using default values
  6945                           ;	Code Protection Block 0
  6946                           ;	CP0 = 0x1, unprogrammed default
  6947                           ;	Code Protection Block 1
  6948                           ;	CP1 = 0x1, unprogrammed default
  6949                           ;	Code Protection Block 2
  6950                           ;	CP2 = 0x1, unprogrammed default
  6951                           ;	Code Protection Block 3
  6952                           ;	CP3 = 0x1, unprogrammed default
  6953  300008                     	org	3145736
  6954  300008  0F                 	db	15
  6955                           
  6956                           ;Config register CONFIG5H @ 0x300009
  6957                           ;	unspecified, using default values
  6958                           ;	Boot Block Code Protection bit
  6959                           ;	CPB = 0x1, unprogrammed default
  6960                           ;	Data EEPROM Code Protection bit
  6961                           ;	CPD = 0x1, unprogrammed default
  6962  300009                     	org	3145737
  6963  300009  C0                 	db	192
  6964                           
  6965                           ;Config register CONFIG6L @ 0x30000A
  6966                           ;	unspecified, using default values
  6967                           ;	Write Protection Block 0
  6968                           ;	WRT0 = 0x1, unprogrammed default
  6969                           ;	Write Protection Block 1
  6970                           ;	WRT1 = 0x1, unprogrammed default
  6971                           ;	Write Protection Block 2
  6972                           ;	WRT2 = 0x1, unprogrammed default
  6973                           ;	Write Protection Block 3
  6974                           ;	WRT3 = 0x1, unprogrammed default
  6975  30000A                     	org	3145738
  6976  30000A  0F                 	db	15
  6977                           
  6978                           ;Config register CONFIG6H @ 0x30000B
  6979                           ;	unspecified, using default values
  6980                           ;	Configuration Register Write Protection bit
  6981                           ;	WRTC = 0x1, unprogrammed default
  6982                           ;	Boot Block Write Protection bit
  6983                           ;	WRTB = 0x1, unprogrammed default
  6984                           ;	Data EEPROM Write Protection bit
  6985                           ;	WRTD = 0x1, unprogrammed default
  6986  30000B                     	org	3145739
  6987  30000B  E0                 	db	224
  6988                           
  6989                           ;Config register CONFIG7L @ 0x30000C
  6990                           ;	unspecified, using default values
  6991                           ;	Table Read Protection Block 0
  6992                           ;	EBTR0 = 0x1, unprogrammed default
  6993                           ;	Table Read Protection Block 1
  6994                           ;	EBTR1 = 0x1, unprogrammed default
  6995                           ;	Table Read Protection Block 2
  6996                           ;	EBTR2 = 0x1, unprogrammed default
  6997                           ;	Table Read Protection Block 3
  6998                           ;	EBTR3 = 0x1, unprogrammed default
  6999  30000C                     	org	3145740
  7000  30000C  0F                 	db	15
  7001                           
  7002                           ;Config register CONFIG7H @ 0x30000D
  7003                           ;	unspecified, using default values
  7004                           ;	Boot Block Table Read Protection bit
  7005                           ;	EBTRB = 0x1, unprogrammed default
  7006  30000D                     	org	3145741
  7007  30000D  40                 	db	64
  7008                           tosu	equ	0xFFF
  7009                           tosh	equ	0xFFE
  7010                           tosl	equ	0xFFD
  7011                           stkptr	equ	0xFFC
  7012                           pclatu	equ	0xFFB
  7013                           pclath	equ	0xFFA
  7014                           pcl	equ	0xFF9
  7015                           tblptru	equ	0xFF8
  7016                           tblptrh	equ	0xFF7
  7017                           tblptrl	equ	0xFF6
  7018                           tablat	equ	0xFF5
  7019                           prodh	equ	0xFF4
  7020                           prodl	equ	0xFF3
  7021                           indf0	equ	0xFEF
  7022                           postinc0	equ	0xFEE
  7023                           postdec0	equ	0xFED
  7024                           preinc0	equ	0xFEC
  7025                           plusw0	equ	0xFEB
  7026                           fsr0h	equ	0xFEA
  7027                           fsr0l	equ	0xFE9
  7028                           wreg	equ	0xFE8
  7029                           indf1	equ	0xFE7
  7030                           postinc1	equ	0xFE6
  7031                           postdec1	equ	0xFE5
  7032                           preinc1	equ	0xFE4
  7033                           plusw1	equ	0xFE3
  7034                           fsr1h	equ	0xFE2
  7035                           fsr1l	equ	0xFE1
  7036                           bsr	equ	0xFE0
  7037                           indf2	equ	0xFDF
  7038                           postinc2	equ	0xFDE
  7039                           postdec2	equ	0xFDD
  7040                           preinc2	equ	0xFDC
  7041                           plusw2	equ	0xFDB
  7042                           fsr2h	equ	0xFDA
  7043                           fsr2l	equ	0xFD9
  7044                           status	equ	0xFD8

Data Sizes:
    Strings     318
    Constant    128
    Data        49
    BSS         151
    Persistent  0
    Stack       0

Auto Spaces:
    Space          Size  Autos    Used
    COMRAM           94     78      86
    BANK0           160    153     153
    BANK1           256    167     256
    BANK2           256     14     117
    BANK3           256      0       0
    BANK4           256      0       0
    BANK5           256      0       0
    BANK6           256      0       0
    BANK7           256      0       0
    BANK8           256      0       0
    BANK9           256      0       0
    BANK10          256      0       0
    BANK11          256      0       0
    BANK12          256      0       0
    BANK13          256      0       0
    BANK14          256      0       0
    BANK15           56      0       0

Pointer List with Targets:

    strncmp@_r	PTR const unsigned char  size(2) Largest target is 4
		 -> STR_23(CODE[3]), STR_18(CODE[4]), 

    strncmp@r	PTR const unsigned char  size(2) Largest target is 4
		 -> STR_23(CODE[3]), STR_18(CODE[4]), 

    strncmp@_l	PTR const unsigned char  size(2) Largest target is 33
		 -> STR_15(CODE[14]), STR_14(CODE[16]), STR_13(CODE[27]), STR_12(CODE[29]), 
		 -> STR_11(CODE[25]), STR_10(CODE[24]), STR_9(CODE[28]), STR_8(CODE[33]), 
		 -> STR_7(CODE[4]), STR_6(CODE[24]), STR_5(CODE[5]), STR_4(CODE[23]), 
		 -> STR_3(CODE[25]), STR_2(CODE[24]), STR_1(CODE[24]), 

    strncmp@l	PTR const unsigned char  size(2) Largest target is 33
		 -> STR_15(CODE[14]), STR_14(CODE[16]), STR_13(CODE[27]), STR_12(CODE[29]), 
		 -> STR_11(CODE[25]), STR_10(CODE[24]), STR_9(CODE[28]), STR_8(CODE[33]), 
		 -> STR_7(CODE[4]), STR_6(CODE[24]), STR_5(CODE[5]), STR_4(CODE[23]), 
		 -> STR_3(CODE[25]), STR_2(CODE[24]), STR_1(CODE[24]), 

    strlen@s	PTR const unsigned char  size(2) Largest target is 32
		 -> ?_printf(BANK0[2]), dbuf(BANK1[32]), stoa@nuls(COMRAM[7]), ?_sprintf(BANK0[2]), 
		 -> main@cursor(BANK0[3]), main@menu_names(BANK0[35]), 

    strlen@a	PTR const unsigned char  size(2) Largest target is 32
		 -> ?_printf(BANK0[2]), dbuf(BANK1[32]), stoa@nuls(COMRAM[7]), ?_sprintf(BANK0[2]), 
		 -> main@cursor(BANK0[3]), main@menu_names(BANK0[35]), 

    printf@fmt	PTR const unsigned char  size(2) Largest target is 5
		 -> STR_7(CODE[4]), STR_5(CODE[5]), 

    printf@ap	PTR void [1] size(2) Largest target is 2
		 -> ?_printf(BANK0[2]), ?_sprintf(BANK0[2]), 

    fputs@s	PTR const unsigned char  size(2) Largest target is 32
		 -> dbuf(BANK1[32]), 

    fputs@fp	PTR struct _IO_FILE size(2) Largest target is 11
		 -> NULL(NULL[0]), sprintf@f(BANK0[11]), 

    fputc@fp...source	PTR const unsigned char  size(2) Largest target is 0

    fputc@fp...buffer	PTR unsigned char  size(2) Largest target is 0

    fputc@fp	PTR struct _IO_FILE size(2) Largest target is 11
		 -> NULL(NULL[0]), sprintf@f(BANK0[11]), 

    vfprintf@ap	PTR PTR void  size(2) Largest target is 2
		 -> printf@ap(COMRAM[2]), sprintf@ap(BANK0[2]), 

    vfprintf@fp	PTR struct _IO_FILE size(2) Largest target is 11
		 -> NULL(NULL[0]), sprintf@f(BANK0[11]), 

    vfprintf@fmt	PTR const unsigned char  size(2) Largest target is 33
		 -> STR_15(CODE[14]), STR_14(CODE[16]), STR_13(CODE[27]), STR_12(CODE[29]), 
		 -> STR_11(CODE[25]), STR_10(CODE[24]), STR_9(CODE[28]), STR_8(CODE[33]), 
		 -> STR_7(CODE[4]), STR_6(CODE[24]), STR_5(CODE[5]), STR_4(CODE[23]), 
		 -> STR_3(CODE[25]), STR_2(CODE[24]), STR_1(CODE[24]), 

    vfprintf@cfmt	PTR unsigned char  size(2) Largest target is 33
		 -> STR_15(CODE[14]), STR_14(CODE[16]), STR_13(CODE[27]), STR_12(CODE[29]), 
		 -> STR_11(CODE[25]), STR_10(CODE[24]), STR_9(CODE[28]), STR_8(CODE[33]), 
		 -> STR_7(CODE[4]), STR_6(CODE[24]), STR_5(CODE[5]), STR_4(CODE[23]), 
		 -> STR_3(CODE[25]), STR_2(CODE[24]), STR_1(CODE[24]), 

    vfpfcnvrt@fp	PTR struct _IO_FILE size(2) Largest target is 11
		 -> NULL(NULL[0]), sprintf@f(BANK0[11]), 

    vfpfcnvrt@ap	PTR PTR void  size(2) Largest target is 2
		 -> printf@ap(COMRAM[2]), sprintf@ap(BANK0[2]), 

    vfpfcnvrt@cp	PTR unsigned char  size(2) Largest target is 2
		 -> ?_printf(BANK0[2]), ?_sprintf(BANK0[2]), main@cursor(BANK0[3]), main@menu_names(BANK0[35]), 

    vfpfcnvrt@fmt	PTR PTR unsigned char  size(2) Largest target is 2
		 -> vfprintf@cfmt(COMRAM[2]), 

    utoa@fp	PTR struct _IO_FILE size(2) Largest target is 11
		 -> NULL(NULL[0]), sprintf@f(BANK0[11]), 

    stoa@fp	PTR struct _IO_FILE size(2) Largest target is 11
		 -> NULL(NULL[0]), sprintf@f(BANK0[11]), 

    stoa@s	PTR unsigned char  size(2) Largest target is 2
		 -> ?_printf(BANK0[2]), ?_sprintf(BANK0[2]), main@cursor(BANK0[3]), main@menu_names(BANK0[35]), 

    stoa@cp	PTR unsigned char  size(2) Largest target is 7
		 -> ?_printf(BANK0[2]), stoa@nuls(COMRAM[7]), ?_sprintf(BANK0[2]), main@cursor(BANK0[3]), 
		 -> main@menu_names(BANK0[35]), 

    pad@fp	PTR struct _IO_FILE size(2) Largest target is 11
		 -> NULL(NULL[0]), sprintf@f(BANK0[11]), 

    pad@buf	PTR unsigned char  size(2) Largest target is 32
		 -> dbuf(BANK1[32]), 

    sprintf@fmt	PTR const unsigned char  size(2) Largest target is 33
		 -> STR_15(CODE[14]), STR_14(CODE[16]), STR_13(CODE[27]), STR_12(CODE[29]), 
		 -> STR_11(CODE[25]), STR_10(CODE[24]), STR_9(CODE[28]), STR_8(CODE[33]), 
		 -> STR_6(CODE[24]), STR_4(CODE[23]), STR_3(CODE[25]), STR_2(CODE[24]), 
		 -> STR_1(CODE[24]), 

    sprintf@s	PTR unsigned char  size(2) Largest target is 17
		 -> main@text2M(BANK0[17]), main@text1M(BANK0[17]), main@textLEVEL(BANK1[17]), main@text1(BANK1[17]), 
		 -> main@text2(BANK1[17]), main@textSTOP2(BANK1[17]), main@textSTOP1(BANK1[17]), main@textSTART(BANK1[17]), 
		 -> main@textDAC(BANK1[17]), main@textADC(BANK1[17]), main@textPWM(BANK1[17]), main@textUART(BANK0[17]), 
		 -> main@textGPIO(BANK0[17]), 

    sprintf@ap	PTR void [1] size(2) Largest target is 2
		 -> ?_printf(BANK0[2]), ?_sprintf(BANK0[2]), 

    S2558$source	PTR const unsigned char  size(2) Largest target is 0

    f...source	PTR const unsigned char  size(2) Largest target is 0

    S2558$buffer	PTR unsigned char  size(2) Largest target is 0

    f...buffer	PTR unsigned char  size(2) Largest target is 0

    LCD_ShowString@textData	PTR unsigned char  size(2) Largest target is 17
		 -> main@text2M(BANK0[17]), main@text1M(BANK0[17]), main@textLEVEL(BANK1[17]), main@text1(BANK1[17]), 
		 -> main@text2(BANK1[17]), main@textSTOP2(BANK1[17]), main@textSTOP1(BANK1[17]), main@textSTART(BANK1[17]), 
		 -> main@textDAC(BANK1[17]), main@textADC(BANK1[17]), main@textPWM(BANK1[17]), main@textUART(BANK0[17]), 
		 -> main@textGPIO(BANK0[17]), 


Critical Paths under _main in COMRAM

    _main->_printf
    _sprintf->_vfprintf
    _rand->___lmul
    _printf->_vfprintf
    _vfprintf->_vfpfcnvrt
    _vfpfcnvrt->_utoa
    _utoa->_pad
    _pad->_fputs
    _fputs->_fputc
    _stoa->_fputc
    _fputc->_putch
    ___awmod->_rand
    _LCD_ShowString->_LCD_Send
    _LCD_Init->_LCD_Send
    _LCD_Clear->_LCD_Send

Critical Paths under _UART_TMR1_ISR in COMRAM

    _UART_TMR1_ISR->i2_driveLED

Critical Paths under _main in BANK0

    _main->_sprintf
    _sprintf->_vfprintf
    _printf->_vfprintf
    _vfprintf->_vfpfcnvrt

Critical Paths under _UART_TMR1_ISR in BANK0

    None.

Critical Paths under _main in BANK1

    None.

Critical Paths under _UART_TMR1_ISR in BANK1

    None.

Critical Paths under _main in BANK2

    None.

Critical Paths under _UART_TMR1_ISR in BANK2

    None.

Critical Paths under _main in BANK3

    None.

Critical Paths under _UART_TMR1_ISR in BANK3

    None.

Critical Paths under _main in BANK4

    None.

Critical Paths under _UART_TMR1_ISR in BANK4

    None.

Critical Paths under _main in BANK5

    None.

Critical Paths under _UART_TMR1_ISR in BANK5

    None.

Critical Paths under _main in BANK6

    None.

Critical Paths under _UART_TMR1_ISR in BANK6

    None.

Critical Paths under _main in BANK7

    None.

Critical Paths under _UART_TMR1_ISR in BANK7

    None.

Critical Paths under _main in BANK8

    None.

Critical Paths under _UART_TMR1_ISR in BANK8

    None.

Critical Paths under _main in BANK9

    None.

Critical Paths under _UART_TMR1_ISR in BANK9

    None.

Critical Paths under _main in BANK10

    None.

Critical Paths under _UART_TMR1_ISR in BANK10

    None.

Critical Paths under _main in BANK11

    None.

Critical Paths under _UART_TMR1_ISR in BANK11

    None.

Critical Paths under _main in BANK12

    None.

Critical Paths under _UART_TMR1_ISR in BANK12

    None.

Critical Paths under _main in BANK13

    None.

Critical Paths under _UART_TMR1_ISR in BANK13

    None.

Critical Paths under _main in BANK14

    None.

Critical Paths under _UART_TMR1_ISR in BANK14

    None.

Critical Paths under _main in BANK15

    None.

Critical Paths under _UART_TMR1_ISR in BANK15

    None.

Call Graph Tables:

 ---------------------------------------------------------------------------------
 (Depth) Function   	        Calls       Base Space   Used Autos Params    Refs
 ---------------------------------------------------------------------------------
 (0) _main                                               289   289      0   36111
                                             45 BANK0    108   108      0
                                              0 BANK1    167   167      0
                                              0 BANK2     14    14      0
                          _GPIO_init
                            _IT_init
                          _LCD_Clear
                           _LCD_Init
                     _LCD_ShowString
                           _PWM_init
                           _SPIWrite
                            _T1_init
                            ___awmod
                             ___lmul
                           _adc_init
                           _adc_read
                           _driveLED
                             _printf
                               _rand
                           _spi_init
                            _sprintf
                          _uart_init
 ---------------------------------------------------------------------------------
 (1) _uart_init                                            0     0      0       0
 ---------------------------------------------------------------------------------
 (1) _sprintf                                             23    15      8   16021
                                             24 BANK0     21    13      8
                           _vfprintf
 ---------------------------------------------------------------------------------
 (1) _spi_init                                             0     0      0       0
 ---------------------------------------------------------------------------------
 (1) _rand                                                 6     4      2     636
                                             20 COMRAM     6     4      2
                             ___lmul
 ---------------------------------------------------------------------------------
 (2) ___lmul                                              12     4      8     636
                                              8 COMRAM    12     4      8
 ---------------------------------------------------------------------------------
 (1) _printf                                              10     4      6   13636
                                             76 COMRAM     2     2      0
                                             24 BANK0      6     0      6
                           _vfprintf
 ---------------------------------------------------------------------------------
 (2) _vfprintf                                             8     2      6   13363
                                             74 COMRAM     2     2      0
                                             18 BANK0      6     0      6
                          _vfpfcnvrt
 ---------------------------------------------------------------------------------
 (3) _vfpfcnvrt                                           47    41      6   12599
                                             68 COMRAM     6     0      6
                                              0 BANK0     18    18      0
                              _fputc
                               _stoa
                            _strncmp
                               _utoa
 ---------------------------------------------------------------------------------
 (4) _utoa                                                32    22     10    6241
                                             36 COMRAM    32    22     10
                            ___lodiv
                            ___lomod
                                _pad
 ---------------------------------------------------------------------------------
 (5) _pad                                                 11     5      6    4649
                                             25 COMRAM    11     5      6
                              _fputc
                              _fputs
                             _strlen
 ---------------------------------------------------------------------------------
 (6) _fputs                                                7     3      4    2108
                                             18 COMRAM     7     3      4
                              _fputc
 ---------------------------------------------------------------------------------
 (5) ___lomod                                             17     1     16     412
                                              8 COMRAM    17     1     16
 ---------------------------------------------------------------------------------
 (5) ___lodiv                                             25     9     16     421
                                              8 COMRAM    25     9     16
 ---------------------------------------------------------------------------------
 (4) _strncmp                                             11     5      6     865
                                              8 COMRAM    11     5      6
 ---------------------------------------------------------------------------------
 (4) _stoa                                                22    18      4    2763
                                             18 COMRAM    22    18      4
                              _fputc
                             _strlen
 ---------------------------------------------------------------------------------
 (6) _strlen                                               4     2      2     310
                                              8 COMRAM     4     2      2
 ---------------------------------------------------------------------------------
 (7) _fputc                                                9     5      4    1608
                                              9 COMRAM     9     5      4
                              _putch
 ---------------------------------------------------------------------------------
 (8) _putch                                                1     1      0      31
                                              8 COMRAM     1     1      0
 ---------------------------------------------------------------------------------
 (1) _driveLED                                             1     1      0     186
                                              8 COMRAM     1     1      0
 ---------------------------------------------------------------------------------
 (1) _adc_read                                             7     5      2      65
                                              8 COMRAM     7     5      2
 ---------------------------------------------------------------------------------
 (1) _adc_init                                             0     0      0       0
 ---------------------------------------------------------------------------------
 (1) ___awmod                                              6     2      4     793
                                             26 COMRAM     6     2      4
                               _rand (ARG)
 ---------------------------------------------------------------------------------
 (1) _T1_init                                              0     0      0       0
 ---------------------------------------------------------------------------------
 (1) _SPIWrite                                             4     3      1     431
                                              8 COMRAM     4     3      1
 ---------------------------------------------------------------------------------
 (1) _PWM_init                                             0     0      0       0
 ---------------------------------------------------------------------------------
 (1) _LCD_ShowString                                       4     2      2    1396
                                              9 COMRAM     4     2      2
                           _LCD_Send
 ---------------------------------------------------------------------------------
 (1) _LCD_Init                                             1     1      0      31
                                              9 COMRAM     1     1      0
                           _LCD_Send
 ---------------------------------------------------------------------------------
 (1) _LCD_Clear                                            0     0      0      31
                           _LCD_Send
 ---------------------------------------------------------------------------------
 (2) _LCD_Send                                             1     1      0      31
                                              8 COMRAM     1     1      0
 ---------------------------------------------------------------------------------
 (1) _IT_init                                              0     0      0       0
 ---------------------------------------------------------------------------------
 (1) _GPIO_init                                            0     0      0       0
 ---------------------------------------------------------------------------------
 Estimated maximum stack depth 8
 ---------------------------------------------------------------------------------
 (Depth) Function   	        Calls       Base Space   Used Autos Params    Refs
 ---------------------------------------------------------------------------------
 (9) _UART_TMR1_ISR                                        7     7      0     200
                                              1 COMRAM     7     7      0
                         i2_driveLED
 ---------------------------------------------------------------------------------
 (10) i2_driveLED                                          1     1      0     132
                                              0 COMRAM     1     1      0
 ---------------------------------------------------------------------------------
 Estimated maximum stack depth 10
 ---------------------------------------------------------------------------------

 Call Graph Graphs:

 _main (ROOT)
   _GPIO_init
   _IT_init
   _LCD_Clear
     _LCD_Send
   _LCD_Init
     _LCD_Send
   _LCD_ShowString
     _LCD_Send
   _PWM_init
   _SPIWrite
   _T1_init
   ___awmod
     _rand (ARG)
       ___lmul
   ___lmul
   _adc_init
   _adc_read
   _driveLED
   _printf
     _vfprintf
       _vfpfcnvrt
         _fputc
           _putch
         _stoa
           _fputc
           _strlen
         _strncmp
         _utoa
           ___lodiv
           ___lomod
           _pad
             _fputc
             _fputs
               _fputc
             _strlen
   _rand
   _spi_init
   _sprintf
     _vfprintf
   _uart_init

 _UART_TMR1_ISR (ROOT)
   i2_driveLED

 Address spaces:
Name               Size   Autos  Total    Cost      Usage
BIGRAM             F37      0       0      55        0.0%
EEDATA             400      0       0       0        0.0%
BITBANK14          100      0       0      32        0.0%
BANK14             100      0       0      33        0.0%
BITBANK13          100      0       0      30        0.0%
BANK13             100      0       0      31        0.0%
BITBANK12          100      0       0      28        0.0%
BANK12             100      0       0      29        0.0%
BITBANK11          100      0       0      26        0.0%
BANK11             100      0       0      27        0.0%
BITBANK10          100      0       0      24        0.0%
BANK10             100      0       0      25        0.0%
BITBANK9           100      0       0      22        0.0%
BANK9              100      0       0      23        0.0%
BITBANK8           100      0       0      20        0.0%
BANK8              100      0       0      21        0.0%
BITBANK7           100      0       0      18        0.0%
BANK7              100      0       0      19        0.0%
BITBANK6           100      0       0      16        0.0%
BANK6              100      0       0      17        0.0%
BITBANK5           100      0       0      14        0.0%
BANK5              100      0       0      15        0.0%
BITBANK4           100      0       0      12        0.0%
BANK4              100      0       0      13        0.0%
BITBANK3           100      0       0      10        0.0%
BANK3              100      0       0      11        0.0%
BITBANK2           100      0       0       8        0.0%
BANK2              100      E      75       9       45.7%
BITBANK1           100      0       0       6        0.0%
BANK1              100     A7     100       7      100.0%
BITBANK0            A0      0       0       4        0.0%
BANK0               A0     99      99       5       95.6%
BITCOMRAM           5E      0       0       0        0.0%
COMRAM              5E     4E      56       1       91.5%
BITBANK15           38      0       0      34        0.0%
BANK15              38      0       0      35        0.0%
BITBIGSFRhhhl       22      0       0      37        0.0%
BITBIGSFRllllhh     21      0       0      52        0.0%
BITBIGSFRllllhh     10      0       0      51        0.0%
BITBIGSFRllllhl      C      0       0      53        0.0%
BITBIGSFRhhhh        A      0       0      36        0.0%
BITBIGSFRhhllll      A      0       0      44        0.0%
BITBIGSFRhllh        6      0       0      45        0.0%
BITBIGSFRlhhh        6      0       0      47        0.0%
BITBIGSFRllh         6      0       0      49        0.0%
BITBIGSFRlhl         5      0       0      48        0.0%
BITBIGSFRhlll        5      0       0      46        0.0%
BITBIGSFRhhlhhh      3      0       0      38        0.0%
BITBIGSFRhhlllh      1      0       0      43        0.0%
BITBIGSFRhhlhhh      1      0       0      39        0.0%
BITBIGSFRhhllh       1      0       0      42        0.0%
BITBIGSFRhhlhhh      1      0       0      40        0.0%
BITBIGSFRhhlhl       1      0       0      41        0.0%
BITBIGSFRlllh        1      0       0      50        0.0%
BIGSFR               0      0       0     200        0.0%
BITSFR_1             0      0       0     200        0.0%
SFR_1                0      0       0     200        0.0%
BITSFR               0      0       0     200        0.0%
SFR                  0      0       0     200        0.0%
STACK                0      0       0       2        0.0%
NULL                 0      0       0       0        0.0%
ABS                  0      0     264      54        0.0%
DATA                 0      0     264       3        0.0%
CODE                 0      0       0       0        0.0%


Microchip Technology PIC18 Macro Assembler V2.36 build 20220127204148 
Symbol Table                                                                                   Sun May 15 11:59:41 2022

                      _w 01D4                      l203 0342                      l220 044A  
                    l301 1C78                      l310 1E5E                      l222 0458  
                    l304 1C9A                      l313 1E30                      l217 0412  
                    l322 1CC0                      l410 1B1A                      l242 0768  
                    l411 1B2A                      l307 1E14                      l324 1CCE  
                    l316 1E42                      l252 094C                      l325 1CD2  
                    l261 09FC                      l270 0B48                      l319 1DFC  
                    l263 0A36                      l191 028C                      l328 1E54  
                    l248 0832                      l361 156A                      l273 0B98  
                    l249 0834                      l355 14BE                      l371 18F8  
                    l291 1C5C                      l283 1978                      l372 18FA  
                    l364 187C                      l292 1C60                      l381 1DAC  
                    l357 14CC                      l390 1D30                      l358 154E  
                    l366 188A                      l286 1C3A                      l383 1DBA  
                    l375 1908                      l295 1E2C                      l384 1DBC  
                    l368 18CA                      l288 1C48                      l393 1D3E  
                    l289 1C4E                      l378 1D9E                      l298 1DE0  
                    l387 1D0C                      l643 1876                      l389 1D1A  
                    l844 13B2                      l837 1392                      l854 163A  
                    l847 161A                      _GIE 007F97                      _PR2 000FBB  
                    _pad 1706             ___awmod@sign 0020                      prod 000FF3  
                    wreg 000FE8               _TXSTA1bits 000FAC                     l1104 174A  
                   l1202 1A56                     l1107 178C                     l1132 12C2  
                   l1116 11C2                     l1212 1490                     l1109 17C6  
                   l1118 11CA                     l1127 1272                     l1208 1D08  
                   l1128 12BA                     l1137 0F7A                     l1147 1140  
                   l1139 0F82                     l1077 1BDE                     l1158 0F40  
                   l1166 1B84                     l1167 1B8C                     l3201 15E2  
                   l1194 1D96                     l1179 1704                     l3203 1602  
                   l1187 1C22                     l3211 1728                     l3133 1E30  
                   l3141 1660                     l3205 1614                     l3221 176E  
                   l3213 1736                     l3301 110A                     l4005 0A4E  
                   l3135 1E3E                     l3143 166A                     l3231 1154  
                   l3151 1BE0                     l3223 179A                     l3215 1742  
                   l3207 1706                     l3303 1118                     l4007 0BEA  
                   l3145 1688                     l3137 163C                     l3161 1CE0  
                   l3241 1192                     l3233 115C                     l3321 1442  
                   l3313 13EA                     l3153 1BEC                     l3225 17AE  
                   l3217 1756                     l3209 1714                     l3401 1AF0  
                   l3147 16BE                     l3139 164E                     l3163 1CE4  
                   l3251 1204                     l3243 11A0                     l3235 116E  
                   l3323 146C                     l3315 13F8                     l3307 13B4  
                   l3171 12D0                     l3155 1BFE                     l3219 176A  
                   l3331 0C5E                     l3411 1B68                     l3403 1AFA  
                   l3421 14AC                     l3501 18D0                     l3413 190C  
                   l3165 1CFC                     l3261 1254                     l3253 1222  
                   l3237 1176                     l3229 1142                     l3317 1414  
                   l3309 13DE                     l3181 132A                     l3173 12EE  
                   l3157 1C02                     l3341 0CF2                     l3333 0C70  
                   l3405 1B2C                     l3415 1DE2                     l3431 155C  
                   l3423 14AE                     l3511 18E8                     l3159 1CD4  
                   l3255 122E                     l3247 11EC                     l3239 118A  
                   l3319 1430                     l3183 1358                     l3175 12F6  
                   l3191 156C                     l3271 0F42                     l3343 0D00  
                   l3335 0C74                     l3327 0C2C                     l3407 1B34  
                   l3425 14BC                     l3417 1492                     l3513 1C9C  
                   l3265 1284                     l3257 124C                     l3249 1200  
                   l3185 1378                     l3177 130A                     l3169 12C4  
                   l3193 158A                     l3281 0FB2                     l3273 0F52  
                   l3361 0E0A                     l3345 0D0A                     l3353 0D62  
                   l3337 0C98                     l3329 0C50                     l3409 1B42  
                   l3521 1D70                     l3441 1E10                     l3433 1DFE  
                   l3601 01A6                     l3427 14CE                     l3419 14A0  
                   l3507 18D4                     l3515 1C9E                     l3531 1C86  
                   l3267 1298                     l3259 1250                     l3187 137A  
                   l3179 1318                     l3195 1592                     l3291 1042  
                   l3283 0FBA                     l3275 0F54                     l3371 0EC2  
                   l3363 0E40                     l3355 0D86                     l3347 0D1A  
                   l3339 0CCE                     l3523 1D78                     l3451 1E16  
                   l3443 1E12                     l3435 1E08                     l3611 01C8  
                   l3603 01B0                     l3461 1E56                     l3429 154C  
                   l3509 18E6                     l3517 1CBC                     l3541 1C36  
                   l3445 1DBE                     l3533 1C92                     l3269 129C  
                   l3189 138C                     l3197 15A6                     l3285 0FC0  
                   l3293 10A6                     l3277 0F6E                     l3381 0EFE  
                   l3373 0ED0                     l3357 0DD2                     l3349 0D42  
                   l3453 1E1E                     l3437 1E0C                     l3701 03A2  
                   l3621 01F2                     l3613 01DE                     l3605 01B4  
                   l3471 1D1C                     l3519 1CBE                     l3463 1E44  
                   l3551 17CC                     l3447 1DCE                     l3527 1C64  
                   l3199 15B4                     l3295 10B8                     l3287 1036  
                   l3279 0FAA                     l3375 0EE4                     l3543 19EA  
                   l3455 1E26                     l3439 1E0E                     l3711 03E0  
                   l3703 03A6                     l3631 020C                     l3623 01F4  
                   l3615 01EC                     l3607 01BA                     l3393 1D9A  
                   l3473 1D2E                     l3537 1C26                     l3465 1E50  
                   l3561 17FC                     l3553 17DA                     l3449 1DDE  
                   l3529 1C76                     l3297 10D6                     l3289 103C  
                   l3369 0E9E                     l3385 0F0A                     l3545 1A28  
                   l3457 1E28                     l3481 1BB0                     l3801 070E  
                   l3721 0420                     l3713 03E4                     l3705 03B4  
                   l3641 024C                     l3633 0226                     l3625 01F6  
                   l3617 01EE                     l3609 01C4                     l3491 188C  
                   l3539 1C28                     l3467 1E52                     l3571 1842  
                   l3563 180E                     l3555 17E2                     l3299 10F0  
                   l3387 0F2E                     l3379 0EF0                     l3395 1AC2  
                   l3459 1E2A                     l3483 1BCC                     l3475 1B8E  
                   l3811 0776                     l3803 0722                     l3731 0478  
                   l3723 043E                     l3715 03FA                     l3707 03CE  
                   l3651 0290                     l3635 0234                     l3643 0252  
                   l3627 01F8                     l3619 01F0                     l3469 1D0A  
                   l3493 1898                     l3581 186E                     l3573 184A  
                   l3565 1816                     l3557 17E6                     l3549 17C8  
                   l3397 1AD2                     l3477 1BA0                     l3901 0AB2  
                   l3821 07C8                     l3813 0790                     l3805 0730  
                   l3741 04EC                     l3733 04A4                     l3725 0446  
                   l3717 0408                     l3661 02CE                     l3653 0294  
                   l3645 0260                     l3637 0246                     l3629 01FE  
                   ?_pad 001A                     l3495 18A8                     l3487 187A  
                   l3575 1850                     l3567 181E                     l3559 17F4  
                   l3399 1AE0                     l3479 1BA8                     l3911 0B32  
                   l3903 0AF2                     l3831 0826                     l3823 07D6  
                   l3815 079E                     l3807 073E                     l3751 0526  
                   l3735 04C2                     l3727 0448                     l3719 0410  
                   l3671 030A                     l3663 02D0                     l3655 02AA  
                   l3647 027A                     l3639 024A                     l3591 0178  
                   l3497 18B2                     l3489 187A                     l3569 182C  
                   l3577 1856                     l3921 0B90                     l3913 0B40  
                   l3905 0AF6                     l3841 087E                     l3833 082A  
                   l3825 07F4                     l3817 07AC                     l3809 0760  
                   l3761 059E                     l3753 052C                     l3745 04FE  
                   l3737 04C4                     l3729 0460                     l3681 0338  
                   l3673 030E                     l3665 02DE                     l3657 02B8  
                   l3593 017C                     l3585 016C                     l3499 18C4  
                   l3579 1866                     l3923 0BA6                     l3915 0B56  
                   l3907 0B04                     l3843 089C                     l3835 0842  
                   l3827 0802                     l3819 07B4                     l3771 0630  
                   l3763 05CC                     l3755 053A                     l3747 0502  
                   l3739 04D2                     l3691 036C                     l3683 0340  
                   l3675 0324                     l3667 02F8                     l3659 02CA  
                   l3931 0BD2                     l3595 0184                     l3587 0170  
                   l3925 0BC0                     l3917 0B68                     l3909 0B18  
                   l3861 0974                     l3853 08FC                     l3845 08AA  
                   l3837 0852                     l3829 081C                     l3773 0650  
                   l3781 067C                     l3765 05EA                     l3757 056C  
                   l3749 0518                     l3693 037C                     l3685 0350  
                   l3677 0332                     l3597 0188                     l3589 0174  
                   l3927 0BCE                     l3919 0B82                     l3871 09AE  
                   l3855 092C                     l3847 08C4                     l3839 0870  
                   l3791 06C8                     l3783 068E                     l3767 05F4  
                   l3759 057A                     l3687 0360                     l3679 0336  
                   l3599 019A                     l3881 09DA                     l3873 09BC  
                   l3865 0986                     l3857 0944                     l3849 08D4  
                   l3793 06D6                     l3785 0692                     l3777 065E  
                   l3769 05FC                     l3697 0382                     l3689 0362  
                   l3875 09C2                     l3867 098A                     l3859 095A  
                   l3795 06F0                     l3787 06A0                     l3699 0392  
                   l3877 09C6                     l3869 09A0                     l3789 06B6  
                   l3887 0A0A                     l3879 09CA                     l3895 0A3A  
                   l3799 0702                     l3897 0A74                     l3889 0A24  
                   l3899 0AA4                     STR_1 FF80                     STR_2 FF98  
                   STR_3 FF4F                     STR_4 FFC8                     STR_5 FFEF  
                   STR_6 FFB0                     STR_7 FFF8                     STR_8 FEC1  
                   STR_9 FEFF                     u3110 1E3E                     u3111 1E3A  
             i2_driveLED 197A                     u3120 164E                     u3200 1318  
                   u4000 02CA                     u3121 164A                     u3201 1314  
                   u4001 02C6                     u3130 1660                     u3210 1358  
                   u4010 02DE                     u3131 165C                     u3211 1354  
                   u4011 02DA                     u3140 1688                     u3300 116E  
                   u3220 158A                     u4100 0420                     u4020 0306  
                   u3141 1684                     u3301 116A                     u3221 1586  
                   u4101 041C                     u4021 0302                     u3150 16BE  
                   u3310 11A0                     u3230 15B4                     u4110 0458  
                   u4030 0350                     u3151 16BA                     u3311 119C  
                   u3231 15B0                     u4111 0454                     u4031 034C  
                   u3320 11BE                     u3240 15E2                     u3160 1C22  
                   u3400 10B8                     u4200 06FE                     u4120 04D2  
                   u4040 0360                     u3321 11BA                     u3241 15DE  
                   u3161 1C1E                     u3401 10B4                     u4201 06FA  
                   u4121 04CE                     u4041 035C                     u3170 1CFC  
                   u3330 11E8                     u3250 1714                     u3410 10D6  
                   u4210 073E                     u4130 04FA                     u4050 037C  
                   u3171 1CF8                     u3331 11E4                     u3251 1710  
                   u3411 10D2                     u4211 073A                     u4131 04F6  
                   u4051 0378                     u3340 1222                     u3260 1736  
                   u3420 10F0                     u3500 0C50                     u4300 0982  
                   u4220 0776                     u4140 05CC                     u4060 0392  
                   u3341 121E                     u3181 12CA                     u3261 1732  
                   u3421 10EC                     u3501 0C4C                     u4301 097E  
                   u4221 0772                     u4141 05C8                     u4061 038E  
                   u3350 1272                     u3190 12EE                     u3270 178C  
                   u3430 110A                     u3510 0C98                     u4310 09BC  
                   u4230 079E                     u4150 05EA                     u4070 03A2  
                   u3351 126E                     u3191 12EA                     u3271 1788  
                   u3431 1106                     u3511 0C94                     u4311 09B8  
                   u4231 079A                     u4151 05E6                     u4071 039E  
                   u3360 1280                     u3280 179A                     u3440 1118  
                   u3520 0CCE                     u3600 1B1A                     u4400 0BA6  
                   u4320 0A0A                     u4240 0842                     u4160 0630  
                   u4080 03B4                     u3361 127C                     u3281 1796  
                   u3441 1114                     u3521 0CCA                     u3601 1B16  
                   u4401 0BA2                     u4321 0A06                     u4241 083E  
                   u4161 062C                     u4081 03B0                     u3370 12BA  
                   u3450 13DE                     u3530 0CF2                     u3610 1B84  
                   u4410 0BCE                     u4330 0A32                     u4250 08C4  
                   u4170 0650                     u4090 03DC                     u3371 12B6  
                   u3291 114C                     u3451 13DA                     u3531 0CEE  
                   u3611 1B80                     u4411 0BCA                     u4331 0A2E  
                   u4251 08C0                     u4171 064C                     u4091 03D8  
                   u3700 1964                     u3620 191C                     u3460 1414  
                   u3380 0F52                     u3540 0D86                     u4340 0B04  
                   u4260 08F8                     u4180 068E                     u3701 195E  
                   u3621 1916                     u3461 1410                     u3381 0F4E  
                   u3541 0D82                     u4341 0B00                     u4261 08F4  
                   u4181 068A                     u3470 1430                     u3390 0F6E  
                   u3550 0E40                     u4350 0B18                     u4270 092C  
                   u4190 06D6                     u3471 142C                     u3391 0F6A  
                   u3551 0E3C                     u4351 0B14                     u4271 0928  
                   u4191 06D2                     u3800 18C4                     u3720 1976  
                   u3640 192E                     u3480 1442                     u3560 0EC2  
                   u4360 0B40                     u4280 0944                     u3801 18C0  
                   u3721 1970                     u3641 1928                     u3481 143E  
                   u3561 0EBE                     u4361 0B3C                     u4281 0940  
                   u3570 1DAC                     u3810 18F8                     u3490 146C  
                   u4370 0B56                     u4290 095A                     u3571 1DA8  
                   u3811 18F4                     u3715 1966                     u3635 191E  
                   u3491 1468                     u4371 0B52                     u4291 0956  
                   u4507 0782                     u4427 0218                     _PEIE 007F96  
                   u3580 1DBA                     u3740 14CC                     u3820 1908  
                   u3900 180E                     u3660 1940                     u4380 0B68  
                   u3581 1DB6                     u3741 14C8                     u3821 1904  
                   u3901 180A                     u3661 193A                     u4381 0B64  
                   u4517 080E                     u4437 026C                     u3750 155C  
                   u3830 1CCE                     u3910 182C                     u3590 1AE0  
                   u4390 0B90                     u3751 1558                     u3831 1CCA  
                   u3911 1828                     u3735 1978                     u3655 1930  
                   u3591 1ADC                     u4391 0B8C                     u4527 0966  
                   u4447 02EA                     u3760 1D1A                     u3920 1842  
                   u3840 1C86                     u3680 1952                     u3761 1D16  
                   u3921 183E                     u3841 1C82                     u3681 194C  
                   u4537 0A16                     u4457 03C0                     u3770 1D3E  
                   u3850 1C48                     u3930 1866                     u3771 1D3A  
                   u3851 1C44                     u3931 1862                     u3675 1942  
                   u4547 0B24                     u4467 046C                     u3780 188A  
                   u3860 1C5C                     u3781 1886                     u3861 1C58  
                   u4557 0B74                     u4477 04DE                     u3941 0192  
                   u3790 18A8                     u3870 1A48                     u3950 020C  
                   u3791 18A4                     u3695 1954                     u4567 0BB2  
                   u4487 06BE                     u3951 0208                     u3880 17DA  
                   u3960 0234                     u4577 14B4                     u3881 17D6  
                   u4497 06E2                     u3961 0230                     u3890 17F4  
                   u3970 0246                     u4587 1562                     u3891 17F0  
                   u3875 1A3E                     u3971 0242                     u3980 0260  
                   u3981 025C                     u3990 0288                     u3991 0284  
                   _TMR1 000FCE          __end_of_T1_init 1E56                     _dbuf 01DC  
                   _main 016C                     _rand 19EA                     _seed 01FC  
                   _prec 01DA              main@textADC 0111              main@textDAC 0122  
                   _nout 01D6                     pad@i 0021                     pad@p 001E  
                   fsr1h 000FE2                     fsr2h 000FDA                     indf2 000FDF  
                   fsr1l 000FE1                     pad@w 0023                     fsr2l 000FD9  
                   _stoa 1142                     btemp 0057                     _utoa 0F42  
            main@textPWM 0100          __end_of_IT_init 1E60                     prodh 000FF4  
                   prodl 000FF3                     start 0168             ___param_bank 000000  
         _LCD_ShowString 1878                    ??_pad 0020         __end_of_LCD_Init 156C  
       __end_of_LCD_Send 1DBE                    ?_main 0001                    ?_rand 0015  
                  STR_10 FF68                    STR_11 FF36                    STR_12 FEE2  
                  STR_21 FFFC                    STR_13 FF1B                    STR_14 FFDF  
                  STR_15 FFE1                    STR_23 FFFC                    STR_16 FFF4  
                  STR_18 FFF4          __end_of___awmod 1878                    ?_stoa 0013  
                  ?_utoa 0025          __end_of___lodiv 13B4                    _LATB3 007C53  
                  _LATC1 007C59                    _LATD2 007C62                    _LATC4 007C5C  
                  _LATD3 007C63                    _RC1IE 007CED                    _RC1IF 007CF5  
                  _LATD4 007C64                    _LATD5 007C65                    _LATD6 007C66  
        __end_of___lomod 163C                    i2l173 015C                    i2l167 015A  
                  i2l283 19E8             vfpfcnvrt@fmt 0047             vfpfcnvrt@llu 006A  
                  _TX1IE 007CEC                    _TX1IF 007CF4      ___lmul@multiplicand 000D  
           main@rand_num 026D                    _delay 0055                    _flags 004F  
                  _fputc 163C                    _fputs 1BE0                    pad@fp 001A  
                  _width 01D8                    _putch 1E2E                    main@j 0274  
                  main@k 0267             main@textGPIO 00D4          __end_of_tabulka FEC1  
           main@textUART 00E5         __end_of_SPIWrite 1C62                    tablat 000FF5  
           main@position 0273                    plusw1 000FE3                    plusw2 000FDB  
       __end_of_PWM_init 1CD4                    stoa@i 001F                    stoa@l 0027  
                  stoa@p 0025                    stoa@s 0015                    stoa@w 0021  
                  ttemp5 0058                    ttemp6 005B                    ttemp7 005F  
                  utoa@d 0027                    utoa@i 0043                    utoa@n 003B  
                  utoa@p 0037                    utoa@w 0039                    status 000FD8  
                  wtemp8 0058          __end_of_sprintf 1BE0          __end_of_strncmp 1492  
      main@menu_position 01A6         ___lodiv@dividend 0009          __initialization 1A58  
 __end_of_LCD_ShowString 190A             __end_of_main 0C2C             __end_of_rand 1A58  
           __end_of_stoa 12C4             __end_of_utoa 1142             LCD_Send@data 0009  
                 ??_main 008D                   ??_rand 0017                   ??_stoa 0017  
                 ??_utoa 002F        __end_of_LCD_Clear 1D40            __activetblptr 000002  
       ___lodiv@quotient 0019        __end_of_GPIO_init 1DFE                ??_T1_init 0009  
          main@led_state 01A5                   ?_fputc 000A                   ?_fputs 0013  
                 _ADRESH 000FC4                   _ADRESL 000FC3                   _CCPR1L 000FBE  
              ??_IT_init 0009                   ?_putch 0001              ?i2_driveLED 0001  
                 _GODONE 007E11         __end_of_adc_init 1DE2         __end_of_adc_read 1C9C  
                 i2l2701 0128                   i2l2711 014E                   i2l2703 012A  
                 i2l2705 0132                   i2l2707 0134                   i2l2709 014A  
                 i2l2661 002E                   i2l2655 197C                   i2l2671 0068  
                 i2l2663 0032                   i2l2681 00AA                   i2l2665 0044  
                 i2l2673 006A                   i2l2657 0012                   i2l2691 00E4  
                 i2l2683 00B0                   i2l2675 0078                   i2l2667 004C  
                 i2l2659 0020                   i2l2693 0108                   i2l2677 0086  
                 i2l2685 00B6                   i2l2669 0058                   i2l2695 010E  
                 i2l2687 00C4                   i2l2679 0098                   i2l2697 011E  
                 i2l2689 00D2                   i2l2699 0124           UART_TMR1_ISR@i 0051  
                 _RCREG1 000FAE                   _SPBRG1 000FAF                   _TMR1IE 007CE8  
                 _TMR1IF 007CF0                   _TMR2IF 007CF1                   _TMR1ON 007E68  
                 _TMR2ON 007DD2                   _SSP1IF 007CF3                   _SSP2IF 007D27  
                 _SSPBUF 000FC9                   _TXREG1 000FAD    __end_of_UART_TMR1_ISR 0168  
           _CCPTMRS0bits 000F49             vfprintf@cfmt 004B          ?_LCD_ShowString 000A  
                 ___lmul 1AC2         __end_of_driveLED 197A                ??___awmod 001F  
              ??___lodiv 0019                ??___lomod 0019                   clear_0 1A96  
                 clear_1 1AA2          ___awmod@divisor 001D                   isa$std 000001  
          main@sin_final 01A1          ___awmod@counter 001F                   _printf 1D70  
                 pad@buf 001C            main@textLEVEL 0166                   _strlen 1CD4  
          main@value_out 0199            main@textSTART 0155            main@textSTOP1 0177  
          main@textSTOP2 0188             SPIWrite@data 0009                   fputc@c 000A  
                 fputs@c 0017                   fputs@i 0018             __pdataCOMRAM 0055  
                 fputs@s 0013             __mediumconst FE40                   tblptrh 000FF7  
                 tblptrl 000FF6                   tblptru 000FF8         __end_of_spi_init 1E2E  
                 stoa@cp 0023                   stoa@fp 0013         __end_of_vfprintf 1B8E  
                 utoa@fp 0025                ??_sprintf 004D                ??_strncmp 000F  
             __accesstop 0060  __end_of__initialization 1AB4                ?_LCD_Init 0001  
              ?_LCD_Send 0001            ___rparam_used 000001           __pcstackCOMRAM 0001  
           __pidataBANK1 1D40            __end_of_fputc 1706            __end_of_fputs 1C24  
          __end_of_putch 1E44                ?_SPIWrite 0009                ?_PWM_init 0001  
  UART_TMR1_ISR@tmr_over 0006                  ??_fputc 000E                  ??_fputs 0017  
                ??_putch 0009               __pbssBANK1 01D6               __pbssBANK2 0200  
     main@potenciometer1 019D       main@potenciometer2 019F               ??_LCD_Init 000A  
             ??_LCD_Send 0009               _game_state 0054                  ?___lmul 0009  
           i2driveLED@in 0001           ___lmul@product 0011                  ?_printf 0078  
              ?_adc_init 0001                ?_adc_read 0009               ??_SPIWrite 000A  
                ?_strlen 0009               ??_PWM_init 0009                  _T1_init 1E44  
                _SSP2ADD 000F6E                  _SSP2BUF 000F6F                  _IT_init 1E56  
       ___lomod@dividend 0009                ?_driveLED 0001          LCD_ShowString@i 000D  
         main@menu_names 008F                  __Hparam 0000                  __Lparam 0000  
              ?_spi_init 0001                  ___awmod 17C8                  ___lodiv 12C4  
                ___lomod 156C                ?_vfprintf 0072                  __pcinit 1A58  
                __ramtop 1000               ??_adc_init 0009               ??_adc_read 000B  
                __ptext0 016C                  __ptext1 1DFE                  __ptext2 1B8E  
                __ptext3 1E16                  __ptext4 19EA                  __ptext5 1AC2  
                __ptext6 1D70                  __ptext7 1B2C                  __ptext8 0C2C  
                __ptext9 0F42                _T1CONbits 000FCD                _T2CONbits 000FBA  
       ___awmod@dividend 001B                  _tabulka FE41                _LCD_Clear 1D0A  
                _sprintf 1B8E                  _strncmp 13B4     end_of_initialization 1AB4  
           ??i2_driveLED 0001               ??_driveLED 0009                _GPIO_init 1DE2  
      UART_TMR1_ISR@RX_i 0052                  fputc@fp 000C            __Lmediumconst FE40  
                fputs@fp 0015         ??_LCD_ShowString 000C        __end_of_uart_init 1E16  
  LCD_ShowString@lineNum 000C        __end_of_vfpfcnvrt 0F42                  postdec1 000FE5  
                postdec2 000FDD               ??_spi_init 0009                  postinc0 000FEE  
                postinc1 000FE6                  postinc2 000FDE               ??_vfprintf 004B  
                strlen@a 000B                  strlen@s 0009                _PORTAbits 000F80  
              _PORTCbits 000F82       __end_ofi2_driveLED 19EA                _TRISAbits 000F92  
              _TRISBbits 000F93                _TRISCbits 000F94                _TRISDbits 000F95  
              _TRISEbits 000F96               ?_LCD_Clear 0001               ?_GPIO_init 0001  
           _led_stateHRA 0053              _CCP1CONbits 000FBD               main@cursor 00F6  
             main@potHRA 026B               main@text1M 00B2               main@text2M 00C3  
             driveLED@in 0009           __end_of___lmul 1B2C              vfpfcnvrt@ap 0049  
            vfpfcnvrt@cp 0066              vfpfcnvrt@fp 0045            __pidataCOMRAM 1E60  
         __end_of_printf 1D98           __end_of_strlen 1D0A      start_initialization 1A58  
        ___lodiv@divisor 0011          ___lodiv@counter 0021              __end_of_pad 17C8  
            vfprintf@fmt 0074                 ??___lmul 0011              __pdataBANK1 01A7  
            SPIWrite@lsb 000C              SPIWrite@msb 000B                 ??_printf 004D  
               ??_strlen 000B              __pbssCOMRAM 004F          adc_read@channel 000D  
          __pcstackBANK0 0060            __pcstackBANK1 0100            __pcstackBANK2 0267  
            ??_LCD_Clear 000A                 ?_T1_init 0001                 ?_IT_init 0001  
            ??_GPIO_init 0009            _UART_TMR1_ISR 0008            adc_read@value 000E  
              __pintcode 0008            __pmediumconst FE40                 ?___awmod 001B  
               ?___lodiv 0009                 ?___lomod 0009          ___lomod@divisor 0011  
        ___lomod@counter 0019                 ?_sprintf 0078                 ?_strncmp 0009  
               _LCD_Init 1492                 _LCD_Send 1D98                 _LATAbits 000F89  
               _LATBbits 000F8A                 _LATCbits 000F8B                 _LATDbits 000F8C  
         ?_UART_TMR1_ISR 0001                 i2u240_45 198E                 i2u241_40 199E  
               i2u241_41 1998                 i2u250_45 19E8                 i2u242_45 19A0  
               i2u243_40 19B0                 i2u251_40 0020                 i2u243_41 19AA  
               i2u251_41 001C                 i2u252_40 002E                 i2u252_41 002A  
               i2u260_44 00FE                 i2u244_45 19B2                 i2u260_45 00FA  
               i2u245_40 19C2                 i2u261_40 011E                 i2u253_40 0044  
               i2u245_41 19BC                 i2u261_41 011A                 i2u253_41 0040  
               i2u262_40 014A                 i2u254_40 0078                 i2u262_41 0146  
               i2u254_41 0074                 i2u246_45 19C4                 i2u247_40 19D4  
               i2u239_40 198C                 i2u255_40 0086                 i2u247_41 19CE  
               i2u239_41 1986                 i2u255_41 0082                 i2u256_40 00AA  
               i2u256_41 00A6                 i2u248_45 19D6                 i2u249_40 19E6  
               i2u257_40 00C4                 i2u249_41 19E0                 i2u257_41 00C0  
               i2u258_40 00D2                 i2u258_41 00CE                 i2u259_40 00E4  
               i2u259_41 00E0                main@F6541 01D1                main@F6537 01A7  
              _uart_init 1DFE                _vfpfcnvrt 0C2C               _ADCON0bits 000FC2  
               _SPIWrite 1C24               _ADCON2bits 000FC0                 _PWM_init 1C9C  
              main@level 01A3                main@text1 0133                main@text2 0144  
      ___lmul@multiplier 0009                copy_data0 1A6C                 __Hrparam 0000  
        SPIWrite@channel 000A               vfprintf@ap 0076                 __Lrparam 0000  
             vfprintf@fp 0072               ?_uart_init 0001               ?_vfpfcnvrt 0045  
               _adc_init 1DBE                 _adc_read 1C62               _ANSELAbits 000F38  
             _ANSELBbits 000F39               _ANSELCbits 000F3A               _ANSELDbits 000F3B  
             _ANSELEbits 000F3C               sprintf@fmt 007A      UART_TMR1_ISR@zprava 0008  
               __ptext10 1706                 __ptext11 1BE0                 __ptext20 1C62  
               __ptext12 156C                 __ptext21 1DBE                 __ptext13 12C4  
               __ptext30 1E56                 __ptext22 17C8                 __ptext14 13B4  
               __ptext31 1DE2                 __ptext23 1E44                 __ptext15 1142  
               __ptext24 1C24                 __ptext16 1CD4                 __ptext33 197A  
               __ptext25 1C9C                 __ptext17 163C                 __ptext26 1878  
               __ptext18 1E2E                 __ptext27 1492                 __ptext19 190A  
               __ptext28 1D0A                 __ptext29 1D98             _SSP1CON1bits 000FC6  
           _SSP2CON1bits 000F6C             _SSP2CON2bits 000F6B                 _driveLED 190A  
        ??_UART_TMR1_ISR 0002                 _message1 0200                stoa@F1142 01CA  
               isa$xinst 000000                 _spi_init 1E16                 int$flags 0057  
               _vfprintf 1B2C                printf@fmt 0078             _SSP1STATbits 000FC7  
               main@pot1 026F                 main@pot2 0271             _SSP2STATbits 000F6D  
              putch@data 0009           _vfpfcnvrt$2669 0068                 intlevel2 0000  
              sprintf@ap 0080               _RCSTA1bits 000FAB                strncmp@_l 0009  
              strncmp@_r 000B              ??_uart_init 0009                 printf@ap 004D  
            ??_vfpfcnvrt 0060                 stoa@nuls 0018   LCD_ShowString@textData 000A  
               sprintf@f 0082                 sprintf@s 0078                 strncmp@l 0010  
               strncmp@n 000D                 strncmp@r 0012  
