

Microchip MPLAB XC8 Assembler V2.36 build 20220127204148 
                                                                                               Mon May 09 20:34:40 2022

Microchip MPLAB XC8 C Compiler v2.36 (Free license) build 20220127204148 Og1 
     1                           	processor	18F46K22
     2                           	fnconf	rparam,??,?,0
     3                           	pagewidth 120
     4                           	opt	flic
     5                           	psect	idataCOMRAM,global,class=CODE,delta=1,noexec
     6                           	psect	idataBANK1,global,class=CODE,delta=1,noexec
     7                           	psect	mediumconst,global,reloc=2,class=MEDIUMCONST,delta=1,noexec
     8                           	psect	cinit,global,reloc=2,class=CODE,delta=1
     9                           	psect	bssCOMRAM,global,class=COMRAM,space=1,delta=1,lowdata,noexec
    10                           	psect	dataCOMRAM,global,class=COMRAM,space=1,delta=1,lowdata,noexec
    11                           	psect	bssBANK1,global,class=BANK1,space=1,delta=1,lowdata,noexec
    12                           	psect	dataBANK1,global,class=BANK1,space=1,delta=1,lowdata,noexec
    13                           	psect	bssBANK2,global,class=BANK2,space=1,delta=1,lowdata,noexec
    14                           	psect	cstackBANK2,global,class=BANK2,space=1,delta=1,lowdata,noexec
    15                           	psect	cstackBANK1,global,class=BANK1,space=1,delta=1,lowdata,noexec
    16                           	psect	cstackBANK0,global,class=BANK0,space=1,delta=1,lowdata,noexec
    17                           	psect	cstackCOMRAM,global,class=COMRAM,space=1,delta=1,lowdata,noexec
    18                           	psect	text0,global,reloc=2,class=CODE,delta=1
    19                           	psect	text1,global,reloc=2,class=CODE,delta=1
    20                           	psect	text2,global,reloc=2,class=CODE,delta=1,group=3
    21                           	psect	text3,global,reloc=2,class=CODE,delta=1
    22                           	psect	text4,global,reloc=2,class=CODE,delta=1,group=3
    23                           	psect	text5,global,reloc=2,class=CODE,delta=1,group=2
    24                           	psect	text6,global,reloc=2,class=CODE,delta=1,group=3
    25                           	psect	text7,global,reloc=2,class=CODE,delta=1,group=1
    26                           	psect	text8,global,reloc=2,class=CODE,delta=1,group=1
    27                           	psect	text9,global,reloc=2,class=CODE,delta=1,group=1
    28                           	psect	text10,global,reloc=2,class=CODE,delta=1,group=1
    29                           	psect	text11,global,reloc=2,class=CODE,delta=1,group=3
    30                           	psect	text12,global,reloc=2,class=CODE,delta=1,group=2
    31                           	psect	text13,global,reloc=2,class=CODE,delta=1,group=2
    32                           	psect	text14,global,reloc=2,class=CODE,delta=1,group=3
    33                           	psect	text15,global,reloc=2,class=CODE,delta=1,group=1
    34                           	psect	text16,global,reloc=2,class=CODE,delta=1,group=3
    35                           	psect	text17,global,reloc=2,class=CODE,delta=1,group=3
    36                           	psect	text18,global,reloc=2,class=CODE,delta=1
    37                           	psect	text19,global,reloc=2,class=CODE,delta=1
    38                           	psect	text20,global,reloc=2,class=CODE,delta=1
    39                           	psect	text21,global,reloc=2,class=CODE,delta=1
    40                           	psect	text22,global,reloc=2,class=CODE,delta=1,group=2
    41                           	psect	text23,global,reloc=2,class=CODE,delta=1
    42                           	psect	text24,global,reloc=2,class=CODE,delta=1
    43                           	psect	text25,global,reloc=2,class=CODE,delta=1
    44                           	psect	text26,global,reloc=2,class=CODE,delta=1
    45                           	psect	text27,global,reloc=2,class=CODE,delta=1
    46                           	psect	text28,global,reloc=2,class=CODE,delta=1
    47                           	psect	text29,global,reloc=2,class=CODE,delta=1
    48                           	psect	text30,global,reloc=2,class=CODE,delta=1
    49                           	psect	text31,global,reloc=2,class=CODE,delta=1
    50                           	psect	intcode,global,reloc=2,class=CODE,delta=1
    51                           	psect	text33,global,reloc=2,class=CODE,delta=1
    52                           	psect	intsave_regs,global,class=BIGRAM,space=1,delta=1,noexec
    53                           	psect	rparam,global,class=COMRAM,space=1,delta=1,noexec
    54                           	psect	temp,global,ovrld,common,class=COMRAM,space=1,delta=1
    55                           	psect	idloc,global,abs,ovrld,class=IDLOC,space=5,delta=1,noexec
    56                           	psect	config,global,abs,ovrld,class=CONFIG,space=4,delta=1,noexec
    57  0000                     
    58                           ; Version 2.35
    59                           ; Generated 05/05/2021 GMT
    60                           ; 
    61                           ; Copyright © 2021, Microchip Technology Inc. and its subsidiaries ("Microchip")
    62                           ; All rights reserved.
    63                           ; 
    64                           ; This software is developed by Microchip Technology Inc. and its subsidiaries ("Microch
      +                          ip").
    65                           ; 
    66                           ; Redistribution and use in source and binary forms, with or without modification, are
    67                           ; permitted provided that the following conditions are met:
    68                           ; 
    69                           ;     1. Redistributions of source code must retain the above copyright notice, this lis
      +                          t of
    70                           ;        conditions and the following disclaimer.
    71                           ; 
    72                           ;     2. Redistributions in binary form must reproduce the above copyright notice, this 
      +                          list
    73                           ;        of conditions and the following disclaimer in the documentation and/or other
    74                           ;        materials provided with the distribution. Publication is not required when
    75                           ;        this file is used in an embedded application.
    76                           ; 
    77                           ;     3. Microchip's name may not be used to endorse or promote products derived from th
      +                          is
    78                           ;        software without specific prior written permission.
    79                           ; 
    80                           ; THIS SOFTWARE IS PROVIDED BY MICROCHIP "AS IS" AND ANY EXPRESS OR IMPLIED WARRANTIES,
    81                           ; INCLUDING, BUT NOT LIMITED TO, THE IMPLIED WARRANTIES OF MERCHANTABILITY AND FITNESS F
      +                          OR
    82                           ; PURPOSE ARE DISCLAIMED.  IN NO EVENT SHALL MICROCHIP BE LIABLE FOR ANY DIRECT, INDIREC
      +                          T,
    83                           ; INCIDENTAL, SPECIAL, EXEMPLARY, OR CONSEQUENTIAL DAMAGES (INCLUDING BUT NOT LIMITED TO
    84                           ; PROCUREMENT OF SUBSTITUTE GOODS OR SERVICES; LOSS OF USE, DATA OR PROFITS; OR BUSINESS
    85                           ; INTERRUPTION) HOWSOEVER CAUSED AND ON ANY THEORY OF LIABILITY, WHETHER IN CONTRACT, ST
      +                          RICT
    86                           ; LIABILITY, OR TORT (INCLUDING NEGLIGENCE OR OTHERWISE) ARISING IN ANY WAY OUT OF THE U
      +                          SE OF
    87                           ; THIS SOFTWARE, EVEN IF ADVISED OF THE POSSIBILITY OF SUCH DAMAGE.
    88                           ; 
    89                           ; 
    90                           ; Code-generator required, PIC18F46K22 Definitions
    91                           ; 
    92                           ; SFR Addresses
    93  0000                     
    94                           	psect	idataCOMRAM
    95  001E56                     __pidataCOMRAM:
    96                           	callstack 0
    97                           
    98                           ;initializer for _delay
    99  001E56  F424               	dw	62500
   100                           
   101                           	psect	idataBANK1
   102  001D36                     __pidataBANK1:
   103                           	callstack 0
   104                           
   105                           ;initializer for main@F6537
   106  001D36  47                 	db	71
   107  001D37  50                 	db	80
   108  001D38  49                 	db	73
   109  001D39  4F                 	db	79
   110  001D3A  00                 	db	0
   111  001D3B  55                 	db	85
   112  001D3C  41                 	db	65
   113  001D3D  52                 	db	82
   114  001D3E  54                 	db	84
   115  001D3F  00                 	db	0
   116  001D40  50                 	db	80
   117  001D41  57                 	db	87
   118  001D42  4D                 	db	77
   119  001D43  00                 	db	0
   120  001D44  00                 	db	0
   121  001D45  41                 	db	65
   122  001D46  44                 	db	68
   123  001D47  43                 	db	67
   124  001D48  00                 	db	0
   125  001D49  00                 	db	0
   126  001D4A  44                 	db	68
   127  001D4B  41                 	db	65
   128  001D4C  43                 	db	67
   129  001D4D  00                 	db	0
   130  001D4E  00                 	db	0
   131  001D4F  48                 	db	72
   132  001D50  52                 	db	82
   133  001D51  41                 	db	65
   134  001D52  00                 	db	0
   135  001D53  00                 	db	0
   136  001D54  20                 	db	32
   137  001D55  20                 	db	32
   138  001D56  20                 	db	32
   139  001D57  00                 	db	0
   140  001D58  00                 	db	0
   141                           
   142                           ;initializer for stoa@F1142
   143  001D59  28                 	db	40
   144  001D5A  6E                 	db	110
   145  001D5B  75                 	db	117
   146  001D5C  6C                 	db	108
   147  001D5D  6C                 	db	108
   148  001D5E  29                 	db	41
   149  001D5F  00                 	db	0
   150                           
   151                           ;initializer for main@F6541
   152  001D60  2D                 	db	45
   153  001D61  3E                 	db	62
   154  001D62  00                 	db	0
   155                           
   156                           ;initializer for _w
   157  001D63  FFFF               	dw	65535
   158                           
   159                           	psect	mediumconst
   160  00FE40                     __pmediumconst:
   161                           	callstack 0
   162  00FE40  00                 	db	0
   163  00FE41                     _tabulka:
   164                           	callstack 0
   165  00FE41  80                 	db	128
   166  00FE42  86                 	db	134
   167  00FE43  8C                 	db	140
   168  00FE44  92                 	db	146
   169  00FE45  98                 	db	152
   170  00FE46  9E                 	db	158
   171  00FE47  A5                 	db	165
   172  00FE48  AA                 	db	170
   173  00FE49  B0                 	db	176
   174  00FE4A  B6                 	db	182
   175  00FE4B  BC                 	db	188
   176  00FE4C  C1                 	db	193
   177  00FE4D  C6                 	db	198
   178  00FE4E  CB                 	db	203
   179  00FE4F  D0                 	db	208
   180  00FE50  D5                 	db	213
   181  00FE51  DA                 	db	218
   182  00FE52  DE                 	db	222
   183  00FE53  E2                 	db	226
   184  00FE54  E6                 	db	230
   185  00FE55  EA                 	db	234
   186  00FE56  ED                 	db	237
   187  00FE57  F0                 	db	240
   188  00FE58  F3                 	db	243
   189  00FE59  F5                 	db	245
   190  00FE5A  F8                 	db	248
   191  00FE5B  FA                 	db	250
   192  00FE5C  FB                 	db	251
   193  00FE5D  FD                 	db	253
   194  00FE5E  FE                 	db	254
   195  00FE5F  FE                 	db	254
   196  00FE60  FF                 	db	255
   197  00FE61  FF                 	db	255
   198  00FE62  FF                 	db	255
   199  00FE63  FE                 	db	254
   200  00FE64  FE                 	db	254
   201  00FE65  FD                 	db	253
   202  00FE66  FB                 	db	251
   203  00FE67  FA                 	db	250
   204  00FE68  F8                 	db	248
   205  00FE69  F5                 	db	245
   206  00FE6A  F3                 	db	243
   207  00FE6B  F0                 	db	240
   208  00FE6C  ED                 	db	237
   209  00FE6D  EA                 	db	234
   210  00FE6E  E6                 	db	230
   211  00FE6F  E2                 	db	226
   212  00FE70  DE                 	db	222
   213  00FE71  DA                 	db	218
   214  00FE72  D5                 	db	213
   215  00FE73  D0                 	db	208
   216  00FE74  CB                 	db	203
   217  00FE75  C6                 	db	198
   218  00FE76  C1                 	db	193
   219  00FE77  BC                 	db	188
   220  00FE78  B6                 	db	182
   221  00FE79  B0                 	db	176
   222  00FE7A  AA                 	db	170
   223  00FE7B  A5                 	db	165
   224  00FE7C  9E                 	db	158
   225  00FE7D  98                 	db	152
   226  00FE7E  92                 	db	146
   227  00FE7F  8C                 	db	140
   228  00FE80  86                 	db	134
   229  00FE81  80                 	db	128
   230  00FE82  79                 	db	121
   231  00FE83  73                 	db	115
   232  00FE84  6D                 	db	109
   233  00FE85  67                 	db	103
   234  00FE86  61                 	db	97
   235  00FE87  5A                 	db	90
   236  00FE88  55                 	db	85
   237  00FE89  4F                 	db	79
   238  00FE8A  49                 	db	73
   239  00FE8B  43                 	db	67
   240  00FE8C  3E                 	db	62
   241  00FE8D  39                 	db	57
   242  00FE8E  34                 	db	52
   243  00FE8F  2F                 	db	47
   244  00FE90  2A                 	db	42
   245  00FE91  25                 	db	37
   246  00FE92  21                 	db	33
   247  00FE93  1D                 	db	29
   248  00FE94  19                 	db	25
   249  00FE95  15                 	db	21
   250  00FE96  12                 	db	18
   251  00FE97  0F                 	db	15
   252  00FE98  0C                 	db	12
   253  00FE99  0A                 	db	10
   254  00FE9A  07                 	db	7
   255  00FE9B  05                 	db	5
   256  00FE9C  04                 	db	4
   257  00FE9D  02                 	db	2
   258  00FE9E  01                 	db	1
   259  00FE9F  01                 	db	1
   260  00FEA0  00                 	db	0
   261  00FEA1  00                 	db	0
   262  00FEA2  00                 	db	0
   263  00FEA3  01                 	db	1
   264  00FEA4  01                 	db	1
   265  00FEA5  02                 	db	2
   266  00FEA6  04                 	db	4
   267  00FEA7  05                 	db	5
   268  00FEA8  07                 	db	7
   269  00FEA9  0A                 	db	10
   270  00FEAA  0C                 	db	12
   271  00FEAB  0F                 	db	15
   272  00FEAC  12                 	db	18
   273  00FEAD  15                 	db	21
   274  00FEAE  19                 	db	25
   275  00FEAF  1D                 	db	29
   276  00FEB0  21                 	db	33
   277  00FEB1  25                 	db	37
   278  00FEB2  2A                 	db	42
   279  00FEB3  2F                 	db	47
   280  00FEB4  34                 	db	52
   281  00FEB5  39                 	db	57
   282  00FEB6  3E                 	db	62
   283  00FEB7  43                 	db	67
   284  00FEB8  49                 	db	73
   285  00FEB9  4F                 	db	79
   286  00FEBA  55                 	db	85
   287  00FEBB  5A                 	db	90
   288  00FEBC  61                 	db	97
   289  00FEBD  67                 	db	103
   290  00FEBE  6D                 	db	109
   291  00FEBF  73                 	db	115
   292  00FEC0  79                 	db	121
   293  00FEC1                     __end_of_tabulka:
   294                           	callstack 0
   295  0000                     _SSP2STATbits	set	3949
   296  0000                     _SSP2ADD	set	3950
   297  0000                     _ANSELDbits	set	3899
   298  0000                     _TRISDbits	set	3989
   299  0000                     _TXSTA1bits	set	4012
   300  0000                     _ANSELCbits	set	3898
   301  0000                     _TRISEbits	set	3990
   302  0000                     _ANSELBbits	set	3897
   303  0000                     _ANSELEbits	set	3900
   304  0000                     _ANSELAbits	set	3896
   305  0000                     _ADRESL	set	4035
   306  0000                     _ADRESH	set	4036
   307  0000                     _PORTAbits	set	3968
   308  0000                     _PORTCbits	set	3970
   309  0000                     _LATCbits	set	3979
   310  0000                     _LATDbits	set	3980
   311  0000                     _RC1IE	set	31981
   312  0000                     _LATBbits	set	3978
   313  0000                     _TMR1ON	set	32360
   314  0000                     _TMR2ON	set	32210
   315  0000                     _TMR2IF	set	31985
   316  0000                     _GIE	set	32663
   317  0000                     _SSP1IF	set	31987
   318  0000                     _LATD6	set	31846
   319  0000                     _LATD5	set	31845
   320  0000                     _LATD4	set	31844
   321  0000                     _LATC4	set	31836
   322  0000                     _LATD3	set	31843
   323  0000                     _LATD2	set	31842
   324  0000                     _LATC1	set	31833
   325  0000                     _GODONE	set	32273
   326  0000                     _TMR1IE	set	31976
   327  0000                     _TMR1IF	set	31984
   328  0000                     _TX1IF	set	31988
   329  0000                     _TX1IE	set	31980
   330  0000                     _RCSTA1bits	set	4011
   331  0000                     _TXREG1	set	4013
   332  0000                     _RCREG1	set	4014
   333  0000                     _SSP2IF	set	32039
   334  0000                     _RC1IF	set	31989
   335  0000                     _TMR1	set	4046
   336  0000                     _T2CONbits	set	4026
   337  0000                     _PR2	set	4027
   338  0000                     _SPBRG1	set	4015
   339  0000                     _CCPR1L	set	4030
   340  0000                     _ADCON2bits	set	4032
   341  0000                     _PEIE	set	32662
   342  0000                     _TRISAbits	set	3986
   343  0000                     _TRISBbits	set	3987
   344  0000                     _TRISCbits	set	3988
   345  0000                     _LATAbits	set	3977
   346  0000                     _LATB3	set	31827
   347  0000                     _ADCON0bits	set	4034
   348  0000                     _SSP1CON1bits	set	4038
   349  0000                     _SSPBUF	set	4041
   350  0000                     _T1CONbits	set	4045
   351  0000                     _SSP1STATbits	set	4039
   352  0000                     _CCPTMRS0bits	set	3913
   353  0000                     _SSP2CON2bits	set	3947
   354  0000                     _SSP2CON1bits	set	3948
   355  0000                     _CCP1CONbits	set	4029
   356  0000                     _SSP2BUF	set	3951
   357  00FEC1                     STR_8:
   358  00FEC1  4E                 	db	78	;'N'
   359  00FEC2  6F                 	db	111	;'o'
   360  00FEC3  76                 	db	118	;'v'
   361  00FEC4  61                 	db	97	;'a'
   362  00FEC5  20                 	db	32
   363  00FEC6  68                 	db	104	;'h'
   364  00FEC7  72                 	db	114	;'r'
   365  00FEC8  61                 	db	97	;'a'
   366  00FEC9  3A                 	db	58	;':'
   367  00FECA  42                 	db	66	;'B'
   368  00FECB  54                 	db	84	;'T'
   369  00FECC  4E                 	db	78	;'N'
   370  00FECD  31                 	db	49	;'1'
   371  00FECE  20                 	db	32
   372  00FECF  20                 	db	32
   373  00FED0  20                 	db	32
   374  00FED1  20                 	db	32
   375  00FED2  20                 	db	32
   376  00FED3  20                 	db	32
   377  00FED4  20                 	db	32
   378  00FED5  20                 	db	32
   379  00FED6  20                 	db	32
   380  00FED7  20                 	db	32
   381  00FED8  20                 	db	32
   382  00FED9  20                 	db	32
   383  00FEDA  20                 	db	32
   384  00FEDB  20                 	db	32
   385  00FEDC  20                 	db	32
   386  00FEDD  20                 	db	32
   387  00FEDE  20                 	db	32
   388  00FEDF  20                 	db	32
   389  00FEE0  20                 	db	32
   390  00FEE1  00                 	db	0
   391  00FEE2                     STR_12:
   392  00FEE2  61                 	db	97	;'a'
   393  00FEE3  6B                 	db	107	;'k'
   394  00FEE4  74                 	db	116	;'t'
   395  00FEE5  75                 	db	117	;'u'
   396  00FEE6  61                 	db	97	;'a'
   397  00FEE7  6C                 	db	108	;'l'
   398  00FEE8  6E                 	db	110	;'n'
   399  00FEE9  69                 	db	105	;'i'
   400  00FEEA  3A                 	db	58	;':'
   401  00FEEB  25                 	db	37
   402  00FEEC  75                 	db	117	;'u'
   403  00FEED  20                 	db	32
   404  00FEEE  20                 	db	32
   405  00FEEF  20                 	db	32
   406  00FEF0  20                 	db	32
   407  00FEF1  20                 	db	32
   408  00FEF2  20                 	db	32
   409  00FEF3  20                 	db	32
   410  00FEF4  20                 	db	32
   411  00FEF5  20                 	db	32
   412  00FEF6  20                 	db	32
   413  00FEF7  20                 	db	32
   414  00FEF8  20                 	db	32
   415  00FEF9  20                 	db	32
   416  00FEFA  20                 	db	32
   417  00FEFB  20                 	db	32
   418  00FEFC  20                 	db	32
   419  00FEFD  20                 	db	32
   420  00FEFE  00                 	db	0
   421  00FEFF                     STR_9:
   422  00FEFF  47                 	db	71	;'G'
   423  00FF00  41                 	db	65	;'A'
   424  00FF01  4D                 	db	77	;'M'
   425  00FF02  45                 	db	69	;'E'
   426  00FF03  20                 	db	32
   427  00FF04  4F                 	db	79	;'O'
   428  00FF05  56                 	db	86	;'V'
   429  00FF06  45                 	db	69	;'E'
   430  00FF07  52                 	db	82	;'R'
   431  00FF08  20                 	db	32
   432  00FF09  20                 	db	32
   433  00FF0A  20                 	db	32
   434  00FF0B  20                 	db	32
   435  00FF0C  20                 	db	32
   436  00FF0D  20                 	db	32
   437  00FF0E  20                 	db	32
   438  00FF0F  20                 	db	32
   439  00FF10  20                 	db	32
   440  00FF11  20                 	db	32
   441  00FF12  20                 	db	32
   442  00FF13  20                 	db	32
   443  00FF14  20                 	db	32
   444  00FF15  20                 	db	32
   445  00FF16  20                 	db	32
   446  00FF17  20                 	db	32
   447  00FF18  20                 	db	32
   448  00FF19  20                 	db	32
   449  00FF1A  00                 	db	0
   450  00FF1B                     STR_13:
   451  00FF1B  4E                 	db	78	;'N'
   452  00FF1C  65                 	db	101	;'e'
   453  00FF1D  78                 	db	120	;'x'
   454  00FF1E  74                 	db	116	;'t'
   455  00FF1F  20                 	db	32
   456  00FF20  6C                 	db	108	;'l'
   457  00FF21  65                 	db	101	;'e'
   458  00FF22  76                 	db	118	;'v'
   459  00FF23  65                 	db	101	;'e'
   460  00FF24  6C                 	db	108	;'l'
   461  00FF25  3A                 	db	58	;':'
   462  00FF26  20                 	db	32
   463  00FF27  42                 	db	66	;'B'
   464  00FF28  54                 	db	84	;'T'
   465  00FF29  4E                 	db	78	;'N'
   466  00FF2A  31                 	db	49	;'1'
   467  00FF2B  20                 	db	32
   468  00FF2C  20                 	db	32
   469  00FF2D  20                 	db	32
   470  00FF2E  20                 	db	32
   471  00FF2F  20                 	db	32
   472  00FF30  20                 	db	32
   473  00FF31  20                 	db	32
   474  00FF32  20                 	db	32
   475  00FF33  20                 	db	32
   476  00FF34  20                 	db	32
   477  00FF35  00                 	db	0
   478  00FF36                     STR_11:
   479  00FF36  6F                 	db	111	;'o'
   480  00FF37  74                 	db	116	;'t'
   481  00FF38  6F                 	db	111	;'o'
   482  00FF39  63                 	db	99	;'c'
   483  00FF3A  20                 	db	32
   484  00FF3B  6E                 	db	110	;'n'
   485  00FF3C  61                 	db	97	;'a'
   486  00FF3D  3A                 	db	58	;':'
   487  00FF3E  25                 	db	37
   488  00FF3F  75                 	db	117	;'u'
   489  00FF40  20                 	db	32
   490  00FF41  20                 	db	32
   491  00FF42  20                 	db	32
   492  00FF43  20                 	db	32
   493  00FF44  20                 	db	32
   494  00FF45  20                 	db	32
   495  00FF46  20                 	db	32
   496  00FF47  20                 	db	32
   497  00FF48  20                 	db	32
   498  00FF49  20                 	db	32
   499  00FF4A  20                 	db	32
   500  00FF4B  20                 	db	32
   501  00FF4C  20                 	db	32
   502  00FF4D  20                 	db	32
   503  00FF4E  00                 	db	0
   504  00FF4F                     STR_3:
   505  00FF4F  50                 	db	80	;'P'
   506  00FF50  57                 	db	87	;'W'
   507  00FF51  4D                 	db	77	;'M'
   508  00FF52  20                 	db	32
   509  00FF53  70                 	db	112	;'p'
   510  00FF54  6F                 	db	111	;'o'
   511  00FF55  6D                 	db	109	;'m'
   512  00FF56  6F                 	db	111	;'o'
   513  00FF57  63                 	db	99	;'c'
   514  00FF58  69                 	db	105	;'i'
   515  00FF59  20                 	db	32
   516  00FF5A  50                 	db	80	;'P'
   517  00FF5B  4F                 	db	79	;'O'
   518  00FF5C  54                 	db	84	;'T'
   519  00FF5D  20                 	db	32
   520  00FF5E  20                 	db	32
   521  00FF5F  20                 	db	32
   522  00FF60  20                 	db	32
   523  00FF61  20                 	db	32
   524  00FF62  20                 	db	32
   525  00FF63  20                 	db	32
   526  00FF64  20                 	db	32
   527  00FF65  20                 	db	32
   528  00FF66  20                 	db	32
   529  00FF67  00                 	db	0
   530  00FF68                     STR_10:
   531  00FF68  6C                 	db	108	;'l'
   532  00FF69  65                 	db	101	;'e'
   533  00FF6A  76                 	db	118	;'v'
   534  00FF6B  65                 	db	101	;'e'
   535  00FF6C  6C                 	db	108	;'l'
   536  00FF6D  3A                 	db	58	;':'
   537  00FF6E  20                 	db	32
   538  00FF6F  25                 	db	37
   539  00FF70  75                 	db	117	;'u'
   540  00FF71  20                 	db	32
   541  00FF72  20                 	db	32
   542  00FF73  20                 	db	32
   543  00FF74  20                 	db	32
   544  00FF75  20                 	db	32
   545  00FF76  20                 	db	32
   546  00FF77  20                 	db	32
   547  00FF78  20                 	db	32
   548  00FF79  20                 	db	32
   549  00FF7A  20                 	db	32
   550  00FF7B  20                 	db	32
   551  00FF7C  20                 	db	32
   552  00FF7D  20                 	db	32
   553  00FF7E  20                 	db	32
   554  00FF7F  00                 	db	0
   555  00FF80                     STR_1:
   556  00FF80  42                 	db	66	;'B'
   557  00FF81  69                 	db	105	;'i'
   558  00FF82  6E                 	db	110	;'n'
   559  00FF83  61                 	db	97	;'a'
   560  00FF84  72                 	db	114	;'r'
   561  00FF85  6E                 	db	110	;'n'
   562  00FF86  69                 	db	105	;'i'
   563  00FF87  20                 	db	32
   564  00FF88  63                 	db	99	;'c'
   565  00FF89  69                 	db	105	;'i'
   566  00FF8A  74                 	db	116	;'t'
   567  00FF8B  61                 	db	97	;'a'
   568  00FF8C  63                 	db	99	;'c'
   569  00FF8D  20                 	db	32
   570  00FF8E  20                 	db	32
   571  00FF8F  20                 	db	32
   572  00FF90  20                 	db	32
   573  00FF91  20                 	db	32
   574  00FF92  20                 	db	32
   575  00FF93  20                 	db	32
   576  00FF94  20                 	db	32
   577  00FF95  20                 	db	32
   578  00FF96  20                 	db	32
   579  00FF97  00                 	db	0
   580  00FF98                     STR_2:
   581  00FF98  7A                 	db	122	;'z'
   582  00FF99  70                 	db	112	;'p'
   583  00FF9A  72                 	db	114	;'r'
   584  00FF9B  61                 	db	97	;'a'
   585  00FF9C  76                 	db	118	;'v'
   586  00FF9D  61                 	db	97	;'a'
   587  00FF9E  20                 	db	32
   588  00FF9F  6E                 	db	110	;'n'
   589  00FFA0  61                 	db	97	;'a'
   590  00FFA1  6F                 	db	111	;'o'
   591  00FFA2  70                 	db	112	;'p'
   592  00FFA3  61                 	db	97	;'a'
   593  00FFA4  6B                 	db	107	;'k'
   594  00FFA5  20                 	db	32
   595  00FFA6  20                 	db	32
   596  00FFA7  20                 	db	32
   597  00FFA8  20                 	db	32
   598  00FFA9  20                 	db	32
   599  00FFAA  20                 	db	32
   600  00FFAB  20                 	db	32
   601  00FFAC  20                 	db	32
   602  00FFAD  20                 	db	32
   603  00FFAE  20                 	db	32
   604  00FFAF  00                 	db	0
   605  00FFB0                     STR_6:
   606  00FFB0  6F                 	db	111	;'o'
   607  00FFB1  72                 	db	114	;'r'
   608  00FFB2  65                 	db	101	;'e'
   609  00FFB3  7A                 	db	122	;'z'
   610  00FFB4  61                 	db	97	;'a'
   611  00FFB5  6E                 	db	110	;'n'
   612  00FFB6  79                 	db	121	;'y'
   613  00FFB7  20                 	db	32
   614  00FFB8  73                 	db	115	;'s'
   615  00FFB9  69                 	db	105	;'i'
   616  00FFBA  6E                 	db	110	;'n'
   617  00FFBB  75                 	db	117	;'u'
   618  00FFBC  73                 	db	115	;'s'
   619  00FFBD  20                 	db	32
   620  00FFBE  20                 	db	32
   621  00FFBF  20                 	db	32
   622  00FFC0  20                 	db	32
   623  00FFC1  20                 	db	32
   624  00FFC2  20                 	db	32
   625  00FFC3  20                 	db	32
   626  00FFC4  20                 	db	32
   627  00FFC5  20                 	db	32
   628  00FFC6  20                 	db	32
   629  00FFC7  00                 	db	0
   630  00FFC8                     STR_4:
   631  00FFC8  6E                 	db	110	;'n'
   632  00FFC9  61                 	db	97	;'a'
   633  00FFCA  73                 	db	115	;'s'
   634  00FFCB  6F                 	db	111	;'o'
   635  00FFCC  62                 	db	98	;'b'
   636  00FFCD  65                 	db	101	;'e'
   637  00FFCE  6E                 	db	110	;'n'
   638  00FFCF  69                 	db	105	;'i'
   639  00FFD0  20                 	db	32
   640  00FFD1  70                 	db	112	;'p'
   641  00FFD2  6F                 	db	111	;'o'
   642  00FFD3  74                 	db	116	;'t'
   643  00FFD4  20                 	db	32
   644  00FFD5  20                 	db	32
   645  00FFD6  20                 	db	32
   646  00FFD7  20                 	db	32
   647  00FFD8  20                 	db	32
   648  00FFD9  20                 	db	32
   649  00FFDA  20                 	db	32
   650  00FFDB  20                 	db	32
   651  00FFDC  20                 	db	32
   652  00FFDD  20                 	db	32
   653  00FFDE  00                 	db	0
   654  00FFDF                     STR_14:
   655  00FFDF  25                 	db	37
   656  00FFE0  73                 	db	115	;'s'
   657  00FFE1  25                 	db	37
   658  00FFE2  73                 	db	115	;'s'
   659  00FFE3  20                 	db	32
   660  00FFE4  20                 	db	32
   661  00FFE5  20                 	db	32
   662  00FFE6  20                 	db	32
   663  00FFE7  20                 	db	32
   664  00FFE8  20                 	db	32
   665  00FFE9  20                 	db	32
   666  00FFEA  20                 	db	32
   667  00FFEB  20                 	db	32
   668  00FFEC  20                 	db	32
   669  00FFED  20                 	db	32
   670  00FFEE  00                 	db	0
   671  00FFEF                     STR_5:
   672  00FFEF  25                 	db	37
   673  00FFF0  6C                 	db	108	;'l'
   674  00FFF1  75                 	db	117	;'u'
   675  00FFF2  0A                 	db	10
   676  00FFF3  00                 	db	0
   677  00FFF4                     STR_16:
   678  00FFF4  6C                 	db	108	;'l'
   679  00FFF5  6C                 	db	108	;'l'
   680  00FFF6  73                 	db	115	;'s'
   681  00FFF7  00                 	db	0
   682  00FFF8                     STR_7:
   683  00FFF8  25                 	db	37
   684  00FFF9  75                 	db	117	;'u'
   685  00FFFA  0D                 	db	13
   686  00FFFB  00                 	db	0
   687  00FFFC                     STR_21:
   688  00FFFC  6C                 	db	108	;'l'
   689  00FFFD  75                 	db	117	;'u'
   690  00FFFE  00                 	db	0
   691  00FFFF  00                 	db	0	; dummy byte at the end
   692  0000                     
   693                           ; #config settings
   694                           
   695                           	psect	cinit
   696  001A4E                     __pcinit:
   697                           	callstack 0
   698  001A4E                     start_initialization:
   699                           	callstack 0
   700  001A4E                     __initialization:
   701                           	callstack 0
   702                           
   703                           ; Initialize objects allocated to BANK1 (47 bytes)
   704                           ; load TBLPTR registers with __pidataBANK1
   705  001A4E  0E36               	movlw	low __pidataBANK1
   706  001A50  6EF6               	movwf	tblptrl,c
   707  001A52  0E1D               	movlw	high __pidataBANK1
   708  001A54  6EF7               	movwf	tblptrh,c
   709  001A56  0E00               	movlw	low (__pidataBANK1 shr (0+16))
   710  001A58  6EF8               	movwf	tblptru,c
   711  001A5A  EE01  F0A7         	lfsr	0,__pdataBANK1
   712  001A5E  EE10 F02F          	lfsr	1,47
   713  001A62                     copy_data0:
   714  001A62  0009               	tblrd		*+
   715  001A64  CFF5 FFEE          	movff	tablat,postinc0
   716  001A68  50E5               	movf	postdec1,w,c
   717  001A6A  50E1               	movf	fsr1l,w,c
   718  001A6C  E1FA               	bnz	copy_data0
   719                           
   720                           ; Initialize objects allocated to COMRAM (2 bytes)
   721                           ; load TBLPTR registers with __pidataCOMRAM
   722  001A6E  0E56               	movlw	low __pidataCOMRAM
   723  001A70  6EF6               	movwf	tblptrl,c
   724  001A72  0E1E               	movlw	high __pidataCOMRAM
   725  001A74  6EF7               	movwf	tblptrh,c
   726  001A76  0E00               	movlw	low (__pidataCOMRAM shr (0+16))
   727  001A78  6EF8               	movwf	tblptru,c
   728  001A7A  0009               	tblrd		*+	;fetch initializer
   729  001A7C  CFF5 F055          	movff	tablat,__pdataCOMRAM
   730  001A80  0009               	tblrd		*+	;fetch initializer
   731  001A82  CFF5 F056          	movff	tablat,__pdataCOMRAM+1
   732                           
   733                           ; Clear objects allocated to BANK2 (103 bytes)
   734  001A86  EE02  F000         	lfsr	0,__pbssBANK2
   735  001A8A  0E67               	movlw	103
   736  001A8C                     clear_0:
   737  001A8C  6AEE               	clrf	postinc0,c
   738  001A8E  06E8               	decf	wreg,f,c
   739  001A90  E1FD               	bnz	clear_0
   740                           
   741                           ; Clear objects allocated to BANK1 (42 bytes)
   742  001A92  EE01  F0D6         	lfsr	0,__pbssBANK1
   743  001A96  0E2A               	movlw	42
   744  001A98                     clear_1:
   745  001A98  6AEE               	clrf	postinc0,c
   746  001A9A  06E8               	decf	wreg,f,c
   747  001A9C  E1FD               	bnz	clear_1
   748                           
   749                           ; Clear objects allocated to COMRAM (6 bytes)
   750  001A9E  6A54               	clrf	(__pbssCOMRAM+5)& (0+255),c
   751  001AA0  6A53               	clrf	(__pbssCOMRAM+4)& (0+255),c
   752  001AA2  6A52               	clrf	(__pbssCOMRAM+3)& (0+255),c
   753  001AA4  6A51               	clrf	(__pbssCOMRAM+2)& (0+255),c
   754  001AA6  6A50               	clrf	(__pbssCOMRAM+1)& (0+255),c
   755  001AA8  6A4F               	clrf	__pbssCOMRAM& (0+255),c
   756  001AAA                     end_of_initialization:
   757                           	callstack 0
   758  001AAA                     __end_of__initialization:
   759                           	callstack 0
   760  001AAA  9057               	bcf	int$flags,0,c	;clear compiler interrupt flag (level 1)
   761  001AAC  9257               	bcf	int$flags,1,c	;clear compiler interrupt flag (level 2)
   762  001AAE  0E00               	movlw	low (__Lmediumconst shr (0+16))
   763  001AB0  6EF8               	movwf	tblptru,c
   764  001AB2  0100               	movlb	0
   765  001AB4  EFB6  F000         	goto	_main	;jump to C main() function
   766                           
   767                           	psect	bssCOMRAM
   768  00004F                     __pbssCOMRAM:
   769                           	callstack 0
   770  00004F                     _flags:
   771                           	callstack 0
   772  00004F                     	ds	2
   773  000051                     UART_TMR1_ISR@i:
   774                           	callstack 0
   775  000051                     	ds	1
   776  000052                     UART_TMR1_ISR@RX_i:
   777                           	callstack 0
   778  000052                     	ds	1
   779  000053                     _led_stateHRA:
   780                           	callstack 0
   781  000053                     	ds	1
   782  000054                     _game_state:
   783                           	callstack 0
   784  000054                     	ds	1
   785                           
   786                           	psect	dataCOMRAM
   787  000055                     __pdataCOMRAM:
   788                           	callstack 0
   789  000055                     _delay:
   790                           	callstack 0
   791  000055                     	ds	2
   792                           
   793                           	psect	bssBANK1
   794  0001D6                     __pbssBANK1:
   795                           	callstack 0
   796  0001D6                     _nout:
   797                           	callstack 0
   798  0001D6                     	ds	2
   799  0001D8                     _width:
   800                           	callstack 0
   801  0001D8                     	ds	2
   802  0001DA                     _prec:
   803                           	callstack 0
   804  0001DA                     	ds	2
   805  0001DC                     _dbuf:
   806                           	callstack 0
   807  0001DC                     	ds	32
   808  0001FC                     _seed:
   809                           	callstack 0
   810  0001FC                     	ds	4
   811                           
   812                           	psect	dataBANK1
   813  0001A7                     __pdataBANK1:
   814                           	callstack 0
   815  0001A7                     main@F6537:
   816                           	callstack 0
   817  0001A7                     	ds	35
   818  0001CA                     stoa@F1142:
   819                           	callstack 0
   820  0001CA                     	ds	7
   821  0001D1                     main@F6541:
   822                           	callstack 0
   823  0001D1                     	ds	3
   824  0001D4                     _w:
   825                           	callstack 0
   826  0001D4                     	ds	2
   827                           
   828                           	psect	bssBANK2
   829  000200                     __pbssBANK2:
   830                           	callstack 0
   831  000200                     _message1:
   832                           	callstack 0
   833  000200                     	ds	103
   834                           
   835                           	psect	cstackBANK2
   836  000267                     __pcstackBANK2:
   837                           	callstack 0
   838  000267                     main@k:
   839                           	callstack 0
   840                           
   841                           ; 4 bytes @ 0x0
   842  000267                     	ds	4
   843  00026B                     main@potHRA:
   844                           	callstack 0
   845                           
   846                           ; 2 bytes @ 0x4
   847  00026B                     	ds	2
   848  00026D                     main@rand_num:
   849                           	callstack 0
   850                           
   851                           ; 2 bytes @ 0x6
   852  00026D                     	ds	2
   853  00026F                     main@pot1:
   854                           	callstack 0
   855                           
   856                           ; 2 bytes @ 0x8
   857  00026F                     	ds	2
   858  000271                     main@pot2:
   859                           	callstack 0
   860                           
   861                           ; 2 bytes @ 0xA
   862  000271                     	ds	2
   863  000273                     main@position:
   864                           	callstack 0
   865                           
   866                           ; 1 bytes @ 0xC
   867  000273                     	ds	1
   868  000274                     main@j:
   869                           	callstack 0
   870                           
   871                           ; 1 bytes @ 0xD
   872  000274                     	ds	1
   873                           
   874                           	psect	cstackBANK1
   875  000100                     __pcstackBANK1:
   876                           	callstack 0
   877  000100                     main@textPWM:
   878                           	callstack 0
   879                           
   880                           ; 17 bytes @ 0x0
   881  000100                     	ds	17
   882  000111                     main@textADC:
   883                           	callstack 0
   884                           
   885                           ; 17 bytes @ 0x11
   886  000111                     	ds	17
   887  000122                     main@textDAC:
   888                           	callstack 0
   889                           
   890                           ; 17 bytes @ 0x22
   891  000122                     	ds	17
   892  000133                     main@text1:
   893                           	callstack 0
   894                           
   895                           ; 17 bytes @ 0x33
   896  000133                     	ds	17
   897  000144                     main@text2:
   898                           	callstack 0
   899                           
   900                           ; 17 bytes @ 0x44
   901  000144                     	ds	17
   902  000155                     main@textSTART:
   903                           	callstack 0
   904                           
   905                           ; 17 bytes @ 0x55
   906  000155                     	ds	17
   907  000166                     main@textLEVEL:
   908                           	callstack 0
   909                           
   910                           ; 17 bytes @ 0x66
   911  000166                     	ds	17
   912  000177                     main@textSTOP1:
   913                           	callstack 0
   914                           
   915                           ; 17 bytes @ 0x77
   916  000177                     	ds	17
   917  000188                     main@textSTOP2:
   918                           	callstack 0
   919                           
   920                           ; 17 bytes @ 0x88
   921  000188                     	ds	17
   922  000199                     main@value_out:
   923                           	callstack 0
   924                           
   925                           ; 4 bytes @ 0x99
   926  000199                     	ds	4
   927  00019D                     main@potenciometer1:
   928                           	callstack 0
   929                           
   930                           ; 2 bytes @ 0x9D
   931  00019D                     	ds	2
   932  00019F                     main@potenciometer2:
   933                           	callstack 0
   934                           
   935                           ; 2 bytes @ 0x9F
   936  00019F                     	ds	2
   937  0001A1                     main@sin_final:
   938                           	callstack 0
   939                           
   940                           ; 2 bytes @ 0xA1
   941  0001A1                     	ds	2
   942  0001A3                     main@level:
   943                           	callstack 0
   944                           
   945                           ; 2 bytes @ 0xA3
   946  0001A3                     	ds	2
   947  0001A5                     main@led_state:
   948                           	callstack 0
   949                           
   950                           ; 1 bytes @ 0xA5
   951  0001A5                     	ds	1
   952  0001A6                     main@menu_position:
   953                           	callstack 0
   954                           
   955                           ; 1 bytes @ 0xA6
   956  0001A6                     	ds	1
   957                           
   958                           	psect	cstackBANK0
   959  000060                     __pcstackBANK0:
   960                           	callstack 0
   961  000060                     ??_vfpfcnvrt:
   962                           
   963                           ; 1 bytes @ 0x0
   964  000060                     	ds	6
   965  000066                     vfpfcnvrt@cp:
   966                           	callstack 0
   967                           
   968                           ; 2 bytes @ 0x6
   969  000066                     	ds	2
   970  000068                     _vfpfcnvrt$2669:
   971                           	callstack 0
   972                           
   973                           ; 2 bytes @ 0x8
   974  000068                     	ds	2
   975  00006A                     vfpfcnvrt@llu:
   976                           	callstack 0
   977                           
   978                           ; 8 bytes @ 0xA
   979  00006A                     	ds	8
   980  000072                     ?_vfprintf:
   981                           	callstack 0
   982  000072                     vfprintf@fp:
   983                           	callstack 0
   984                           
   985                           ; 2 bytes @ 0x12
   986  000072                     	ds	2
   987  000074                     vfprintf@fmt:
   988                           	callstack 0
   989                           
   990                           ; 2 bytes @ 0x14
   991  000074                     	ds	2
   992  000076                     vfprintf@ap:
   993                           	callstack 0
   994                           
   995                           ; 2 bytes @ 0x16
   996  000076                     	ds	2
   997  000078                     ?_sprintf:
   998                           	callstack 0
   999  000078                     ?_printf:
  1000                           	callstack 0
  1001  000078                     sprintf@s:
  1002                           	callstack 0
  1003  000078                     printf@fmt:
  1004                           	callstack 0
  1005                           
  1006                           ; 2 bytes @ 0x18
  1007  000078                     	ds	2
  1008  00007A                     sprintf@fmt:
  1009                           	callstack 0
  1010                           
  1011                           ; 2 bytes @ 0x1A
  1012  00007A                     	ds	6
  1013  000080                     sprintf@ap:
  1014                           	callstack 0
  1015                           
  1016                           ; 2 bytes @ 0x20
  1017  000080                     	ds	2
  1018  000082                     sprintf@f:
  1019                           	callstack 0
  1020                           
  1021                           ; 11 bytes @ 0x22
  1022  000082                     	ds	11
  1023  00008D                     ??_main:
  1024                           
  1025                           ; 1 bytes @ 0x2D
  1026  00008D                     	ds	2
  1027  00008F                     main@menu_names:
  1028                           	callstack 0
  1029                           
  1030                           ; 35 bytes @ 0x2F
  1031  00008F                     	ds	35
  1032  0000B2                     main@text1M:
  1033                           	callstack 0
  1034                           
  1035                           ; 17 bytes @ 0x52
  1036  0000B2                     	ds	17
  1037  0000C3                     main@text2M:
  1038                           	callstack 0
  1039                           
  1040                           ; 17 bytes @ 0x63
  1041  0000C3                     	ds	17
  1042  0000D4                     main@textGPIO:
  1043                           	callstack 0
  1044                           
  1045                           ; 17 bytes @ 0x74
  1046  0000D4                     	ds	17
  1047  0000E5                     main@textUART:
  1048                           	callstack 0
  1049                           
  1050                           ; 17 bytes @ 0x85
  1051  0000E5                     	ds	17
  1052  0000F6                     main@cursor:
  1053                           	callstack 0
  1054                           
  1055                           ; 3 bytes @ 0x96
  1056  0000F6                     	ds	3
  1057                           
  1058                           	psect	cstackCOMRAM
  1059  000001                     __pcstackCOMRAM:
  1060                           	callstack 0
  1061  000001                     i2driveLED@in:
  1062                           	callstack 0
  1063                           
  1064                           ; 1 bytes @ 0x0
  1065  000001                     	ds	1
  1066  000002                     ??_UART_TMR1_ISR:
  1067                           
  1068                           ; 1 bytes @ 0x1
  1069  000002                     	ds	4
  1070  000006                     UART_TMR1_ISR@tmr_over:
  1071                           	callstack 0
  1072                           
  1073                           ; 2 bytes @ 0x5
  1074  000006                     	ds	2
  1075  000008                     UART_TMR1_ISR@zprava:
  1076                           	callstack 0
  1077                           
  1078                           ; 1 bytes @ 0x7
  1079  000008                     	ds	1
  1080  000009                     ?_adc_read:
  1081                           	callstack 0
  1082  000009                     ?_strlen:
  1083                           	callstack 0
  1084  000009                     ?_strncmp:
  1085                           	callstack 0
  1086  000009                     ?___lmul:
  1087                           	callstack 0
  1088  000009                     ?___lodiv:
  1089                           	callstack 0
  1090  000009                     ?___lomod:
  1091                           	callstack 0
  1092  000009                     driveLED@in:
  1093                           	callstack 0
  1094  000009                     SPIWrite@data:
  1095                           	callstack 0
  1096  000009                     putch@data:
  1097                           	callstack 0
  1098  000009                     LCD_Send@data:
  1099                           	callstack 0
  1100  000009                     strlen@s:
  1101                           	callstack 0
  1102  000009                     strncmp@_l:
  1103                           	callstack 0
  1104  000009                     ___lmul@multiplier:
  1105                           	callstack 0
  1106  000009                     ___lodiv@dividend:
  1107                           	callstack 0
  1108  000009                     ___lomod@dividend:
  1109                           	callstack 0
  1110                           
  1111                           ; 8 bytes @ 0x8
  1112  000009                     	ds	1
  1113  00000A                     ??_LCD_Init:
  1114  00000A                     SPIWrite@channel:
  1115                           	callstack 0
  1116  00000A                     LCD_ShowString@textData:
  1117                           	callstack 0
  1118  00000A                     fputc@c:
  1119                           	callstack 0
  1120                           
  1121                           ; 2 bytes @ 0x9
  1122  00000A                     	ds	1
  1123  00000B                     ??_adc_read:
  1124  00000B                     SPIWrite@msb:
  1125                           	callstack 0
  1126  00000B                     strlen@a:
  1127                           	callstack 0
  1128  00000B                     strncmp@_r:
  1129                           	callstack 0
  1130                           
  1131                           ; 2 bytes @ 0xA
  1132  00000B                     	ds	1
  1133  00000C                     SPIWrite@lsb:
  1134                           	callstack 0
  1135  00000C                     LCD_ShowString@lineNum:
  1136                           	callstack 0
  1137  00000C                     fputc@fp:
  1138                           	callstack 0
  1139                           
  1140                           ; 2 bytes @ 0xB
  1141  00000C                     	ds	1
  1142  00000D                     adc_read@channel:
  1143                           	callstack 0
  1144  00000D                     LCD_ShowString@i:
  1145                           	callstack 0
  1146  00000D                     strncmp@n:
  1147                           	callstack 0
  1148  00000D                     ___lmul@multiplicand:
  1149                           	callstack 0
  1150                           
  1151                           ; 4 bytes @ 0xC
  1152  00000D                     	ds	1
  1153  00000E                     ??_fputc:
  1154  00000E                     adc_read@value:
  1155                           	callstack 0
  1156                           
  1157                           ; 2 bytes @ 0xD
  1158  00000E                     	ds	1
  1159  00000F                     ??_strncmp:
  1160                           
  1161                           ; 1 bytes @ 0xE
  1162  00000F                     	ds	1
  1163  000010                     strncmp@l:
  1164                           	callstack 0
  1165                           
  1166                           ; 2 bytes @ 0xF
  1167  000010                     	ds	1
  1168  000011                     ___lmul@product:
  1169                           	callstack 0
  1170  000011                     ___lodiv@divisor:
  1171                           	callstack 0
  1172  000011                     ___lomod@divisor:
  1173                           	callstack 0
  1174                           
  1175                           ; 8 bytes @ 0x10
  1176  000011                     	ds	1
  1177  000012                     strncmp@r:
  1178                           	callstack 0
  1179                           
  1180                           ; 2 bytes @ 0x11
  1181  000012                     	ds	1
  1182  000013                     ?_stoa:
  1183                           	callstack 0
  1184  000013                     stoa@fp:
  1185                           	callstack 0
  1186  000013                     fputs@s:
  1187                           	callstack 0
  1188                           
  1189                           ; 2 bytes @ 0x12
  1190  000013                     	ds	2
  1191  000015                     ?_rand:
  1192                           	callstack 0
  1193  000015                     stoa@s:
  1194                           	callstack 0
  1195  000015                     fputs@fp:
  1196                           	callstack 0
  1197                           
  1198                           ; 2 bytes @ 0x14
  1199  000015                     	ds	2
  1200  000017                     ??_rand:
  1201  000017                     ??_stoa:
  1202  000017                     fputs@c:
  1203                           	callstack 0
  1204                           
  1205                           ; 1 bytes @ 0x16
  1206  000017                     	ds	1
  1207  000018                     fputs@i:
  1208                           	callstack 0
  1209  000018                     stoa@nuls:
  1210                           	callstack 0
  1211                           
  1212                           ; 7 bytes @ 0x17
  1213  000018                     	ds	1
  1214  000019                     ___lomod@counter:
  1215                           	callstack 0
  1216  000019                     ___lodiv@quotient:
  1217                           	callstack 0
  1218                           
  1219                           ; 8 bytes @ 0x18
  1220  000019                     	ds	1
  1221  00001A                     ?_pad:
  1222                           	callstack 0
  1223  00001A                     pad@fp:
  1224                           	callstack 0
  1225                           
  1226                           ; 2 bytes @ 0x19
  1227  00001A                     	ds	1
  1228  00001B                     ?___awmod:
  1229                           	callstack 0
  1230  00001B                     ___awmod@dividend:
  1231                           	callstack 0
  1232                           
  1233                           ; 2 bytes @ 0x1A
  1234  00001B                     	ds	1
  1235  00001C                     pad@buf:
  1236                           	callstack 0
  1237                           
  1238                           ; 2 bytes @ 0x1B
  1239  00001C                     	ds	1
  1240  00001D                     ___awmod@divisor:
  1241                           	callstack 0
  1242                           
  1243                           ; 2 bytes @ 0x1C
  1244  00001D                     	ds	1
  1245  00001E                     pad@p:
  1246                           	callstack 0
  1247                           
  1248                           ; 2 bytes @ 0x1D
  1249  00001E                     	ds	1
  1250  00001F                     ___awmod@counter:
  1251                           	callstack 0
  1252  00001F                     stoa@i:
  1253                           	callstack 0
  1254                           
  1255                           ; 2 bytes @ 0x1E
  1256  00001F                     	ds	1
  1257  000020                     ??_pad:
  1258  000020                     ___awmod@sign:
  1259                           	callstack 0
  1260                           
  1261                           ; 1 bytes @ 0x1F
  1262  000020                     	ds	1
  1263  000021                     ___lodiv@counter:
  1264                           	callstack 0
  1265  000021                     pad@i:
  1266                           	callstack 0
  1267  000021                     stoa@w:
  1268                           	callstack 0
  1269                           
  1270                           ; 2 bytes @ 0x20
  1271  000021                     	ds	2
  1272  000023                     pad@w:
  1273                           	callstack 0
  1274  000023                     stoa@cp:
  1275                           	callstack 0
  1276                           
  1277                           ; 2 bytes @ 0x22
  1278  000023                     	ds	2
  1279  000025                     ?_utoa:
  1280                           	callstack 0
  1281  000025                     stoa@p:
  1282                           	callstack 0
  1283  000025                     utoa@fp:
  1284                           	callstack 0
  1285                           
  1286                           ; 2 bytes @ 0x24
  1287  000025                     	ds	2
  1288  000027                     stoa@l:
  1289                           	callstack 0
  1290  000027                     utoa@d:
  1291                           	callstack 0
  1292                           
  1293                           ; 8 bytes @ 0x26
  1294  000027                     	ds	8
  1295  00002F                     ??_utoa:
  1296                           
  1297                           ; 1 bytes @ 0x2E
  1298  00002F                     	ds	8
  1299  000037                     utoa@p:
  1300                           	callstack 0
  1301                           
  1302                           ; 2 bytes @ 0x36
  1303  000037                     	ds	2
  1304  000039                     utoa@w:
  1305                           	callstack 0
  1306                           
  1307                           ; 2 bytes @ 0x38
  1308  000039                     	ds	2
  1309  00003B                     utoa@n:
  1310                           	callstack 0
  1311                           
  1312                           ; 8 bytes @ 0x3A
  1313  00003B                     	ds	8
  1314  000043                     utoa@i:
  1315                           	callstack 0
  1316                           
  1317                           ; 2 bytes @ 0x42
  1318  000043                     	ds	2
  1319  000045                     ?_vfpfcnvrt:
  1320                           	callstack 0
  1321  000045                     vfpfcnvrt@fp:
  1322                           	callstack 0
  1323                           
  1324                           ; 2 bytes @ 0x44
  1325  000045                     	ds	2
  1326  000047                     vfpfcnvrt@fmt:
  1327                           	callstack 0
  1328                           
  1329                           ; 2 bytes @ 0x46
  1330  000047                     	ds	2
  1331  000049                     vfpfcnvrt@ap:
  1332                           	callstack 0
  1333                           
  1334                           ; 2 bytes @ 0x48
  1335  000049                     	ds	2
  1336  00004B                     vfprintf@cfmt:
  1337                           	callstack 0
  1338                           
  1339                           ; 2 bytes @ 0x4A
  1340  00004B                     	ds	2
  1341  00004D                     printf@ap:
  1342                           	callstack 0
  1343                           
  1344                           ; 2 bytes @ 0x4C
  1345  00004D                     	ds	2
  1346                           
  1347 ;;
  1348 ;;Main: autosize = 0, tempsize = 2, incstack = 0, save=0
  1349 ;;
  1350 ;; *************** function _main *****************
  1351 ;; Defined at:
  1352 ;;		line 131 in file "menu.c"
  1353 ;; Parameters:    Size  Location     Type
  1354 ;;		None
  1355 ;; Auto vars:     Size  Location     Type
  1356 ;;  k               4    0[BANK2 ] long 
  1357 ;;  value_out       4  153[BANK1 ] unsigned long 
  1358 ;;  pot2            2   10[BANK2 ] unsigned int 
  1359 ;;  pot1            2    8[BANK2 ] unsigned int 
  1360 ;;  sin_final       2  161[BANK1 ] unsigned int 
  1361 ;;  potenciomete    2  159[BANK1 ] unsigned int 
  1362 ;;  potenciomete    2  157[BANK1 ] unsigned int 
  1363 ;;  j               1   13[BANK2 ] unsigned char 
  1364 ;;  led_state       1  165[BANK1 ] unsigned char 
  1365 ;;  menu_names     35   47[BANK0 ] unsigned char [5][7]
  1366 ;;  textSTOP2      17  136[BANK1 ] unsigned char [17]
  1367 ;;  textSTOP1      17  119[BANK1 ] unsigned char [17]
  1368 ;;  textLEVEL      17  102[BANK1 ] unsigned char [17]
  1369 ;;  textSTART      17   85[BANK1 ] unsigned char [17]
  1370 ;;  text2          17   68[BANK1 ] unsigned char [17]
  1371 ;;  text1          17   51[BANK1 ] unsigned char [17]
  1372 ;;  textDAC        17   34[BANK1 ] unsigned char [17]
  1373 ;;  textADC        17   17[BANK1 ] unsigned char [17]
  1374 ;;  textPWM        17    0[BANK1 ] unsigned char [17]
  1375 ;;  textUART       17  133[BANK0 ] unsigned char [17]
  1376 ;;  textGPIO       17  116[BANK0 ] unsigned char [17]
  1377 ;;  text2M         17   99[BANK0 ] unsigned char [17]
  1378 ;;  text1M         17   82[BANK0 ] unsigned char [17]
  1379 ;;  cursor          3  150[BANK0 ] unsigned char [3][1]
  1380 ;;  rand_num        2    6[BANK2 ] unsigned int 
  1381 ;;  potHRA          2    4[BANK2 ] unsigned int 
  1382 ;;  level           2  163[BANK1 ] unsigned int 
  1383 ;;  position        1   12[BANK2 ] unsigned char 
  1384 ;;  menu_positio    1  166[BANK1 ] unsigned char 
  1385 ;; Return value:  Size  Location     Type
  1386 ;;                  1    wreg      void 
  1387 ;; Registers used:
  1388 ;;		wreg, fsr1l, fsr1h, fsr2l, fsr2h, status,2, status,0, tblptrl, tblptrh, tblptru, prodl, prodh, cstack
  1389 ;; Tracked objects:
  1390 ;;		On entry : 0/0
  1391 ;;		On exit  : 0/0
  1392 ;;		Unchanged: 0/0
  1393 ;; Data sizes:     COMRAM   BANK0   BANK1   BANK2   BANK3   BANK4   BANK5   BANK6   BANK7   BANK8   BANK9  BANK10  BANK1
      +1  BANK12  BANK13  BANK14  BANK15
  1394 ;;      Params:         0       0       0       0       0       0       0       0       0       0       0       0       
      +0       0       0       0       0
  1395 ;;      Locals:         0     106     167      14       0       0       0       0       0       0       0       0       
      +0       0       0       0       0
  1396 ;;      Temps:          0       2       0       0       0       0       0       0       0       0       0       0       
      +0       0       0       0       0
  1397 ;;      Totals:         0     108     167      14       0       0       0       0       0       0       0       0       
      +0       0       0       0       0
  1398 ;;Total ram usage:      289 bytes
  1399 ;; Hardware stack levels required when called: 10
  1400 ;; This function calls:
  1401 ;;		_GPIO_init
  1402 ;;		_IT_init
  1403 ;;		_LCD_Clear
  1404 ;;		_LCD_Init
  1405 ;;		_LCD_ShowString
  1406 ;;		_PWM_init
  1407 ;;		_SPIWrite
  1408 ;;		_T1_init
  1409 ;;		___awmod
  1410 ;;		___lmul
  1411 ;;		_adc_init
  1412 ;;		_adc_read
  1413 ;;		_driveLED
  1414 ;;		_printf
  1415 ;;		_rand
  1416 ;;		_spi_init
  1417 ;;		_sprintf
  1418 ;;		_uart_init
  1419 ;; This function is called by:
  1420 ;;		Startup code after reset
  1421 ;; This function uses a non-reentrant model
  1422 ;;
  1423                           
  1424                           	psect	text0
  1425  00016C                     __ptext0:
  1426                           	callstack 0
  1427  00016C                     _main:
  1428                           	callstack 21
  1429  00016C                     
  1430                           ;menu.c: 133:     GPIO_init();;menu.c: 133: ;menu.c: 133: {
  1431  00016C  ECEC  F00E         	call	_GPIO_init	;wreg free
  1432  000170                     
  1433                           ;menu.c: 134:     LCD_Init();;menu.c: 134:                 ADCON0bits.CHS = 5;;menu.c: 1
      +                          34:     TRISDbits.TRISD2 = 0;
  1434  000170  EC44  F00A         	call	_LCD_Init	;wreg free
  1435  000174                     
  1436                           ;menu.c: 135:     uart_init();;menu.c: 135: ;menu.c: 135:     TRISDbits.TRISD3 = 0;
  1437  000174  ECFA  F00E         	call	_uart_init	;wreg free
  1438  000178                     
  1439                           ;menu.c: 136:     adc_init();;menu.c: 136:                 while(1);menu.c: 136:     TRI
      +                          SCbits.TRISC4 = 0;
  1440  000178  ECDA  F00E         	call	_adc_init	;wreg free
  1441  00017C                     
  1442                           ;menu.c: 137:     spi_init();;menu.c: 137:                 {;menu.c: 137:     TRISDbits.
      +                          TRISD4 = 0;
  1443  00017C  EC06  F00F         	call	_spi_init	;wreg free
  1444                           
  1445                           ;menu.c: 138:     IT_init();;menu.c: 138:                 switch(game_state);menu.c: 138
      +                          :     TRISDbits.TRISD5 = 0;
  1446  000180  EC26  F00F         	call	_IT_init	;wreg free
  1447  000184                     
  1448                           ;menu.c: 139:     T1_init();;menu.c: 139:                 {;menu.c: 139:     TRISDbits.T
      +                          RISD6 = 0;
  1449  000184  EC1D  F00F         	call	_T1_init	;wreg free
  1450  000188                     
  1451                           ;menu.c: 141:    char menu_names[7][5] = {;menu.c: 141: ;menu.c: 141:     ANSELAbits.ANS
      +                          A3 = 0;
  1452  000188  EE21  F0A7         	lfsr	2,main@F6537
  1453  00018C  EE10  F08F         	lfsr	1,main@menu_names
  1454  000190  0E22               	movlw	34
  1455  000192                     u3941:
  1456  000192  CFDB FFE3          	movff	plusw2,plusw1
  1457  000196  06E8               	decf	wreg,f,c
  1458  000198  E2FC               	bc	u3941
  1459  00019A                     
  1460                           ;menu.c: 151:    char cursor[1][3] = {;menu.c: 151:                             _delay((
      +                          unsigned long)((80)*(32e6/4000.0)));;menu.c: 151: 
  1461  00019A  C1D1  F0F6         	movff	main@F6541,main@cursor
  1462  00019E  C1D2  F0F7         	movff	main@F6541+1,main@cursor+1
  1463  0001A2  C1D3  F0F8         	movff	main@F6541+2,main@cursor+2
  1464  0001A6                     
  1465                           ;menu.c: 155:     char text1M [17];;menu.c: 155:                                 game_st
      +                          ate = GAME_OFF;;menu.c: 155:     PR2 = 199;;menu.c: 156:     char text2M [17];;menu.c: 1
      +                          56:                             };menu.c: 156:     CCP1CONbits.P1M = 0b00;;menu.c: 157: 
      +                              char textGPIO [17];;menu.c: 157:                         };menu.c: 157:     CCP1CONb
      +                          its.CCP1M = 0b1100;;menu.c: 158:     char textUART [17];;menu.c: 158:                   
      +                                break;;menu.c: 158:     CCPR1L = 0;;menu.c: 159:     char textPWM [17];
  1466  0001A6  0E00               	movlw	0
  1467  0001A8  0101               	movlb	1	; () banked
  1468  0001AA  6FA4               	movwf	(main@level+1)& (0+255),b
  1469  0001AC  0E01               	movlw	1
  1470  0001AE  6FA3               	movwf	main@level& (0+255),b
  1471  0001B0                     
  1472                           ; BSR set to: 1
  1473                           ;menu.c: 172:     game_state = GAME_START;;menu.c: 172: ;menu.c: 172:     TMR1IF = 0;
  1474  0001B0  0E00               	movlw	0
  1475  0001B2  6E54               	movwf	_game_state^0,c	;volatile
  1476  0001B4                     
  1477                           ; BSR set to: 1
  1478                           ;menu.c: 173:     char position = 0;;menu.c: 173:                         break;;menu.c:
      +                           173: }
  1479  0001B4  0E00               	movlw	0
  1480  0001B6  0102               	movlb	2	; () banked
  1481  0001B8  6F73               	movwf	main@position& (0+255),b
  1482  0001BA                     l3596:
  1483                           
  1484                           ;menu.c: 174:     char menu_position = 6;;menu.c: 174: 
  1485  0001BA  0E06               	movlw	6
  1486  0001BC  0101               	movlb	1	; () banked
  1487  0001BE  6FA6               	movwf	main@menu_position& (0+255),b
  1488  0001C0  EFE4  F005         	goto	l3916
  1489  0001C4                     l3598:
  1490                           
  1491                           ; BSR set to: 0
  1492                           ;menu.c: 183:             LCD_Clear();;menu.c: 183: 
  1493  0001C4  EC80  F00E         	call	_LCD_Clear	;wreg free
  1494  0001C8                     
  1495                           ;menu.c: 184:             sprintf(textGPIO,"Binarni citac          ");;menu.c: 184:     
      +                                              sprintf(text1, "aktualni:%u                 ", potHRA);
  1496  0001C8  0ED4               	movlw	low main@textGPIO
  1497  0001CA  0100               	movlb	0	; () banked
  1498  0001CC  6F78               	movwf	sprintf@s& (0+255),b
  1499  0001CE  0E00               	movlw	high main@textGPIO
  1500  0001D0  6F79               	movwf	(sprintf@s+1)& (0+255),b
  1501  0001D2  0E80               	movlw	low STR_1
  1502  0001D4  6F7A               	movwf	sprintf@fmt& (0+255),b
  1503  0001D6  0EFF               	movlw	high STR_1
  1504  0001D8  6F7B               	movwf	(sprintf@fmt+1)& (0+255),b
  1505  0001DA  ECC2  F00D         	call	_sprintf	;wreg free
  1506  0001DE                     
  1507                           ;menu.c: 185:             LCD_ShowString(1,textGPIO);;menu.c: 185:                      
      +                             LCD_ShowString(2, text1);
  1508  0001DE  0ED4               	movlw	low main@textGPIO
  1509  0001E0  6E0A               	movwf	LCD_ShowString@textData^0,c
  1510  0001E2  0E00               	movlw	high main@textGPIO
  1511  0001E4  6E0B               	movwf	(LCD_ShowString@textData+1)^0,c
  1512  0001E6  0E01               	movlw	1
  1513  0001E8  EC37  F00C         	call	_LCD_ShowString
  1514  0001EC                     
  1515                           ;menu.c: 187:                 LATDbits.LATD2 = 1;;menu.c: 187:                         i
      +                          f(potHRA == rand_num)
  1516  0001EC  848C               	bsf	140,2,c	;volatile
  1517  0001EE                     
  1518                           ;menu.c: 188:                 LATDbits.LATD3 = 1;;menu.c: 188:                         {
  1519  0001EE  868C               	bsf	140,3,c	;volatile
  1520  0001F0                     
  1521                           ;menu.c: 189:                 LATCbits.LATC4 = 1;;menu.c: 189:                          
      +                             for(long k=1; k<200000; k++);
  1522  0001F0  888B               	bsf	139,4,c	;volatile
  1523  0001F2                     
  1524                           ;menu.c: 190:                 LATDbits.LATD4 = 1;;menu.c: 190:                          
      +                             if(potHRA == rand_num)
  1525  0001F2  888C               	bsf	140,4,c	;volatile
  1526  0001F4                     
  1527                           ;menu.c: 191:                 LATDbits.LATD5 = 1;;menu.c: 191:                          
      +                             {
  1528  0001F4  8A8C               	bsf	140,5,c	;volatile
  1529  0001F6                     
  1530                           ;menu.c: 192:                 LATDbits.LATD6 = 1;;menu.c: 192:                          
      +                                 game_state = NEXT_LEVEL;
  1531  0001F6  8C8C               	bsf	140,6,c	;volatile
  1532  0001F8                     
  1533                           ;menu.c: 194:                 unsigned char led_state = 0;;menu.c: 194:                 
      +                                  }
  1534  0001F8  0E00               	movlw	0
  1535  0001FA  0101               	movlb	1	; () banked
  1536  0001FC  6FA5               	movwf	main@led_state& (0+255),b
  1537  0001FE                     l3618:
  1538                           
  1539                           ;menu.c: 197:                     if(PORTCbits.RC0){;menu.c: 197:                       
      +                                _delay((unsigned long)((80)*(32e6/4000.0)));
  1540  0001FE  A082               	btfss	130,0,c	;volatile
  1541  000200  EF04  F001         	goto	u3951
  1542  000204  EF06  F001         	goto	u3950
  1543  000208                     u3951:
  1544  000208  EF29  F001         	goto	l3632
  1545  00020C                     u3950:
  1546  00020C                     
  1547                           ;menu.c: 198:                     _delay((unsigned long)((80)*(32e6/4000.0)));;menu.c: 1
      +                          98:                             if(PORTAbits.RA2)
  1548  00020C  0E04               	movlw	4
  1549  00020E  0100               	movlb	0	; () banked
  1550  000210  6F8E               	movwf	(??_main+1)& (0+255),b
  1551  000212  0E40               	movlw	64
  1552  000214  6F8D               	movwf	??_main& (0+255),b
  1553  000216  0E26               	movlw	38
  1554  000218                     u4427:
  1555  000218  2EE8               	decfsz	wreg,f,c
  1556  00021A  D7FE               	bra	u4427
  1557  00021C  2F8D               	decfsz	??_main& (0+255),f,b
  1558  00021E  D7FC               	bra	u4427
  1559  000220  2F8E               	decfsz	(??_main+1)& (0+255),f,b
  1560  000222  D7FA               	bra	u4427
  1561  000224  F000               	nop	
  1562  000226                     
  1563                           ;menu.c: 199:                     if(PORTCbits.RC0){;menu.c: 199:                       
      +                                {
  1564  000226  A082               	btfss	130,0,c	;volatile
  1565  000228  EF18  F001         	goto	u3961
  1566  00022C  EF1A  F001         	goto	u3960
  1567  000230                     u3961:
  1568  000230  EF29  F001         	goto	l3632
  1569  000234                     u3960:
  1570  000234                     
  1571                           ;menu.c: 200:                         if(led_state == 0b11111111){;menu.c: 200:         
      +                                                  menu_position = 6;
  1572  000234  0101               	movlb	1	; () banked
  1573  000236  29A5               	incf	main@led_state& (0+255),w,b
  1574  000238  A4D8               	btfss	status,2,c
  1575  00023A  EF21  F001         	goto	u3971
  1576  00023E  EF23  F001         	goto	u3970
  1577  000242                     u3971:
  1578  000242  EF25  F001         	goto	l3628
  1579  000246                     u3970:
  1580  000246                     
  1581                           ; BSR set to: 1
  1582                           ;menu.c: 201:                             led_state = 0;;menu.c: 201:                   
      +                                        game_state = GAME_OFF;
  1583  000246  0E00               	movlw	0
  1584  000248  6FA5               	movwf	main@led_state& (0+255),b
  1585  00024A                     l3628:
  1586                           
  1587                           ; BSR set to: 1
  1588                           ;menu.c: 203:                     led_state++;;menu.c: 203:                         }
  1589  00024A  2BA5               	incf	main@led_state& (0+255),f,b
  1590  00024C                     
  1591                           ; BSR set to: 1
  1592                           ;menu.c: 204:                     driveLED(led_state);;menu.c: 204: 
  1593  00024C  51A5               	movf	main@led_state& (0+255),w,b
  1594  00024E  EC80  F00C         	call	_driveLED
  1595  000252                     l3632:
  1596                           
  1597                           ;menu.c: 207:                 if(PORTAbits.RA2);menu.c: 207:                     case NE
      +                          XT_LEVEL:
  1598  000252  A480               	btfss	128,2,c	;volatile
  1599  000254  EF2E  F001         	goto	u3981
  1600  000258  EF30  F001         	goto	u3980
  1601  00025C                     u3981:
  1602  00025C  EFFF  F000         	goto	l3618
  1603  000260                     u3980:
  1604  000260                     
  1605                           ;menu.c: 208:                 {;menu.c: 208:                         sprintf(textLEVEL, 
      +                          "Next level: BTN1          ");;menu.c: 209:                     _delay((unsigned long)((
      +                          80)*(32e6/4000.0)));;menu.c: 209:                         LCD_ShowString(1, textLEVEL);
  1606  000260  0E04               	movlw	4
  1607  000262  0100               	movlb	0	; () banked
  1608  000264  6F8E               	movwf	(??_main+1)& (0+255),b
  1609  000266  0E40               	movlw	64
  1610  000268  6F8D               	movwf	??_main& (0+255),b
  1611  00026A  0E26               	movlw	38
  1612  00026C                     u4437:
  1613  00026C  2EE8               	decfsz	wreg,f,c
  1614  00026E  D7FE               	bra	u4437
  1615  000270  2F8D               	decfsz	??_main& (0+255),f,b
  1616  000272  D7FC               	bra	u4437
  1617  000274  2F8E               	decfsz	(??_main+1)& (0+255),f,b
  1618  000276  D7FA               	bra	u4437
  1619  000278  F000               	nop	
  1620  00027A                     
  1621                           ;menu.c: 210:                     if(PORTAbits.RA2);menu.c: 210:                        
      +                           if(PORTCbits.RC0)
  1622  00027A  A480               	btfss	128,2,c	;volatile
  1623  00027C  EF42  F001         	goto	u3991
  1624  000280  EF44  F001         	goto	u3990
  1625  000284                     u3991:
  1626  000284  EFFF  F000         	goto	l3618
  1627  000288                     u3990:
  1628  000288  EFDD  F000         	goto	l3596
  1629  00028C                     l191:
  1630                           
  1631                           ;menu.c: 219:             break;;menu.c: 219:                         else if(PORTAbits.
      +                          RA2)
  1632  00028C  EFE4  F005         	goto	l3916
  1633  000290                     l3640:
  1634                           
  1635                           ; BSR set to: 0
  1636                           ;menu.c: 223:             LCD_Clear();;menu.c: 223:                             {
  1637  000290  EC80  F00E         	call	_LCD_Clear	;wreg free
  1638  000294                     
  1639                           ;menu.c: 224:             sprintf(textUART,"zprava naopak          ");;menu.c: 224:     
      +                                                      menu_position = 6;
  1640  000294  0EE5               	movlw	low main@textUART
  1641  000296  0100               	movlb	0	; () banked
  1642  000298  6F78               	movwf	sprintf@s& (0+255),b
  1643  00029A  0E00               	movlw	high main@textUART
  1644  00029C  6F79               	movwf	(sprintf@s+1)& (0+255),b
  1645  00029E  0E98               	movlw	low STR_2
  1646  0002A0  6F7A               	movwf	sprintf@fmt& (0+255),b
  1647  0002A2  0EFF               	movlw	high STR_2
  1648  0002A4  6F7B               	movwf	(sprintf@fmt+1)& (0+255),b
  1649  0002A6  ECC2  F00D         	call	_sprintf	;wreg free
  1650  0002AA                     
  1651                           ;menu.c: 225:             LCD_ShowString(1,textUART);;menu.c: 225:                      
      +                                     game_state = GAME_OFF;
  1652  0002AA  0EE5               	movlw	low main@textUART
  1653  0002AC  6E0A               	movwf	LCD_ShowString@textData^0,c
  1654  0002AE  0E00               	movlw	high main@textUART
  1655  0002B0  6E0B               	movwf	(LCD_ShowString@textData+1)^0,c
  1656  0002B2  0E01               	movlw	1
  1657  0002B4  EC37  F00C         	call	_LCD_ShowString
  1658  0002B8                     l3646:
  1659                           
  1660                           ;menu.c: 228:                 if(message1.full);menu.c: 228: 
  1661  0002B8  0102               	movlb	2	; () banked
  1662  0002BA  5164               	movf	(_message1+100)& (0+255),w,b	;volatile
  1663  0002BC  B4D8               	btfsc	status,2,c
  1664  0002BE  EF63  F001         	goto	u4001
  1665  0002C2  EF65  F001         	goto	u4000
  1666  0002C6                     u4001:
  1667  0002C6  EF68  F001         	goto	l3652
  1668  0002CA                     u4000:
  1669  0002CA                     
  1670                           ; BSR set to: 2
  1671                           ;menu.c: 229:                 {;menu.c: 229:                         break;;menu.c: 230:
      +                                               message1.full = 0;;menu.c: 230:                     }
  1672  0002CA  0E00               	movlw	0
  1673  0002CC  6F64               	movwf	(_message1+100)& (0+255),b	;volatile
  1674  0002CE                     
  1675                           ; BSR set to: 2
  1676                           ;menu.c: 231:                     TX1IE = 1;;menu.c: 231:                 break;
  1677  0002CE  889D               	bsf	3997,4,c	;volatile
  1678  0002D0                     l3652:
  1679                           
  1680                           ; BSR set to: 2
  1681                           ;menu.c: 233:                 if(PORTAbits.RA2);menu.c: 233:             break;
  1682  0002D0  A480               	btfss	128,2,c	;volatile
  1683  0002D2  EF6D  F001         	goto	u4011
  1684  0002D6  EF6F  F001         	goto	u4010
  1685  0002DA                     u4011:
  1686  0002DA  EF5C  F001         	goto	l3646
  1687  0002DE                     u4010:
  1688  0002DE                     
  1689                           ; BSR set to: 2
  1690                           ;menu.c: 234:                 {;menu.c: 234: ;menu.c: 235:                     _delay((u
      +                          nsigned long)((80)*(32e6/4000.0)));;menu.c: 235:         case 6:
  1691  0002DE  0E04               	movlw	4
  1692  0002E0  0100               	movlb	0	; () banked
  1693  0002E2  6F8E               	movwf	(??_main+1)& (0+255),b
  1694  0002E4  0E40               	movlw	64
  1695  0002E6  6F8D               	movwf	??_main& (0+255),b
  1696  0002E8  0E26               	movlw	38
  1697  0002EA                     u4447:
  1698  0002EA  2EE8               	decfsz	wreg,f,c
  1699  0002EC  D7FE               	bra	u4447
  1700  0002EE  2F8D               	decfsz	??_main& (0+255),f,b
  1701  0002F0  D7FC               	bra	u4447
  1702  0002F2  2F8E               	decfsz	(??_main+1)& (0+255),f,b
  1703  0002F4  D7FA               	bra	u4447
  1704  0002F6  F000               	nop	
  1705  0002F8                     
  1706                           ;menu.c: 236:                     if(PORTAbits.RA2)
  1707  0002F8  A480               	btfss	128,2,c	;volatile
  1708  0002FA  EF81  F001         	goto	u4021
  1709  0002FE  EF83  F001         	goto	u4020
  1710  000302                     u4021:
  1711  000302  EF5C  F001         	goto	l3646
  1712  000306                     u4020:
  1713  000306  EFDD  F000         	goto	l3596
  1714  00030A                     l3660:
  1715                           
  1716                           ; BSR set to: 0
  1717                           ;menu.c: 248:             LCD_Clear();
  1718  00030A  EC80  F00E         	call	_LCD_Clear	;wreg free
  1719  00030E                     
  1720                           ;menu.c: 249:             sprintf(textPWM,"PWM pomoci POT          ");
  1721  00030E  0E00               	movlw	low main@textPWM
  1722  000310  0100               	movlb	0	; () banked
  1723  000312  6F78               	movwf	sprintf@s& (0+255),b
  1724  000314  0E01               	movlw	high main@textPWM
  1725  000316  6F79               	movwf	(sprintf@s+1)& (0+255),b
  1726  000318  0E4F               	movlw	low STR_3
  1727  00031A  6F7A               	movwf	sprintf@fmt& (0+255),b
  1728  00031C  0EFF               	movlw	high STR_3
  1729  00031E  6F7B               	movwf	(sprintf@fmt+1)& (0+255),b
  1730  000320  ECC2  F00D         	call	_sprintf	;wreg free
  1731  000324                     
  1732                           ;menu.c: 250:             LCD_ShowString(1,textPWM);
  1733  000324  0E00               	movlw	low main@textPWM
  1734  000326  6E0A               	movwf	LCD_ShowString@textData^0,c
  1735  000328  0E01               	movlw	high main@textPWM
  1736  00032A  6E0B               	movwf	(LCD_ShowString@textData+1)^0,c
  1737  00032C  0E01               	movlw	1
  1738  00032E  EC37  F00C         	call	_LCD_ShowString
  1739  000332  EC49  F00E         	call	_PWM_init	;wreg free
  1740  000336  9EC0               	bcf	192,7,c	;volatile
  1741  000338  50C2               	movf	194,w,c	;volatile
  1742  00033A  0B83               	andlw	-125
  1743  00033C  0914               	iorlw	20
  1744  00033E  6EC2               	movwf	194,c	;volatile
  1745  000340                     l3672:
  1746  000340  82C2               	bsf	4034,1,c	;volatile
  1747  000342                     l203:
  1748  000342  B2C2               	btfsc	4034,1,c	;volatile
  1749  000344  EFA6  F001         	goto	u4031
  1750  000348  EFA8  F001         	goto	u4030
  1751  00034C                     u4031:
  1752  00034C  EFA1  F001         	goto	l203
  1753  000350                     u4030:
  1754  000350  0E82               	movlw	130
  1755  000352  64C4               	cpfsgt	196,c	;volatile
  1756  000354  EFAE  F001         	goto	u4041
  1757  000358  EFB0  F001         	goto	u4040
  1758  00035C                     u4041:
  1759  00035C  EFB6  F001         	goto	l3680
  1760  000360                     u4040:
  1761  000360  828B               	bsf	3979,1,c	;volatile
  1762  000362                     l3678:
  1763  000362  50C4               	movf	196,w,c	;volatile
  1764  000364  0AFF               	xorlw	255
  1765  000366  6EBE               	movwf	190,c	;volatile
  1766  000368  EFD3  F001         	goto	l3692
  1767  00036C                     l3680:
  1768  00036C  0E7D               	movlw	125
  1769  00036E  60C4               	cpfslt	196,c	;volatile
  1770  000370  EFBC  F001         	goto	u4051
  1771  000374  EFBE  F001         	goto	u4050
  1772  000378                     u4051:
  1773  000378  EFC1  F001         	goto	l3686
  1774  00037C                     u4050:
  1775  00037C  928B               	bcf	3979,1,c	;volatile
  1776  00037E  EFB1  F001         	goto	l3678
  1777  000382                     l3686:
  1778  000382  0E7D               	movlw	125
  1779  000384  64C4               	cpfsgt	196,c	;volatile
  1780  000386  EFC7  F001         	goto	u4061
  1781  00038A  EFC9  F001         	goto	u4060
  1782  00038E                     u4061:
  1783  00038E  EFD3  F001         	goto	l3692
  1784  000392                     u4060:
  1785  000392  0E82               	movlw	130
  1786  000394  60C4               	cpfslt	196,c	;volatile
  1787  000396  EFCF  F001         	goto	u4071
  1788  00039A  EFD1  F001         	goto	u4070
  1789  00039E                     u4071:
  1790  00039E  EFD3  F001         	goto	l3692
  1791  0003A2                     u4070:
  1792  0003A2  0E00               	movlw	0
  1793  0003A4  6EBE               	movwf	190,c	;volatile
  1794  0003A6                     l3692:
  1795  0003A6  A480               	btfss	128,2,c	;volatile
  1796  0003A8  EFD8  F001         	goto	u4081
  1797  0003AC  EFDA  F001         	goto	u4080
  1798  0003B0                     u4081:
  1799  0003B0  EFA0  F001         	goto	l3672
  1800  0003B4                     u4080:
  1801  0003B4  0E04               	movlw	4
  1802  0003B6  0100               	movlb	0	; () banked
  1803  0003B8  6F8E               	movwf	(??_main+1)& (0+255),b
  1804  0003BA  0E40               	movlw	64
  1805  0003BC  6F8D               	movwf	??_main& (0+255),b
  1806  0003BE  0E26               	movlw	38
  1807  0003C0                     u4457:
  1808  0003C0  2EE8               	decfsz	wreg,f,c
  1809  0003C2  D7FE               	bra	u4457
  1810  0003C4  2F8D               	decfsz	??_main& (0+255),f,b
  1811  0003C6  D7FC               	bra	u4457
  1812  0003C8  2F8E               	decfsz	(??_main+1)& (0+255),f,b
  1813  0003CA  D7FA               	bra	u4457
  1814  0003CC  F000               	nop	
  1815  0003CE  A480               	btfss	128,2,c	;volatile
  1816  0003D0  EFEC  F001         	goto	u4091
  1817  0003D4  EFEE  F001         	goto	u4090
  1818  0003D8                     u4091:
  1819  0003D8  EFA0  F001         	goto	l3672
  1820  0003DC                     u4090:
  1821  0003DC  EFDD  F000         	goto	l3596
  1822  0003E0                     l3700:
  1823                           
  1824                           ; BSR set to: 0
  1825  0003E0  EC80  F00E         	call	_LCD_Clear	;wreg free
  1826  0003E4  0E11               	movlw	low main@textADC
  1827  0003E6  0100               	movlb	0	; () banked
  1828  0003E8  6F78               	movwf	sprintf@s& (0+255),b
  1829  0003EA  0E01               	movlw	high main@textADC
  1830  0003EC  6F79               	movwf	(sprintf@s+1)& (0+255),b
  1831  0003EE  0EC8               	movlw	low STR_4
  1832  0003F0  6F7A               	movwf	sprintf@fmt& (0+255),b
  1833  0003F2  0EFF               	movlw	high STR_4
  1834  0003F4  6F7B               	movwf	(sprintf@fmt+1)& (0+255),b
  1835  0003F6  ECC2  F00D         	call	_sprintf	;wreg free
  1836  0003FA  0E11               	movlw	low main@textADC
  1837  0003FC  6E0A               	movwf	LCD_ShowString@textData^0,c
  1838  0003FE  0E01               	movlw	high main@textADC
  1839  000400  6E0B               	movwf	(LCD_ShowString@textData+1)^0,c
  1840  000402  0E01               	movlw	1
  1841  000404  EC37  F00C         	call	_LCD_ShowString
  1842  000408                     l3706:
  1843  000408  50C2               	movf	194,w,c	;volatile
  1844  00040A  0B83               	andlw	-125
  1845  00040C  0914               	iorlw	20
  1846  00040E  6EC2               	movwf	194,c	;volatile
  1847  000410  82C2               	bsf	4034,1,c	;volatile
  1848  000412                     l217:
  1849  000412  B2C2               	btfsc	4034,1,c	;volatile
  1850  000414  EF0E  F002         	goto	u4101
  1851  000418  EF10  F002         	goto	u4100
  1852  00041C                     u4101:
  1853  00041C  EF09  F002         	goto	l217
  1854  000420                     u4100:
  1855  000420  50C3               	movf	195,w,c	;volatile
  1856  000422  CFC4 F08D          	movff	4036,??_main	;volatile
  1857  000426  0100               	movlb	0	; () banked
  1858  000428  6B8E               	clrf	(??_main+1)& (0+255),b
  1859  00042A  C08D  F08E         	movff	??_main,??_main+1
  1860  00042E  6B8D               	clrf	??_main& (0+255),b
  1861  000430  118D               	iorwf	??_main& (0+255),w,b
  1862  000432  0101               	movlb	1	; () banked
  1863  000434  6F9F               	movwf	main@potenciometer2& (0+255),b
  1864  000436  0100               	movlb	0	; () banked
  1865  000438  518E               	movf	(??_main+1)& (0+255),w,b
  1866  00043A  0101               	movlb	1	; () banked
  1867  00043C  6FA0               	movwf	(main@potenciometer2+1)& (0+255),b
  1868  00043E                     
  1869                           ; BSR set to: 1
  1870  00043E  50C2               	movf	194,w,c	;volatile
  1871  000440  0B83               	andlw	-125
  1872  000442  0910               	iorlw	16
  1873  000444  6EC2               	movwf	194,c	;volatile
  1874  000446                     
  1875                           ; BSR set to: 1
  1876  000446  9EC0               	bcf	192,7,c	;volatile
  1877  000448                     
  1878                           ; BSR set to: 1
  1879  000448  82C2               	bsf	4034,1,c	;volatile
  1880  00044A                     l220:
  1881  00044A  B2C2               	btfsc	4034,1,c	;volatile
  1882  00044C  EF2A  F002         	goto	u4111
  1883  000450  EF2C  F002         	goto	u4110
  1884  000454                     u4111:
  1885  000454  EF25  F002         	goto	l220
  1886  000458                     u4110:
  1887  000458  CFC4 F19D          	movff	4036,main@potenciometer1	;volatile
  1888  00045C  0101               	movlb	1	; () banked
  1889  00045E  6B9E               	clrf	(main@potenciometer1+1)& (0+255),b
  1890  000460                     
  1891                           ; BSR set to: 1
  1892  000460  0E03               	movlw	3
  1893  000462  0100               	movlb	0	; () banked
  1894  000464  6F8E               	movwf	(??_main+1)& (0+255),b
  1895  000466  0E08               	movlw	8
  1896  000468  6F8D               	movwf	??_main& (0+255),b
  1897  00046A  0E77               	movlw	119
  1898  00046C                     u4467:
  1899  00046C  2EE8               	decfsz	wreg,f,c
  1900  00046E  D7FE               	bra	u4467
  1901  000470  2F8D               	decfsz	??_main& (0+255),f,b
  1902  000472  D7FC               	bra	u4467
  1903  000474  2F8E               	decfsz	(??_main+1)& (0+255),f,b
  1904  000476  D7FA               	bra	u4467
  1905  000478  C19D  F009         	movff	main@potenciometer1,___lmul@multiplier
  1906  00047C  C19E  F00A         	movff	main@potenciometer1+1,___lmul@multiplier+1
  1907  000480  6A0B               	clrf	(___lmul@multiplier+2)^0,c
  1908  000482  6A0C               	clrf	(___lmul@multiplier+3)^0,c
  1909  000484  C19F  F00D         	movff	main@potenciometer2,___lmul@multiplicand
  1910  000488  C1A0  F00E         	movff	main@potenciometer2+1,___lmul@multiplicand+1
  1911  00048C  6A0F               	clrf	(___lmul@multiplicand+2)^0,c
  1912  00048E  6A10               	clrf	(___lmul@multiplicand+3)^0,c
  1913  000490  EC5C  F00D         	call	___lmul	;wreg free
  1914  000494  C009  F199         	movff	?___lmul,main@value_out
  1915  000498  C00A  F19A         	movff	?___lmul+1,main@value_out+1
  1916  00049C  C00B  F19B         	movff	?___lmul+2,main@value_out+2
  1917  0004A0  C00C  F19C         	movff	?___lmul+3,main@value_out+3
  1918  0004A4  0EEF               	movlw	low STR_5
  1919  0004A6  0100               	movlb	0	; () banked
  1920  0004A8  6F78               	movwf	printf@fmt& (0+255),b
  1921  0004AA  0EFF               	movlw	high STR_5
  1922  0004AC  6F79               	movwf	(printf@fmt+1)& (0+255),b
  1923  0004AE  C199  F07A         	movff	main@value_out,?_printf+2
  1924  0004B2  C19A  F07B         	movff	main@value_out+1,?_printf+3
  1925  0004B6  C19B  F07C         	movff	main@value_out+2,?_printf+4
  1926  0004BA  C19C  F07D         	movff	main@value_out+3,?_printf+5
  1927  0004BE  ECB3  F00E         	call	_printf	;wreg free
  1928  0004C2  8EC0               	bsf	192,7,c	;volatile
  1929  0004C4  A480               	btfss	128,2,c	;volatile
  1930  0004C6  EF67  F002         	goto	u4121
  1931  0004CA  EF69  F002         	goto	u4120
  1932  0004CE                     u4121:
  1933  0004CE  EF04  F002         	goto	l3706
  1934  0004D2                     u4120:
  1935  0004D2  0E04               	movlw	4
  1936  0004D4  0100               	movlb	0	; () banked
  1937  0004D6  6F8E               	movwf	(??_main+1)& (0+255),b
  1938  0004D8  0E40               	movlw	64
  1939  0004DA  6F8D               	movwf	??_main& (0+255),b
  1940  0004DC  0E26               	movlw	38
  1941  0004DE                     u4477:
  1942  0004DE  2EE8               	decfsz	wreg,f,c
  1943  0004E0  D7FE               	bra	u4477
  1944  0004E2  2F8D               	decfsz	??_main& (0+255),f,b
  1945  0004E4  D7FC               	bra	u4477
  1946  0004E6  2F8E               	decfsz	(??_main+1)& (0+255),f,b
  1947  0004E8  D7FA               	bra	u4477
  1948  0004EA  F000               	nop	
  1949  0004EC  A480               	btfss	128,2,c	;volatile
  1950  0004EE  EF7B  F002         	goto	u4131
  1951  0004F2  EF7D  F002         	goto	u4130
  1952  0004F6                     u4131:
  1953  0004F6  EF04  F002         	goto	l3706
  1954  0004FA                     u4130:
  1955  0004FA  EFDD  F000         	goto	l3596
  1956  0004FE                     l3734:
  1957                           
  1958                           ; BSR set to: 0
  1959  0004FE  EC80  F00E         	call	_LCD_Clear	;wreg free
  1960  000502  0E22               	movlw	low main@textDAC
  1961  000504  0100               	movlb	0	; () banked
  1962  000506  6F78               	movwf	sprintf@s& (0+255),b
  1963  000508  0E01               	movlw	high main@textDAC
  1964  00050A  6F79               	movwf	(sprintf@s+1)& (0+255),b
  1965  00050C  0EB0               	movlw	low STR_6
  1966  00050E  6F7A               	movwf	sprintf@fmt& (0+255),b
  1967  000510  0EFF               	movlw	high STR_6
  1968  000512  6F7B               	movwf	(sprintf@fmt+1)& (0+255),b
  1969  000514  ECC2  F00D         	call	_sprintf	;wreg free
  1970  000518  0E22               	movlw	low main@textDAC
  1971  00051A  6E0A               	movwf	LCD_ShowString@textData^0,c
  1972  00051C  0E01               	movlw	high main@textDAC
  1973  00051E  6E0B               	movwf	(LCD_ShowString@textData+1)^0,c
  1974  000520  0E01               	movlw	1
  1975  000522  EC37  F00C         	call	_LCD_ShowString
  1976  000526  0E00               	movlw	0
  1977  000528  0102               	movlb	2	; () banked
  1978  00052A  6F74               	movwf	main@j& (0+255),b
  1979  00052C                     l3742:
  1980  00052C  0E04               	movlw	4
  1981  00052E  EC2C  F00E         	call	_adc_read
  1982  000532  C009  F26F         	movff	?_adc_read,main@pot1
  1983  000536  C00A  F270         	movff	?_adc_read+1,main@pot1+1
  1984  00053A  C26F  F08D         	movff	main@pot1,??_main
  1985  00053E  C270  F08E         	movff	main@pot1+1,??_main+1
  1986  000542  0100               	movlb	0	; () banked
  1987  000544  90D8               	bcf	status,0,c
  1988  000546  338E               	rrcf	(??_main+1)& (0+255),f,b
  1989  000548  338D               	rrcf	??_main& (0+255),f,b
  1990  00054A  90D8               	bcf	status,0,c
  1991  00054C  338E               	rrcf	(??_main+1)& (0+255),f,b
  1992  00054E  338D               	rrcf	??_main& (0+255),f,b
  1993  000550  90D8               	bcf	status,0,c
  1994  000552  338E               	rrcf	(??_main+1)& (0+255),f,b
  1995  000554  338D               	rrcf	??_main& (0+255),f,b
  1996  000556  518D               	movf	??_main& (0+255),w,b
  1997  000558  08FF               	sublw	255
  1998  00055A  0102               	movlb	2	; () banked
  1999  00055C  6F6F               	movwf	main@pot1& (0+255),b
  2000  00055E  0100               	movlb	0	; () banked
  2001  000560  518E               	movf	(??_main+1)& (0+255),w,b
  2002  000562  A0D8               	btfss	status,0,c
  2003  000564  2AE8               	incf	wreg,f,c
  2004  000566  0800               	sublw	0
  2005  000568  0102               	movlb	2	; () banked
  2006  00056A  6F70               	movwf	(main@pot1+1)& (0+255),b
  2007  00056C                     
  2008                           ; BSR set to: 2
  2009  00056C  0E05               	movlw	5
  2010  00056E  EC2C  F00E         	call	_adc_read
  2011  000572  C009  F271         	movff	?_adc_read,main@pot2
  2012  000576  C00A  F272         	movff	?_adc_read+1,main@pot2+1
  2013  00057A  C271  F08D         	movff	main@pot2,??_main
  2014  00057E  C272  F08E         	movff	main@pot2+1,??_main+1
  2015  000582  0100               	movlb	0	; () banked
  2016  000584  90D8               	bcf	status,0,c
  2017  000586  338E               	rrcf	(??_main+1)& (0+255),f,b
  2018  000588  338D               	rrcf	??_main& (0+255),f,b
  2019  00058A  90D8               	bcf	status,0,c
  2020  00058C  338E               	rrcf	(??_main+1)& (0+255),f,b
  2021  00058E  338D               	rrcf	??_main& (0+255),f,b
  2022  000590  90D8               	bcf	status,0,c
  2023  000592  338E               	rrcf	(??_main+1)& (0+255),f,b
  2024  000594  338D               	rrcf	??_main& (0+255),f,b
  2025  000596  C08D  F271         	movff	??_main,main@pot2
  2026  00059A  C08E  F272         	movff	??_main+1,main@pot2+1
  2027  00059E                     
  2028                           ; BSR set to: 0
  2029  00059E  0E41               	movlw	low _tabulka
  2030  0005A0  0102               	movlb	2	; () banked
  2031  0005A2  2574               	addwf	main@j& (0+255),w,b
  2032  0005A4  6EF6               	movwf	tblptrl,c
  2033  0005A6  6AF7               	clrf	tblptrh,c
  2034  0005A8  0EFE               	movlw	high _tabulka
  2035  0005AA  22F7               	addwfc	tblptrh,f,c
  2036  0005AC                     	if	0	;There are less than 3 active tblptr bytes
  2037  0005AC                     	endif
  2038  0005AC  0008               	tblrd		*
  2039  0005AE  CFF5 F08D          	movff	tablat,??_main
  2040  0005B2  0100               	movlb	0	; () banked
  2041  0005B4  518D               	movf	??_main& (0+255),w,b
  2042  0005B6  0102               	movlb	2	; () banked
  2043  0005B8  5D6F               	subwf	main@pot1& (0+255),w,b
  2044  0005BA  0E00               	movlw	0
  2045  0005BC  5970               	subwfb	(main@pot1+1)& (0+255),w,b
  2046  0005BE  B0D8               	btfsc	status,0,c
  2047  0005C0  EFE4  F002         	goto	u4141
  2048  0005C4  EFE6  F002         	goto	u4140
  2049  0005C8                     u4141:
  2050  0005C8  EFFE  F002         	goto	l3758
  2051  0005CC                     u4140:
  2052  0005CC                     
  2053                           ; BSR set to: 2
  2054  0005CC  0E41               	movlw	low _tabulka
  2055  0005CE  2574               	addwf	main@j& (0+255),w,b
  2056  0005D0  6EF6               	movwf	tblptrl,c
  2057  0005D2  6AF7               	clrf	tblptrh,c
  2058  0005D4  0EFE               	movlw	high _tabulka
  2059  0005D6  22F7               	addwfc	tblptrh,f,c
  2060  0005D8                     	if	0	;There are less than 3 active tblptr bytes
  2061  0005D8                     	endif
  2062  0005D8  0E7F               	movlw	127
  2063  0005DA  0008               	tblrd		*
  2064  0005DC  64F5               	cpfsgt	tablat,c
  2065  0005DE  EFF3  F002         	goto	u4151
  2066  0005E2  EFF5  F002         	goto	u4150
  2067  0005E6                     u4151:
  2068  0005E6  EFFE  F002         	goto	l3758
  2069  0005EA                     u4150:
  2070  0005EA                     
  2071                           ; BSR set to: 2
  2072  0005EA  C26F  F009         	movff	main@pot1,SPIWrite@data
  2073  0005EE  0EB0               	movlw	176
  2074  0005F0  EC0D  F00E         	call	_SPIWrite
  2075  0005F4                     l3756:
  2076  0005F4  0102               	movlb	2	; () banked
  2077  0005F6  2B74               	incf	main@j& (0+255),f,b
  2078  0005F8  EF3E  F003         	goto	l3770
  2079  0005FC                     l3758:
  2080                           
  2081                           ; BSR set to: 2
  2082  0005FC  0E41               	movlw	low _tabulka
  2083  0005FE  2574               	addwf	main@j& (0+255),w,b
  2084  000600  6EF6               	movwf	tblptrl,c
  2085  000602  6AF7               	clrf	tblptrh,c
  2086  000604  0EFE               	movlw	high _tabulka
  2087  000606  22F7               	addwfc	tblptrh,f,c
  2088  000608                     	if	0	;There are less than 3 active tblptr bytes
  2089  000608                     	endif
  2090  000608  0008               	tblrd		*
  2091  00060A  50F5               	movf	tablat,w,c
  2092  00060C  0100               	movlb	0	; () banked
  2093  00060E  6F8D               	movwf	??_main& (0+255),b
  2094  000610  6B8E               	clrf	(??_main+1)& (0+255),b
  2095  000612  0102               	movlb	2	; () banked
  2096  000614  5171               	movf	main@pot2& (0+255),w,b
  2097  000616  0100               	movlb	0	; () banked
  2098  000618  5D8D               	subwf	??_main& (0+255),w,b
  2099  00061A  0102               	movlb	2	; () banked
  2100  00061C  5172               	movf	(main@pot2+1)& (0+255),w,b
  2101  00061E  0100               	movlb	0	; () banked
  2102  000620  598E               	subwfb	(??_main+1)& (0+255),w,b
  2103  000622  B0D8               	btfsc	status,0,c
  2104  000624  EF16  F003         	goto	u4161
  2105  000628  EF18  F003         	goto	u4160
  2106  00062C                     u4161:
  2107  00062C  EF2F  F003         	goto	l3766
  2108  000630                     u4160:
  2109  000630                     
  2110                           ; BSR set to: 0
  2111  000630  0E41               	movlw	low _tabulka
  2112  000632  0102               	movlb	2	; () banked
  2113  000634  2574               	addwf	main@j& (0+255),w,b
  2114  000636  6EF6               	movwf	tblptrl,c
  2115  000638  6AF7               	clrf	tblptrh,c
  2116  00063A  0EFE               	movlw	high _tabulka
  2117  00063C  22F7               	addwfc	tblptrh,f,c
  2118  00063E                     	if	0	;There are less than 3 active tblptr bytes
  2119  00063E                     	endif
  2120  00063E  0E80               	movlw	128
  2121  000640  0008               	tblrd		*
  2122  000642  60F5               	cpfslt	tablat,c
  2123  000644  EF26  F003         	goto	u4171
  2124  000648  EF28  F003         	goto	u4170
  2125  00064C                     u4171:
  2126  00064C  EF2F  F003         	goto	l3766
  2127  000650                     u4170:
  2128  000650                     
  2129                           ; BSR set to: 2
  2130  000650  C271  F009         	movff	main@pot2,SPIWrite@data
  2131  000654  0EB0               	movlw	176
  2132  000656  EC0D  F00E         	call	_SPIWrite
  2133  00065A  EFFA  F002         	goto	l3756
  2134  00065E                     l3766:
  2135  00065E  0E41               	movlw	low _tabulka
  2136  000660  0102               	movlb	2	; () banked
  2137  000662  2574               	addwf	main@j& (0+255),w,b
  2138  000664  6EF6               	movwf	tblptrl,c
  2139  000666  6AF7               	clrf	tblptrh,c
  2140  000668  0EFE               	movlw	high _tabulka
  2141  00066A  22F7               	addwfc	tblptrh,f,c
  2142  00066C                     	if	0	;There are less than 3 active tblptr bytes
  2143  00066C                     	endif
  2144  00066C  0008               	tblrd		*
  2145  00066E  CFF5 F009          	movff	tablat,SPIWrite@data
  2146  000672  0EB0               	movlw	176
  2147  000674  EC0D  F00E         	call	_SPIWrite
  2148  000678  EFFA  F002         	goto	l3756
  2149  00067C                     l3770:
  2150                           
  2151                           ; BSR set to: 2
  2152  00067C  0E80               	movlw	128
  2153  00067E  1974               	xorwf	main@j& (0+255),w,b
  2154  000680  A4D8               	btfss	status,2,c
  2155  000682  EF45  F003         	goto	u4181
  2156  000686  EF47  F003         	goto	u4180
  2157  00068A                     u4181:
  2158  00068A  EF49  F003         	goto	l3774
  2159  00068E                     u4180:
  2160  00068E                     
  2161                           ; BSR set to: 2
  2162  00068E  0E00               	movlw	0
  2163  000690  6F74               	movwf	main@j& (0+255),b
  2164  000692                     l3774:
  2165                           
  2166                           ; BSR set to: 2
  2167  000692  0E0D               	movlw	13
  2168  000694  EC2C  F00E         	call	_adc_read
  2169  000698  C009  F1A1         	movff	?_adc_read,main@sin_final
  2170  00069C  C00A  F1A2         	movff	?_adc_read+1,main@sin_final+1
  2171  0006A0  0EF8               	movlw	low STR_7
  2172  0006A2  0100               	movlb	0	; () banked
  2173  0006A4  6F78               	movwf	printf@fmt& (0+255),b
  2174  0006A6  0EFF               	movlw	high STR_7
  2175  0006A8  6F79               	movwf	(printf@fmt+1)& (0+255),b
  2176  0006AA  C1A1  F07A         	movff	main@sin_final,?_printf+2
  2177  0006AE  C1A2  F07B         	movff	main@sin_final+1,?_printf+3
  2178  0006B2  ECB3  F00E         	call	_printf	;wreg free
  2179  0006B6  0E0B               	movlw	11
  2180  0006B8  0100               	movlb	0	; () banked
  2181  0006BA  6F8D               	movwf	??_main& (0+255),b
  2182  0006BC  0E62               	movlw	98
  2183  0006BE                     u4487:
  2184  0006BE  2EE8               	decfsz	wreg,f,c
  2185  0006C0  D7FE               	bra	u4487
  2186  0006C2  2F8D               	decfsz	??_main& (0+255),f,b
  2187  0006C4  D7FC               	bra	u4487
  2188  0006C6  F000               	nop	
  2189  0006C8  A480               	btfss	128,2,c	;volatile
  2190  0006CA  EF69  F003         	goto	u4191
  2191  0006CE  EF6B  F003         	goto	u4190
  2192  0006D2                     u4191:
  2193  0006D2  EF96  F002         	goto	l3742
  2194  0006D6                     u4190:
  2195  0006D6  0E04               	movlw	4
  2196  0006D8  0100               	movlb	0	; () banked
  2197  0006DA  6F8E               	movwf	(??_main+1)& (0+255),b
  2198  0006DC  0E40               	movlw	64
  2199  0006DE  6F8D               	movwf	??_main& (0+255),b
  2200  0006E0  0E26               	movlw	38
  2201  0006E2                     u4497:
  2202  0006E2  2EE8               	decfsz	wreg,f,c
  2203  0006E4  D7FE               	bra	u4497
  2204  0006E6  2F8D               	decfsz	??_main& (0+255),f,b
  2205  0006E8  D7FC               	bra	u4497
  2206  0006EA  2F8E               	decfsz	(??_main+1)& (0+255),f,b
  2207  0006EC  D7FA               	bra	u4497
  2208  0006EE  F000               	nop	
  2209  0006F0  A480               	btfss	128,2,c	;volatile
  2210  0006F2  EF7D  F003         	goto	u4201
  2211  0006F6  EF7F  F003         	goto	u4200
  2212  0006FA                     u4201:
  2213  0006FA  EF96  F002         	goto	l3742
  2214  0006FE                     u4200:
  2215  0006FE  EFDD  F000         	goto	l3596
  2216  000702                     l3788:
  2217                           
  2218                           ; BSR set to: 0
  2219  000702  50C2               	movf	194,w,c	;volatile
  2220  000704  0B83               	andlw	-125
  2221  000706  0914               	iorlw	20
  2222  000708  6EC2               	movwf	194,c	;volatile
  2223  00070A  EF18  F005         	goto	l3880
  2224  00070E                     l3790:
  2225                           
  2226                           ; BSR set to: 0
  2227  00070E  0E55               	movlw	low main@textSTART
  2228  000710  6F78               	movwf	sprintf@s& (0+255),b
  2229  000712  0E01               	movlw	high main@textSTART
  2230  000714  6F79               	movwf	(sprintf@s+1)& (0+255),b
  2231  000716  0EC1               	movlw	low STR_8
  2232  000718  6F7A               	movwf	sprintf@fmt& (0+255),b
  2233  00071A  0EFE               	movlw	high STR_8
  2234  00071C  6F7B               	movwf	(sprintf@fmt+1)& (0+255),b
  2235  00071E  ECC2  F00D         	call	_sprintf	;wreg free
  2236  000722  0E55               	movlw	low main@textSTART
  2237  000724  6E0A               	movwf	LCD_ShowString@textData^0,c
  2238  000726  0E01               	movlw	high main@textSTART
  2239  000728  6E0B               	movwf	(LCD_ShowString@textData+1)^0,c
  2240  00072A  0E01               	movlw	1
  2241  00072C  EC37  F00C         	call	_LCD_ShowString
  2242  000730  A082               	btfss	130,0,c	;volatile
  2243  000732  EF9D  F003         	goto	u4211
  2244  000736  EF9F  F003         	goto	u4210
  2245  00073A                     u4211:
  2246  00073A  EFB4  F003         	goto	l242
  2247  00073E                     u4210:
  2248  00073E  ECF0  F00C         	call	_rand	;wreg free
  2249  000742  0E19               	movlw	25
  2250  000744  2415               	addwf	?_rand^0,w,c
  2251  000746  6E1B               	movwf	___awmod@dividend^0,c
  2252  000748  0E00               	movlw	0
  2253  00074A  2016               	addwfc	(?_rand+1)^0,w,c
  2254  00074C  6E1C               	movwf	(___awmod@dividend+1)^0,c
  2255  00074E  0E03               	movlw	3
  2256  000750  6E1E               	movwf	(___awmod@divisor+1)^0,c
  2257  000752  681D               	setf	___awmod@divisor^0,c
  2258  000754  ECDF  F00B         	call	___awmod	;wreg free
  2259  000758  C01B  F26D         	movff	?___awmod,main@rand_num
  2260  00075C  C01C  F26E         	movff	?___awmod+1,main@rand_num+1
  2261  000760                     l3798:
  2262  000760  0E02               	movlw	2
  2263  000762  6E54               	movwf	_game_state^0,c	;volatile
  2264  000764  EFE4  F005         	goto	l3916
  2265  000768                     l242:
  2266  000768  A480               	btfss	128,2,c	;volatile
  2267  00076A  EFB9  F003         	goto	u4221
  2268  00076E  EFBB  F003         	goto	u4220
  2269  000772                     u4221:
  2270  000772  EFE4  F005         	goto	l3916
  2271  000776                     u4220:
  2272  000776  0E04               	movlw	4
  2273  000778  0100               	movlb	0	; () banked
  2274  00077A  6F8E               	movwf	(??_main+1)& (0+255),b
  2275  00077C  0E40               	movlw	64
  2276  00077E  6F8D               	movwf	??_main& (0+255),b
  2277  000780  0E26               	movlw	38
  2278  000782                     u4507:
  2279  000782  2EE8               	decfsz	wreg,f,c
  2280  000784  D7FE               	bra	u4507
  2281  000786  2F8D               	decfsz	??_main& (0+255),f,b
  2282  000788  D7FC               	bra	u4507
  2283  00078A  2F8E               	decfsz	(??_main+1)& (0+255),f,b
  2284  00078C  D7FA               	bra	u4507
  2285  00078E  F000               	nop	
  2286  000790  A480               	btfss	128,2,c	;volatile
  2287  000792  EFCD  F003         	goto	u4231
  2288  000796  EFCF  F003         	goto	u4230
  2289  00079A                     u4231:
  2290  00079A  EF46  F001         	goto	l191
  2291  00079E                     u4230:
  2292  00079E                     l3804:
  2293  00079E  0E06               	movlw	6
  2294  0007A0  0101               	movlb	1	; () banked
  2295  0007A2  6FA6               	movwf	main@menu_position& (0+255),b
  2296  0007A4  0E04               	movlw	4
  2297  0007A6  6E54               	movwf	_game_state^0,c	;volatile
  2298  0007A8  EFE4  F005         	goto	l3916
  2299  0007AC                     l3806:
  2300                           
  2301                           ; BSR set to: 0
  2302  0007AC  0EF4               	movlw	244
  2303  0007AE  6E56               	movwf	(_delay+1)^0,c	;volatile
  2304  0007B0  0E24               	movlw	36
  2305  0007B2  6E55               	movwf	_delay^0,c	;volatile
  2306  0007B4                     
  2307                           ; BSR set to: 0
  2308  0007B4  0E77               	movlw	low main@textSTOP1
  2309  0007B6  6F78               	movwf	sprintf@s& (0+255),b
  2310  0007B8  0E01               	movlw	high main@textSTOP1
  2311  0007BA  6F79               	movwf	(sprintf@s+1)& (0+255),b
  2312  0007BC  0EFF               	movlw	low STR_9
  2313  0007BE  6F7A               	movwf	sprintf@fmt& (0+255),b
  2314  0007C0  0EFE               	movlw	high STR_9
  2315  0007C2  6F7B               	movwf	(sprintf@fmt+1)& (0+255),b
  2316  0007C4  ECC2  F00D         	call	_sprintf	;wreg free
  2317  0007C8  0E77               	movlw	low main@textSTOP1
  2318  0007CA  6E0A               	movwf	LCD_ShowString@textData^0,c
  2319  0007CC  0E01               	movlw	high main@textSTOP1
  2320  0007CE  6E0B               	movwf	(LCD_ShowString@textData+1)^0,c
  2321  0007D0  0E01               	movlw	1
  2322  0007D2  EC37  F00C         	call	_LCD_ShowString
  2323  0007D6  0E88               	movlw	low main@textSTOP2
  2324  0007D8  0100               	movlb	0	; () banked
  2325  0007DA  6F78               	movwf	sprintf@s& (0+255),b
  2326  0007DC  0E01               	movlw	high main@textSTOP2
  2327  0007DE  6F79               	movwf	(sprintf@s+1)& (0+255),b
  2328  0007E0  0E68               	movlw	low STR_10
  2329  0007E2  6F7A               	movwf	sprintf@fmt& (0+255),b
  2330  0007E4  0EFF               	movlw	high STR_10
  2331  0007E6  6F7B               	movwf	(sprintf@fmt+1)& (0+255),b
  2332  0007E8  C1A3  F07C         	movff	main@level,?_sprintf+4
  2333  0007EC  C1A4  F07D         	movff	main@level+1,?_sprintf+5
  2334  0007F0  ECC2  F00D         	call	_sprintf	;wreg free
  2335  0007F4  0E88               	movlw	low main@textSTOP2
  2336  0007F6  6E0A               	movwf	LCD_ShowString@textData^0,c
  2337  0007F8  0E01               	movlw	high main@textSTOP2
  2338  0007FA  6E0B               	movwf	(LCD_ShowString@textData+1)^0,c
  2339  0007FC  0E02               	movlw	2
  2340  0007FE  EC37  F00C         	call	_LCD_ShowString
  2341  000802  0E52               	movlw	82
  2342  000804  0100               	movlb	0	; () banked
  2343  000806  6F8E               	movwf	(??_main+1)& (0+255),b
  2344  000808  0E2B               	movlw	43
  2345  00080A  6F8D               	movwf	??_main& (0+255),b
  2346  00080C  0E00               	movlw	0
  2347  00080E                     u4517:
  2348  00080E  2EE8               	decfsz	wreg,f,c
  2349  000810  D7FE               	bra	u4517
  2350  000812  2F8D               	decfsz	??_main& (0+255),f,b
  2351  000814  D7FC               	bra	u4517
  2352  000816  2F8E               	decfsz	(??_main+1)& (0+255),f,b
  2353  000818  D7FA               	bra	u4517
  2354  00081A  F000               	nop	
  2355  00081C  0E00               	movlw	0
  2356  00081E  0101               	movlb	1	; () banked
  2357  000820  6FA4               	movwf	(main@level+1)& (0+255),b
  2358  000822  0E01               	movlw	1
  2359  000824  6FA3               	movwf	main@level& (0+255),b
  2360  000826                     
  2361                           ; BSR set to: 1
  2362  000826  0E06               	movlw	6
  2363  000828  6FA6               	movwf	main@menu_position& (0+255),b
  2364  00082A                     
  2365                           ; BSR set to: 1
  2366  00082A  0E04               	movlw	4
  2367  00082C  6E54               	movwf	_game_state^0,c	;volatile
  2368  00082E  EFE4  F005         	goto	l3916
  2369  000832                     l248:
  2370                           
  2371                           ; BSR set to: 0
  2372  000832  82C2               	bsf	4034,1,c	;volatile
  2373  000834                     l249:
  2374  000834  B2C2               	btfsc	4034,1,c	;volatile
  2375  000836  EF1F  F004         	goto	u4241
  2376  00083A  EF21  F004         	goto	u4240
  2377  00083E                     u4241:
  2378  00083E  EF1A  F004         	goto	l249
  2379  000842                     u4240:
  2380  000842  50C4               	movf	196,w,c	;volatile
  2381  000844  0100               	movlb	0	; () banked
  2382  000846  6F8D               	movwf	??_main& (0+255),b
  2383  000848  50C3               	movf	195,w,c	;volatile
  2384  00084A  0102               	movlb	2	; () banked
  2385  00084C  6F6B               	movwf	main@potHRA& (0+255),b
  2386  00084E  C08D  F26C         	movff	??_main,main@potHRA+1
  2387  000852                     
  2388                           ; BSR set to: 2
  2389  000852  0E44               	movlw	low main@text2
  2390  000854  0100               	movlb	0	; () banked
  2391  000856  6F78               	movwf	sprintf@s& (0+255),b
  2392  000858  0E01               	movlw	high main@text2
  2393  00085A  6F79               	movwf	(sprintf@s+1)& (0+255),b
  2394  00085C  0E36               	movlw	low STR_11
  2395  00085E  6F7A               	movwf	sprintf@fmt& (0+255),b
  2396  000860  0EFF               	movlw	high STR_11
  2397  000862  6F7B               	movwf	(sprintf@fmt+1)& (0+255),b
  2398  000864  C26D  F07C         	movff	main@rand_num,?_sprintf+4
  2399  000868  C26E  F07D         	movff	main@rand_num+1,?_sprintf+5
  2400  00086C  ECC2  F00D         	call	_sprintf	;wreg free
  2401  000870  0E44               	movlw	low main@text2
  2402  000872  6E0A               	movwf	LCD_ShowString@textData^0,c
  2403  000874  0E01               	movlw	high main@text2
  2404  000876  6E0B               	movwf	(LCD_ShowString@textData+1)^0,c
  2405  000878  0E01               	movlw	1
  2406  00087A  EC37  F00C         	call	_LCD_ShowString
  2407  00087E  0E33               	movlw	low main@text1
  2408  000880  0100               	movlb	0	; () banked
  2409  000882  6F78               	movwf	sprintf@s& (0+255),b
  2410  000884  0E01               	movlw	high main@text1
  2411  000886  6F79               	movwf	(sprintf@s+1)& (0+255),b
  2412  000888  0EE2               	movlw	low STR_12
  2413  00088A  6F7A               	movwf	sprintf@fmt& (0+255),b
  2414  00088C  0EFE               	movlw	high STR_12
  2415  00088E  6F7B               	movwf	(sprintf@fmt+1)& (0+255),b
  2416  000890  C26B  F07C         	movff	main@potHRA,?_sprintf+4
  2417  000894  C26C  F07D         	movff	main@potHRA+1,?_sprintf+5
  2418  000898  ECC2  F00D         	call	_sprintf	;wreg free
  2419  00089C  0E33               	movlw	low main@text1
  2420  00089E  6E0A               	movwf	LCD_ShowString@textData^0,c
  2421  0008A0  0E01               	movlw	high main@text1
  2422  0008A2  6E0B               	movwf	(LCD_ShowString@textData+1)^0,c
  2423  0008A4  0E02               	movlw	2
  2424  0008A6  EC37  F00C         	call	_LCD_ShowString
  2425  0008AA  0102               	movlb	2	; () banked
  2426  0008AC  516D               	movf	main@rand_num& (0+255),w,b
  2427  0008AE  196B               	xorwf	main@potHRA& (0+255),w,b
  2428  0008B0  E107               	bnz	u4251
  2429  0008B2  516E               	movf	(main@rand_num+1)& (0+255),w,b
  2430  0008B4  196C               	xorwf	(main@potHRA+1)& (0+255),w,b
  2431  0008B6  A4D8               	btfss	status,2,c
  2432  0008B8  EF60  F004         	goto	u4251
  2433  0008BC  EF62  F004         	goto	u4250
  2434  0008C0                     u4251:
  2435  0008C0  EFA6  F004         	goto	l252
  2436  0008C4                     u4250:
  2437  0008C4                     
  2438                           ; BSR set to: 2
  2439  0008C4  0E01               	movlw	1
  2440  0008C6  6F67               	movwf	main@k& (0+255),b
  2441  0008C8  0E00               	movlw	0
  2442  0008CA  6F68               	movwf	(main@k+1)& (0+255),b
  2443  0008CC  0E00               	movlw	0
  2444  0008CE  6F69               	movwf	(main@k+2)& (0+255),b
  2445  0008D0  0E00               	movlw	0
  2446  0008D2  6F6A               	movwf	(main@k+3)& (0+255),b
  2447  0008D4                     
  2448                           ; BSR set to: 2
  2449  0008D4  BF6A               	btfsc	(main@k+3)& (0+255),7,b
  2450  0008D6  EF7A  F004         	goto	u4261
  2451  0008DA  516A               	movf	(main@k+3)& (0+255),w,b
  2452  0008DC  E10D               	bnz	u4260
  2453  0008DE  0E40               	movlw	64
  2454  0008E0  5D67               	subwf	main@k& (0+255),w,b
  2455  0008E2  0E0D               	movlw	13
  2456  0008E4  5968               	subwfb	(main@k+1)& (0+255),w,b
  2457  0008E6  0E03               	movlw	3
  2458  0008E8  5969               	subwfb	(main@k+2)& (0+255),w,b
  2459  0008EA  A0D8               	btfss	status,0,c
  2460  0008EC  EF7A  F004         	goto	u4261
  2461  0008F0  EF7C  F004         	goto	u4260
  2462  0008F4                     u4261:
  2463  0008F4  EF7E  F004         	goto	l3842
  2464  0008F8                     u4260:
  2465  0008F8  EF96  F004         	goto	l3844
  2466  0008FC                     l3842:
  2467                           
  2468                           ; BSR set to: 2
  2469  0008FC  0E01               	movlw	1
  2470  0008FE  2767               	addwf	main@k& (0+255),f,b
  2471  000900  0E00               	movlw	0
  2472  000902  2368               	addwfc	(main@k+1)& (0+255),f,b
  2473  000904  2369               	addwfc	(main@k+2)& (0+255),f,b
  2474  000906  236A               	addwfc	(main@k+3)& (0+255),f,b
  2475  000908  BF6A               	btfsc	(main@k+3)& (0+255),7,b
  2476  00090A  EF94  F004         	goto	u4271
  2477  00090E  516A               	movf	(main@k+3)& (0+255),w,b
  2478  000910  E10D               	bnz	u4270
  2479  000912  0E40               	movlw	64
  2480  000914  5D67               	subwf	main@k& (0+255),w,b
  2481  000916  0E0D               	movlw	13
  2482  000918  5968               	subwfb	(main@k+1)& (0+255),w,b
  2483  00091A  0E03               	movlw	3
  2484  00091C  5969               	subwfb	(main@k+2)& (0+255),w,b
  2485  00091E  A0D8               	btfss	status,0,c
  2486  000920  EF94  F004         	goto	u4271
  2487  000924  EF96  F004         	goto	u4270
  2488  000928                     u4271:
  2489  000928  EF7E  F004         	goto	l3842
  2490  00092C                     u4270:
  2491  00092C                     l3844:
  2492                           
  2493                           ; BSR set to: 2
  2494  00092C  516D               	movf	main@rand_num& (0+255),w,b
  2495  00092E  196B               	xorwf	main@potHRA& (0+255),w,b
  2496  000930  E107               	bnz	u4281
  2497  000932  516E               	movf	(main@rand_num+1)& (0+255),w,b
  2498  000934  196C               	xorwf	(main@potHRA+1)& (0+255),w,b
  2499  000936  A4D8               	btfss	status,2,c
  2500  000938  EFA0  F004         	goto	u4281
  2501  00093C  EFA2  F004         	goto	u4280
  2502  000940                     u4281:
  2503  000940  EFE4  F005         	goto	l3916
  2504  000944                     u4280:
  2505  000944                     
  2506                           ; BSR set to: 2
  2507  000944  0E03               	movlw	3
  2508  000946  6E54               	movwf	_game_state^0,c	;volatile
  2509  000948  EFE4  F005         	goto	l3916
  2510  00094C                     l252:
  2511                           
  2512                           ; BSR set to: 2
  2513  00094C  A480               	btfss	128,2,c	;volatile
  2514  00094E  EFAB  F004         	goto	u4291
  2515  000952  EFAD  F004         	goto	u4290
  2516  000956                     u4291:
  2517  000956  EF46  F001         	goto	l191
  2518  00095A                     u4290:
  2519  00095A                     
  2520                           ; BSR set to: 2
  2521  00095A  0E04               	movlw	4
  2522  00095C  0100               	movlb	0	; () banked
  2523  00095E  6F8E               	movwf	(??_main+1)& (0+255),b
  2524  000960  0E40               	movlw	64
  2525  000962  6F8D               	movwf	??_main& (0+255),b
  2526  000964  0E26               	movlw	38
  2527  000966                     u4527:
  2528  000966  2EE8               	decfsz	wreg,f,c
  2529  000968  D7FE               	bra	u4527
  2530  00096A  2F8D               	decfsz	??_main& (0+255),f,b
  2531  00096C  D7FC               	bra	u4527
  2532  00096E  2F8E               	decfsz	(??_main+1)& (0+255),f,b
  2533  000970  D7FA               	bra	u4527
  2534  000972  F000               	nop	
  2535  000974  A480               	btfss	128,2,c	;volatile
  2536  000976  EFBF  F004         	goto	u4301
  2537  00097A  EFC1  F004         	goto	u4300
  2538  00097E                     u4301:
  2539  00097E  EF46  F001         	goto	l191
  2540  000982                     u4300:
  2541  000982  EFCF  F003         	goto	l3804
  2542  000986                     l3854:
  2543                           
  2544                           ; BSR set to: 0
  2545  000986  0E66               	movlw	low main@textLEVEL
  2546  000988  6F78               	movwf	sprintf@s& (0+255),b
  2547  00098A  0E01               	movlw	high main@textLEVEL
  2548  00098C  6F79               	movwf	(sprintf@s+1)& (0+255),b
  2549  00098E  0E1B               	movlw	low STR_13
  2550  000990  6F7A               	movwf	sprintf@fmt& (0+255),b
  2551  000992  0EFF               	movlw	high STR_13
  2552  000994  6F7B               	movwf	(sprintf@fmt+1)& (0+255),b
  2553  000996  ECC2  F00D         	call	_sprintf	;wreg free
  2554  00099A  0E66               	movlw	low main@textLEVEL
  2555  00099C  6E0A               	movwf	LCD_ShowString@textData^0,c
  2556  00099E  0E01               	movlw	high main@textLEVEL
  2557  0009A0  6E0B               	movwf	(LCD_ShowString@textData+1)^0,c
  2558  0009A2  0E01               	movlw	1
  2559  0009A4  EC37  F00C         	call	_LCD_ShowString
  2560  0009A8  A082               	btfss	130,0,c	;volatile
  2561  0009AA  EFD9  F004         	goto	u4311
  2562  0009AE  EFDB  F004         	goto	u4310
  2563  0009B2                     u4311:
  2564  0009B2  EFFB  F004         	goto	l260
  2565  0009B6                     u4310:
  2566  0009B6  0101               	movlb	1	; () banked
  2567  0009B8  4BA3               	infsnz	main@level& (0+255),f,b
  2568  0009BA  2BA4               	incf	(main@level+1)& (0+255),f,b
  2569  0009BC                     
  2570                           ; BSR set to: 1
  2571  0009BC  69D4               	setf	_w& (0+255),b	;volatile
  2572  0009BE  69D5               	setf	(_w+1)& (0+255),b	;volatile
  2573  0009C0                     
  2574                           ; BSR set to: 1
  2575  0009C0  0E00               	movlw	0
  2576  0009C2  6E53               	movwf	_led_stateHRA^0,c	;volatile
  2577  0009C4                     
  2578                           ; BSR set to: 1
  2579  0009C4  90D8               	bcf	status,0,c
  2580  0009C6  3056               	rrcf	(_delay+1)^0,w,c	;volatile
  2581  0009C8  0100               	movlb	0	; () banked
  2582  0009CA  6F8D               	movwf	??_main& (0+255),b
  2583  0009CC  3055               	rrcf	_delay^0,w,c	;volatile
  2584  0009CE  6E55               	movwf	_delay^0,c	;volatile
  2585  0009D0  C08D  F056         	movff	??_main,_delay+1	;volatile
  2586  0009D4                     
  2587                           ; BSR set to: 0
  2588  0009D4  ECF0  F00C         	call	_rand	;wreg free
  2589  0009D8  C015  F01B         	movff	?_rand,___awmod@dividend
  2590  0009DC  C016  F01C         	movff	?_rand+1,___awmod@dividend+1
  2591  0009E0  0E03               	movlw	3
  2592  0009E2  6E1E               	movwf	(___awmod@divisor+1)^0,c
  2593  0009E4  681D               	setf	___awmod@divisor^0,c
  2594  0009E6  ECDF  F00B         	call	___awmod	;wreg free
  2595  0009EA  C01B  F26D         	movff	?___awmod,main@rand_num
  2596  0009EE  C01C  F26E         	movff	?___awmod+1,main@rand_num+1
  2597  0009F2  EFB0  F003         	goto	l3798
  2598  0009F6                     l260:
  2599  0009F6  A480               	btfss	128,2,c	;volatile
  2600  0009F8  EF00  F005         	goto	u4321
  2601  0009FC  EF02  F005         	goto	u4320
  2602  000A00                     u4321:
  2603  000A00  EFE4  F005         	goto	l3916
  2604  000A04                     u4320:
  2605  000A04  0E04               	movlw	4
  2606  000A06  0100               	movlb	0	; () banked
  2607  000A08  6F8E               	movwf	(??_main+1)& (0+255),b
  2608  000A0A  0E40               	movlw	64
  2609  000A0C  6F8D               	movwf	??_main& (0+255),b
  2610  000A0E  0E26               	movlw	38
  2611  000A10                     u4537:
  2612  000A10  2EE8               	decfsz	wreg,f,c
  2613  000A12  D7FE               	bra	u4537
  2614  000A14  2F8D               	decfsz	??_main& (0+255),f,b
  2615  000A16  D7FC               	bra	u4537
  2616  000A18  2F8E               	decfsz	(??_main+1)& (0+255),f,b
  2617  000A1A  D7FA               	bra	u4537
  2618  000A1C  F000               	nop	
  2619  000A1E  A480               	btfss	128,2,c	;volatile
  2620  000A20  EF14  F005         	goto	u4331
  2621  000A24  EF16  F005         	goto	u4330
  2622  000A28                     u4331:
  2623  000A28  EF46  F001         	goto	l191
  2624  000A2C                     u4330:
  2625  000A2C  EFCF  F003         	goto	l3804
  2626  000A30                     l3880:
  2627                           
  2628                           ; BSR set to: 0
  2629  000A30  5054               	movf	_game_state^0,w,c	;volatile
  2630  000A32  6F8D               	movwf	??_main& (0+255),b
  2631  000A34  6B8E               	clrf	(??_main+1)& (0+255),b
  2632                           
  2633                           ; Switch on 2 bytes has been partitioned into a top level switch of size 1, and 1 sub-sw
      +                          itches
  2634                           ; Switch size 1, requested type "simple"
  2635                           ; Number of cases is 1, Range of values is 0 to 0
  2636                           ; switch strategies available:
  2637                           ; Name         Instructions Cycles
  2638                           ; simple_byte            4     3 (average)
  2639                           ;	Chosen strategy is simple_byte
  2640  000A36  518E               	movf	(??_main+1)& (0+255),w,b
  2641  000A38  0A00               	xorlw	0	; case 0
  2642  000A3A  B4D8               	btfsc	status,2,c
  2643  000A3C  EF22  F005         	goto	l3990
  2644  000A40  EFE4  F005         	goto	l3916
  2645  000A44                     l3990:
  2646                           
  2647                           ; BSR set to: 0
  2648                           ; Switch size 1, requested type "simple"
  2649                           ; Number of cases is 4, Range of values is 0 to 3
  2650                           ; switch strategies available:
  2651                           ; Name         Instructions Cycles
  2652                           ; simple_byte           13     7 (average)
  2653                           ;	Chosen strategy is simple_byte
  2654  000A44  518D               	movf	??_main& (0+255),w,b
  2655  000A46  0A00               	xorlw	0	; case 0
  2656  000A48  B4D8               	btfsc	status,2,c
  2657  000A4A  EF87  F003         	goto	l3790
  2658  000A4E  0A01               	xorlw	1	; case 1
  2659  000A50  B4D8               	btfsc	status,2,c
  2660  000A52  EFD6  F003         	goto	l3806
  2661  000A56  0A03               	xorlw	3	; case 2
  2662  000A58  B4D8               	btfsc	status,2,c
  2663  000A5A  EF19  F004         	goto	l248
  2664  000A5E  0A01               	xorlw	1	; case 3
  2665  000A60  B4D8               	btfsc	status,2,c
  2666  000A62  EFC3  F004         	goto	l3854
  2667  000A66  EFE4  F005         	goto	l3916
  2668  000A6A                     l3882:
  2669                           
  2670                           ; BSR set to: 0
  2671  000A6A  0EB2               	movlw	low main@text1M
  2672  000A6C  6F78               	movwf	sprintf@s& (0+255),b
  2673  000A6E  0E00               	movlw	high main@text1M
  2674  000A70  6F79               	movwf	(sprintf@s+1)& (0+255),b
  2675  000A72  0EDF               	movlw	low STR_14
  2676  000A74  6F7A               	movwf	sprintf@fmt& (0+255),b
  2677  000A76  0EFF               	movlw	high STR_14
  2678  000A78  6F7B               	movwf	(sprintf@fmt+1)& (0+255),b
  2679  000A7A  0EF6               	movlw	low main@cursor
  2680  000A7C  6F7C               	movwf	(?_sprintf+4)& (0+255),b
  2681  000A7E  0E00               	movlw	high main@cursor
  2682  000A80  6F7D               	movwf	(?_sprintf+5)& (0+255),b
  2683  000A82  0102               	movlb	2	; () banked
  2684  000A84  5173               	movf	main@position& (0+255),w,b
  2685  000A86  0D05               	mullw	5
  2686  000A88  0E8F               	movlw	low main@menu_names
  2687  000A8A  24F3               	addwf	243,w,c
  2688  000A8C  0100               	movlb	0	; () banked
  2689  000A8E  6F7E               	movwf	(?_sprintf+6)& (0+255),b
  2690  000A90  0E00               	movlw	high main@menu_names
  2691  000A92  20F4               	addwfc	prodh,w,c
  2692  000A94  6F7F               	movwf	(?_sprintf+7)& (0+255),b
  2693  000A96  ECC2  F00D         	call	_sprintf	;wreg free
  2694  000A9A  0EB2               	movlw	low main@text1M
  2695  000A9C  6E0A               	movwf	LCD_ShowString@textData^0,c
  2696  000A9E  0E00               	movlw	high main@text1M
  2697  000AA0  6E0B               	movwf	(LCD_ShowString@textData+1)^0,c
  2698  000AA2  0E01               	movlw	1
  2699  000AA4  EC37  F00C         	call	_LCD_ShowString
  2700  000AA8  0EC3               	movlw	low main@text2M
  2701  000AAA  0100               	movlb	0	; () banked
  2702  000AAC  6F78               	movwf	sprintf@s& (0+255),b
  2703  000AAE  0E00               	movlw	high main@text2M
  2704  000AB0  6F79               	movwf	(sprintf@s+1)& (0+255),b
  2705  000AB2  0EE1               	movlw	low (STR_14+2)
  2706  000AB4  6F7A               	movwf	sprintf@fmt& (0+255),b
  2707  000AB6  0EFF               	movlw	high (STR_14+2)
  2708  000AB8  6F7B               	movwf	(sprintf@fmt+1)& (0+255),b
  2709  000ABA  0102               	movlb	2	; () banked
  2710  000ABC  5173               	movf	main@position& (0+255),w,b
  2711  000ABE  0D05               	mullw	5
  2712  000AC0  0E05               	movlw	5
  2713  000AC2  26F3               	addwf	243,f,c
  2714  000AC4  0E00               	movlw	0
  2715  000AC6  22F4               	addwfc	244,f,c
  2716  000AC8  0E8F               	movlw	low main@menu_names
  2717  000ACA  24F3               	addwf	243,w,c
  2718  000ACC  0100               	movlb	0	; () banked
  2719  000ACE  6F7C               	movwf	(?_sprintf+4)& (0+255),b
  2720  000AD0  0E00               	movlw	high main@menu_names
  2721  000AD2  20F4               	addwfc	prodh,w,c
  2722  000AD4  6F7D               	movwf	(?_sprintf+5)& (0+255),b
  2723  000AD6  ECC2  F00D         	call	_sprintf	;wreg free
  2724  000ADA  0EC3               	movlw	low main@text2M
  2725  000ADC  6E0A               	movwf	LCD_ShowString@textData^0,c
  2726  000ADE  0E00               	movlw	high main@text2M
  2727  000AE0  6E0B               	movwf	(LCD_ShowString@textData+1)^0,c
  2728  000AE2  0E02               	movlw	2
  2729  000AE4  EC37  F00C         	call	_LCD_ShowString
  2730  000AE8  0E00               	movlw	0
  2731  000AEA  6E54               	movwf	_game_state^0,c	;volatile
  2732  000AEC  A880               	btfss	128,4,c	;volatile
  2733  000AEE  EF7B  F005         	goto	u4341
  2734  000AF2  EF7D  F005         	goto	u4340
  2735  000AF6                     u4341:
  2736  000AF6  EF9F  F005         	goto	l267
  2737  000AFA                     u4340:
  2738  000AFA  0E05               	movlw	5
  2739  000AFC  0102               	movlb	2	; () banked
  2740  000AFE  1973               	xorwf	main@position& (0+255),w,b
  2741  000B00  B4D8               	btfsc	status,2,c
  2742  000B02  EF85  F005         	goto	u4351
  2743  000B06  EF87  F005         	goto	u4350
  2744  000B0A                     u4351:
  2745  000B0A  EF9F  F005         	goto	l267
  2746  000B0E                     u4350:
  2747  000B0E                     
  2748                           ; BSR set to: 2
  2749  000B0E  0E04               	movlw	4
  2750  000B10  0100               	movlb	0	; () banked
  2751  000B12  6F8E               	movwf	(??_main+1)& (0+255),b
  2752  000B14  0E40               	movlw	64
  2753  000B16  6F8D               	movwf	??_main& (0+255),b
  2754  000B18  0E26               	movlw	38
  2755  000B1A                     u4547:
  2756  000B1A  2EE8               	decfsz	wreg,f,c
  2757  000B1C  D7FE               	bra	u4547
  2758  000B1E  2F8D               	decfsz	??_main& (0+255),f,b
  2759  000B20  D7FC               	bra	u4547
  2760  000B22  2F8E               	decfsz	(??_main+1)& (0+255),f,b
  2761  000B24  D7FA               	bra	u4547
  2762  000B26  F000               	nop	
  2763  000B28  A880               	btfss	128,4,c	;volatile
  2764  000B2A  EF99  F005         	goto	u4361
  2765  000B2E  EF9B  F005         	goto	u4360
  2766  000B32                     u4361:
  2767  000B32  EFE4  F005         	goto	l3916
  2768  000B36                     u4360:
  2769  000B36  0102               	movlb	2	; () banked
  2770  000B38  2B73               	incf	main@position& (0+255),f,b
  2771  000B3A  EFE4  F005         	goto	l3916
  2772  000B3E                     l267:
  2773  000B3E  A082               	btfss	130,0,c	;volatile
  2774  000B40  EFA4  F005         	goto	u4371
  2775  000B44  EFA6  F005         	goto	u4370
  2776  000B48                     u4371:
  2777  000B48  EFC7  F005         	goto	l270
  2778  000B4C                     u4370:
  2779  000B4C  0102               	movlb	2	; () banked
  2780  000B4E  5173               	movf	main@position& (0+255),w,b
  2781  000B50  B4D8               	btfsc	status,2,c
  2782  000B52  EFAD  F005         	goto	u4381
  2783  000B56  EFAF  F005         	goto	u4380
  2784  000B5A                     u4381:
  2785  000B5A  EFC7  F005         	goto	l270
  2786  000B5E                     u4380:
  2787  000B5E                     
  2788                           ; BSR set to: 2
  2789  000B5E  0E04               	movlw	4
  2790  000B60  0100               	movlb	0	; () banked
  2791  000B62  6F8E               	movwf	(??_main+1)& (0+255),b
  2792  000B64  0E40               	movlw	64
  2793  000B66  6F8D               	movwf	??_main& (0+255),b
  2794  000B68  0E26               	movlw	38
  2795  000B6A                     u4557:
  2796  000B6A  2EE8               	decfsz	wreg,f,c
  2797  000B6C  D7FE               	bra	u4557
  2798  000B6E  2F8D               	decfsz	??_main& (0+255),f,b
  2799  000B70  D7FC               	bra	u4557
  2800  000B72  2F8E               	decfsz	(??_main+1)& (0+255),f,b
  2801  000B74  D7FA               	bra	u4557
  2802  000B76  F000               	nop	
  2803  000B78  A082               	btfss	130,0,c	;volatile
  2804  000B7A  EFC1  F005         	goto	u4391
  2805  000B7E  EFC3  F005         	goto	u4390
  2806  000B82                     u4391:
  2807  000B82  EFE4  F005         	goto	l3916
  2808  000B86                     u4390:
  2809  000B86  0102               	movlb	2	; () banked
  2810  000B88  0773               	decf	main@position& (0+255),f,b
  2811  000B8A  EFE4  F005         	goto	l3916
  2812  000B8E                     l270:
  2813  000B8E  A680               	btfss	128,3,c	;volatile
  2814  000B90  EFCC  F005         	goto	u4401
  2815  000B94  EFCE  F005         	goto	u4400
  2816  000B98                     u4401:
  2817  000B98  EF46  F001         	goto	l191
  2818  000B9C                     u4400:
  2819  000B9C  0E04               	movlw	4
  2820  000B9E  0100               	movlb	0	; () banked
  2821  000BA0  6F8E               	movwf	(??_main+1)& (0+255),b
  2822  000BA2  0E40               	movlw	64
  2823  000BA4  6F8D               	movwf	??_main& (0+255),b
  2824  000BA6  0E26               	movlw	38
  2825  000BA8                     u4567:
  2826  000BA8  2EE8               	decfsz	wreg,f,c
  2827  000BAA  D7FE               	bra	u4567
  2828  000BAC  2F8D               	decfsz	??_main& (0+255),f,b
  2829  000BAE  D7FC               	bra	u4567
  2830  000BB0  2F8E               	decfsz	(??_main+1)& (0+255),f,b
  2831  000BB2  D7FA               	bra	u4567
  2832  000BB4  F000               	nop	
  2833  000BB6  A680               	btfss	128,3,c	;volatile
  2834  000BB8  EFE0  F005         	goto	u4411
  2835  000BBC  EFE2  F005         	goto	u4410
  2836  000BC0                     u4411:
  2837  000BC0  EF46  F001         	goto	l191
  2838  000BC4                     u4410:
  2839  000BC4  C273  F1A6         	movff	main@position,main@menu_position
  2840  000BC8                     l3916:
  2841  000BC8  0101               	movlb	1	; () banked
  2842  000BCA  51A6               	movf	main@menu_position& (0+255),w,b
  2843  000BCC  0100               	movlb	0	; () banked
  2844  000BCE  6F8D               	movwf	??_main& (0+255),b
  2845  000BD0  6B8E               	clrf	(??_main+1)& (0+255),b
  2846                           
  2847                           ; Switch on 2 bytes has been partitioned into a top level switch of size 1, and 1 sub-sw
      +                          itches
  2848                           ; Switch size 1, requested type "simple"
  2849                           ; Number of cases is 1, Range of values is 0 to 0
  2850                           ; switch strategies available:
  2851                           ; Name         Instructions Cycles
  2852                           ; simple_byte            4     3 (average)
  2853                           ;	Chosen strategy is simple_byte
  2854  000BD2  518E               	movf	(??_main+1)& (0+255),w,b
  2855  000BD4  0A00               	xorlw	0	; case 0
  2856  000BD6  B4D8               	btfsc	status,2,c
  2857  000BD8  EFF0  F005         	goto	l3992
  2858  000BDC  EFE4  F005         	goto	l3916
  2859  000BE0                     l3992:
  2860                           
  2861                           ; BSR set to: 0
  2862                           ; Switch size 1, requested type "simple"
  2863                           ; Number of cases is 7, Range of values is 0 to 6
  2864                           ; switch strategies available:
  2865                           ; Name         Instructions Cycles
  2866                           ; simple_byte           22    12 (average)
  2867                           ;	Chosen strategy is simple_byte
  2868  000BE0  518D               	movf	??_main& (0+255),w,b
  2869  000BE2  0A00               	xorlw	0	; case 0
  2870  000BE4  B4D8               	btfsc	status,2,c
  2871  000BE6  EFE2  F000         	goto	l3598
  2872  000BEA  0A01               	xorlw	1	; case 1
  2873  000BEC  B4D8               	btfsc	status,2,c
  2874  000BEE  EF48  F001         	goto	l3640
  2875  000BF2  0A03               	xorlw	3	; case 2
  2876  000BF4  B4D8               	btfsc	status,2,c
  2877  000BF6  EF85  F001         	goto	l3660
  2878  000BFA  0A01               	xorlw	1	; case 3
  2879  000BFC  B4D8               	btfsc	status,2,c
  2880  000BFE  EFF0  F001         	goto	l3700
  2881  000C02  0A07               	xorlw	7	; case 4
  2882  000C04  B4D8               	btfsc	status,2,c
  2883  000C06  EF7F  F002         	goto	l3734
  2884  000C0A  0A01               	xorlw	1	; case 5
  2885  000C0C  B4D8               	btfsc	status,2,c
  2886  000C0E  EF81  F003         	goto	l3788
  2887  000C12  0A03               	xorlw	3	; case 6
  2888  000C14  B4D8               	btfsc	status,2,c
  2889  000C16  EF35  F005         	goto	l3882
  2890  000C1A  EFE4  F005         	goto	l3916
  2891  000C1E  EFB4  F000         	goto	start
  2892  000C22                     __end_of_main:
  2893                           	callstack 0
  2894                           
  2895 ;; *************** function _uart_init *****************
  2896 ;; Defined at:
  2897 ;;		line 597 in file "menu.c"
  2898 ;; Parameters:    Size  Location     Type
  2899 ;;		None
  2900 ;; Auto vars:     Size  Location     Type
  2901 ;;		None
  2902 ;; Return value:  Size  Location     Type
  2903 ;;                  1    wreg      void 
  2904 ;; Registers used:
  2905 ;;		wreg, status,2
  2906 ;; Tracked objects:
  2907 ;;		On entry : 0/0
  2908 ;;		On exit  : 0/0
  2909 ;;		Unchanged: 0/0
  2910 ;; Data sizes:     COMRAM   BANK0   BANK1   BANK2   BANK3   BANK4   BANK5   BANK6   BANK7   BANK8   BANK9  BANK10  BANK1
      +1  BANK12  BANK13  BANK14  BANK15
  2911 ;;      Params:         0       0       0       0       0       0       0       0       0       0       0       0       
      +0       0       0       0       0
  2912 ;;      Locals:         0       0       0       0       0       0       0       0       0       0       0       0       
      +0       0       0       0       0
  2913 ;;      Temps:          0       0       0       0       0       0       0       0       0       0       0       0       
      +0       0       0       0       0
  2914 ;;      Totals:         0       0       0       0       0       0       0       0       0       0       0       0       
      +0       0       0       0       0
  2915 ;;Total ram usage:        0 bytes
  2916 ;; Hardware stack levels used: 1
  2917 ;; Hardware stack levels required when called: 2
  2918 ;; This function calls:
  2919 ;;		Nothing
  2920 ;; This function is called by:
  2921 ;;		_main
  2922 ;; This function uses a non-reentrant model
  2923 ;;
  2924                           
  2925                           	psect	text1
  2926  001DF4                     __ptext1:
  2927                           	callstack 0
  2928  001DF4                     _uart_init:
  2929                           	callstack 28
  2930  001DF4  010F               	movlb	15	; () banked
  2931  001DF6  9D3A               	bcf	58,6,b	;volatile
  2932  001DF8  9F3A               	bcf	58,7,b	;volatile
  2933  001DFA  9C94               	bcf	148,6,c	;volatile
  2934  001DFC  8E94               	bsf	148,7,c	;volatile
  2935  001DFE                     
  2936                           ; BSR set to: 15
  2937  001DFE  0E19               	movlw	25
  2938  001E00  6EAF               	movwf	175,c	;volatile
  2939  001E02                     
  2940                           ; BSR set to: 15
  2941  001E02  8EAB               	bsf	171,7,c	;volatile
  2942  001E04                     
  2943                           ; BSR set to: 15
  2944  001E04  98AC               	bcf	172,4,c	;volatile
  2945  001E06                     
  2946                           ; BSR set to: 15
  2947  001E06  8AAC               	bsf	172,5,c	;volatile
  2948  001E08                     
  2949                           ; BSR set to: 15
  2950  001E08  88AB               	bsf	171,4,c	;volatile
  2951  001E0A                     
  2952                           ; BSR set to: 15
  2953  001E0A  0012               	return		;funcret
  2954  001E0C                     __end_of_uart_init:
  2955                           	callstack 0
  2956                           
  2957 ;; *************** function _sprintf *****************
  2958 ;; Defined at:
  2959 ;;		line 9 in file "C:\Program Files\Microchip\xc8\v2.36\pic\sources\c99\common\nf_sprintf.c"
  2960 ;; Parameters:    Size  Location     Type
  2961 ;;  s               2   24[BANK0 ] PTR unsigned char 
  2962 ;;		 -> main@text2M(17), main@text1M(17), main@textLEVEL(17), main@text1(17), 
  2963 ;;		 -> main@text2(17), main@textSTOP2(17), main@textSTOP1(17), main@textSTART(17), 
  2964 ;;		 -> main@textDAC(17), main@textADC(17), main@textPWM(17), main@textUART(17), 
  2965 ;;		 -> main@textGPIO(17), 
  2966 ;;  fmt             2   26[BANK0 ] PTR const unsigned char 
  2967 ;;		 -> STR_15(14), STR_14(16), STR_13(27), STR_12(29), 
  2968 ;;		 -> STR_11(25), STR_10(24), STR_9(28), STR_8(33), 
  2969 ;;		 -> STR_6(24), STR_4(23), STR_3(25), STR_2(24), 
  2970 ;;		 -> STR_1(24), 
  2971 ;; Auto vars:     Size  Location     Type
  2972 ;;  f              11   34[BANK0 ] struct _IO_FILE
  2973 ;;  ap              2   32[BANK0 ] PTR void [1]
  2974 ;;		 -> ?_printf(2), ?_sprintf(2), 
  2975 ;;  ret             2    0        int 
  2976 ;; Return value:  Size  Location     Type
  2977 ;;                  2   24[BANK0 ] int 
  2978 ;; Registers used:
  2979 ;;		wreg, fsr1l, fsr1h, fsr2l, fsr2h, status,2, status,0, tblptrl, tblptrh, tblptru, cstack
  2980 ;; Tracked objects:
  2981 ;;		On entry : 0/0
  2982 ;;		On exit  : 0/0
  2983 ;;		Unchanged: 0/0
  2984 ;; Data sizes:     COMRAM   BANK0   BANK1   BANK2   BANK3   BANK4   BANK5   BANK6   BANK7   BANK8   BANK9  BANK10  BANK1
      +1  BANK12  BANK13  BANK14  BANK15
  2985 ;;      Params:         0       8       0       0       0       0       0       0       0       0       0       0       
      +0       0       0       0       0
  2986 ;;      Locals:         0      13       0       0       0       0       0       0       0       0       0       0       
      +0       0       0       0       0
  2987 ;;      Temps:          0       0       0       0       0       0       0       0       0       0       0       0       
      +0       0       0       0       0
  2988 ;;      Totals:         0      21       0       0       0       0       0       0       0       0       0       0       
      +0       0       0       0       0
  2989 ;;Total ram usage:       21 bytes
  2990 ;; Hardware stack levels used: 1
  2991 ;; Hardware stack levels required when called: 9
  2992 ;; This function calls:
  2993 ;;		_vfprintf
  2994 ;; This function is called by:
  2995 ;;		_main
  2996 ;; This function uses a non-reentrant model
  2997 ;;
  2998                           
  2999                           	psect	text2
  3000  001B84                     __ptext2:
  3001                           	callstack 0
  3002  001B84                     _sprintf:
  3003                           	callstack 21
  3004  001B84  0E7C               	movlw	low (?_sprintf+4)
  3005  001B86  0100               	movlb	0	; () banked
  3006  001B88  6F80               	movwf	sprintf@ap& (0+255),b
  3007  001B8A  0E00               	movlw	high (?_sprintf+4)
  3008  001B8C  6F81               	movwf	(sprintf@ap+1)& (0+255),b
  3009  001B8E  C078  F082         	movff	sprintf@s,sprintf@f
  3010  001B92  C079  F083         	movff	sprintf@s+1,sprintf@f+1
  3011  001B96                     
  3012                           ; BSR set to: 0
  3013  001B96  0E00               	movlw	0
  3014  001B98  6F86               	movwf	(sprintf@f+4)& (0+255),b
  3015  001B9A  0E00               	movlw	0
  3016  001B9C  6F85               	movwf	(sprintf@f+3)& (0+255),b
  3017  001B9E                     
  3018                           ; BSR set to: 0
  3019  001B9E  0E00               	movlw	0
  3020  001BA0  6F8C               	movwf	(sprintf@f+10)& (0+255),b
  3021  001BA2  0E00               	movlw	0
  3022  001BA4  6F8B               	movwf	(sprintf@f+9)& (0+255),b
  3023  001BA6                     
  3024                           ; BSR set to: 0
  3025  001BA6  0E82               	movlw	low sprintf@f
  3026  001BA8  6F72               	movwf	vfprintf@fp& (0+255),b
  3027  001BAA  0E00               	movlw	high sprintf@f
  3028  001BAC  6F73               	movwf	(vfprintf@fp+1)& (0+255),b
  3029  001BAE  C07A  F074         	movff	sprintf@fmt,vfprintf@fmt
  3030  001BB2  C07B  F075         	movff	sprintf@fmt+1,vfprintf@fmt+1
  3031  001BB6  0E80               	movlw	low sprintf@ap
  3032  001BB8  6F76               	movwf	vfprintf@ap& (0+255),b
  3033  001BBA  0E00               	movlw	high sprintf@ap
  3034  001BBC  6F77               	movwf	(vfprintf@ap+1)& (0+255),b
  3035  001BBE  EC91  F00D         	call	_vfprintf	;wreg free
  3036  001BC2  0100               	movlb	0	; () banked
  3037  001BC4  5185               	movf	(sprintf@f+3)& (0+255),w,b
  3038  001BC6  2578               	addwf	sprintf@s& (0+255),w,b
  3039  001BC8  6ED9               	movwf	fsr2l,c
  3040  001BCA  5186               	movf	(sprintf@f+4)& (0+255),w,b
  3041  001BCC  2179               	addwfc	(sprintf@s+1)& (0+255),w,b
  3042  001BCE  6EDA               	movwf	fsr2h,c
  3043  001BD0  0E00               	movlw	0
  3044  001BD2  6EDF               	movwf	indf2,c
  3045  001BD4                     
  3046                           ; BSR set to: 0
  3047  001BD4  0012               	return		;funcret
  3048  001BD6                     __end_of_sprintf:
  3049                           	callstack 0
  3050                           
  3051 ;; *************** function _spi_init *****************
  3052 ;; Defined at:
  3053 ;;		line 557 in file "menu.c"
  3054 ;; Parameters:    Size  Location     Type
  3055 ;;		None
  3056 ;; Auto vars:     Size  Location     Type
  3057 ;;		None
  3058 ;; Return value:  Size  Location     Type
  3059 ;;                  1    wreg      void 
  3060 ;; Registers used:
  3061 ;;		wreg, status,2
  3062 ;; Tracked objects:
  3063 ;;		On entry : 0/0
  3064 ;;		On exit  : 0/0
  3065 ;;		Unchanged: 0/0
  3066 ;; Data sizes:     COMRAM   BANK0   BANK1   BANK2   BANK3   BANK4   BANK5   BANK6   BANK7   BANK8   BANK9  BANK10  BANK1
      +1  BANK12  BANK13  BANK14  BANK15
  3067 ;;      Params:         0       0       0       0       0       0       0       0       0       0       0       0       
      +0       0       0       0       0
  3068 ;;      Locals:         0       0       0       0       0       0       0       0       0       0       0       0       
      +0       0       0       0       0
  3069 ;;      Temps:          0       0       0       0       0       0       0       0       0       0       0       0       
      +0       0       0       0       0
  3070 ;;      Totals:         0       0       0       0       0       0       0       0       0       0       0       0       
      +0       0       0       0       0
  3071 ;;Total ram usage:        0 bytes
  3072 ;; Hardware stack levels used: 1
  3073 ;; Hardware stack levels required when called: 2
  3074 ;; This function calls:
  3075 ;;		Nothing
  3076 ;; This function is called by:
  3077 ;;		_main
  3078 ;; This function uses a non-reentrant model
  3079 ;;
  3080                           
  3081                           	psect	text3
  3082  001E0C                     __ptext3:
  3083                           	callstack 0
  3084  001E0C                     _spi_init:
  3085                           	callstack 28
  3086  001E0C  9694               	bcf	148,3,c	;volatile
  3087  001E0E  9A94               	bcf	148,5,c	;volatile
  3088  001E10  9693               	bcf	147,3,c	;volatile
  3089  001E12  868A               	bsf	138,3,c	;volatile
  3090  001E14  50C6               	movf	198,w,c	;volatile
  3091  001E16  0BF0               	andlw	-16
  3092  001E18  0902               	iorlw	2
  3093  001E1A  6EC6               	movwf	198,c	;volatile
  3094  001E1C  98C6               	bcf	198,4,c	;volatile
  3095  001E1E  8CC7               	bsf	199,6,c	;volatile
  3096  001E20  8AC6               	bsf	198,5,c	;volatile
  3097  001E22  0012               	return		;funcret
  3098  001E24                     __end_of_spi_init:
  3099                           	callstack 0
  3100                           
  3101 ;; *************** function _rand *****************
  3102 ;; Defined at:
  3103 ;;		line 11 in file "C:\Program Files\Microchip\xc8\v2.36\pic\sources\c99\common\rand.c"
  3104 ;; Parameters:    Size  Location     Type
  3105 ;;		None
  3106 ;; Auto vars:     Size  Location     Type
  3107 ;;		None
  3108 ;; Return value:  Size  Location     Type
  3109 ;;                  2   20[COMRAM] int 
  3110 ;; Registers used:
  3111 ;;		wreg, status,2, status,0, cstack
  3112 ;; Tracked objects:
  3113 ;;		On entry : 0/0
  3114 ;;		On exit  : 0/0
  3115 ;;		Unchanged: 0/0
  3116 ;; Data sizes:     COMRAM   BANK0   BANK1   BANK2   BANK3   BANK4   BANK5   BANK6   BANK7   BANK8   BANK9  BANK10  BANK1
      +1  BANK12  BANK13  BANK14  BANK15
  3117 ;;      Params:         2       0       0       0       0       0       0       0       0       0       0       0       
      +0       0       0       0       0
  3118 ;;      Locals:         0       0       0       0       0       0       0       0       0       0       0       0       
      +0       0       0       0       0
  3119 ;;      Temps:          4       0       0       0       0       0       0       0       0       0       0       0       
      +0       0       0       0       0
  3120 ;;      Totals:         6       0       0       0       0       0       0       0       0       0       0       0       
      +0       0       0       0       0
  3121 ;;Total ram usage:        6 bytes
  3122 ;; Hardware stack levels used: 1
  3123 ;; Hardware stack levels required when called: 3
  3124 ;; This function calls:
  3125 ;;		___lmul
  3126 ;; This function is called by:
  3127 ;;		_main
  3128 ;; This function uses a non-reentrant model
  3129 ;;
  3130                           
  3131                           	psect	text4
  3132  0019E0                     __ptext4:
  3133                           	callstack 0
  3134  0019E0                     _rand:
  3135                           	callstack 27
  3136  0019E0  C1FC  F009         	movff	_seed,___lmul@multiplier
  3137  0019E4  C1FD  F00A         	movff	_seed+1,___lmul@multiplier+1
  3138  0019E8  C1FE  F00B         	movff	_seed+2,___lmul@multiplier+2
  3139  0019EC  C1FF  F00C         	movff	_seed+3,___lmul@multiplier+3
  3140  0019F0  0E2D               	movlw	45
  3141  0019F2  6E0D               	movwf	___lmul@multiplicand^0,c
  3142  0019F4  0E7F               	movlw	127
  3143  0019F6  6E0E               	movwf	(___lmul@multiplicand+1)^0,c
  3144  0019F8  0E95               	movlw	149
  3145  0019FA  6E0F               	movwf	(___lmul@multiplicand+2)^0,c
  3146  0019FC  0E4C               	movlw	76
  3147  0019FE  6E10               	movwf	(___lmul@multiplicand+3)^0,c
  3148  001A00  EC5C  F00D         	call	___lmul	;wreg free
  3149  001A04  0E01               	movlw	1
  3150  001A06  2409               	addwf	?___lmul^0,w,c
  3151  001A08  0101               	movlb	1	; () banked
  3152  001A0A  6FFC               	movwf	_seed& (0+255),b
  3153  001A0C  0E00               	movlw	0
  3154  001A0E  200A               	addwfc	(?___lmul+1)^0,w,c
  3155  001A10  6FFD               	movwf	(_seed+1)& (0+255),b
  3156  001A12  0E00               	movlw	0
  3157  001A14  200B               	addwfc	(?___lmul+2)^0,w,c
  3158  001A16  6FFE               	movwf	(_seed+2)& (0+255),b
  3159  001A18  0E00               	movlw	0
  3160  001A1A  200C               	addwfc	(?___lmul+3)^0,w,c
  3161  001A1C  6FFF               	movwf	(_seed+3)& (0+255),b
  3162  001A1E                     
  3163                           ; BSR set to: 1
  3164  001A1E  C1FC  F017         	movff	_seed,??_rand
  3165  001A22  C1FD  F018         	movff	_seed+1,??_rand+1
  3166  001A26  C1FE  F019         	movff	_seed+2,??_rand+2
  3167  001A2A  C1FF  F01A         	movff	_seed+3,??_rand+3
  3168  001A2E  0E12               	movlw	18
  3169  001A30  EF1F  F00D         	goto	u3870
  3170  001A34                     u3875:
  3171  001A34  90D8               	bcf	status,0,c
  3172  001A36  321A               	rrcf	(??_rand+3)^0,f,c
  3173  001A38  3219               	rrcf	(??_rand+2)^0,f,c
  3174  001A3A  3218               	rrcf	(??_rand+1)^0,f,c
  3175  001A3C  3217               	rrcf	??_rand^0,f,c
  3176  001A3E                     u3870:
  3177  001A3E  2EE8               	decfsz	wreg,f,c
  3178  001A40  EF1A  F00D         	goto	u3875
  3179  001A44  C017  F015         	movff	??_rand,?_rand
  3180  001A48  C018  F016         	movff	??_rand+1,?_rand+1
  3181  001A4C                     
  3182                           ; BSR set to: 1
  3183  001A4C  0012               	return		;funcret
  3184  001A4E                     __end_of_rand:
  3185                           	callstack 0
  3186                           
  3187 ;; *************** function ___lmul *****************
  3188 ;; Defined at:
  3189 ;;		line 15 in file "C:\Program Files\Microchip\xc8\v2.36\pic\sources\c99\common\Umul32.c"
  3190 ;; Parameters:    Size  Location     Type
  3191 ;;  multiplier      4    8[COMRAM] unsigned long 
  3192 ;;  multiplicand    4   12[COMRAM] unsigned long 
  3193 ;; Auto vars:     Size  Location     Type
  3194 ;;  product         4   16[COMRAM] unsigned long 
  3195 ;; Return value:  Size  Location     Type
  3196 ;;                  4    8[COMRAM] unsigned long 
  3197 ;; Registers used:
  3198 ;;		wreg, status,2, status,0
  3199 ;; Tracked objects:
  3200 ;;		On entry : 0/0
  3201 ;;		On exit  : 0/0
  3202 ;;		Unchanged: 0/0
  3203 ;; Data sizes:     COMRAM   BANK0   BANK1   BANK2   BANK3   BANK4   BANK5   BANK6   BANK7   BANK8   BANK9  BANK10  BANK1
      +1  BANK12  BANK13  BANK14  BANK15
  3204 ;;      Params:         8       0       0       0       0       0       0       0       0       0       0       0       
      +0       0       0       0       0
  3205 ;;      Locals:         4       0       0       0       0       0       0       0       0       0       0       0       
      +0       0       0       0       0
  3206 ;;      Temps:          0       0       0       0       0       0       0       0       0       0       0       0       
      +0       0       0       0       0
  3207 ;;      Totals:        12       0       0       0       0       0       0       0       0       0       0       0       
      +0       0       0       0       0
  3208 ;;Total ram usage:       12 bytes
  3209 ;; Hardware stack levels used: 1
  3210 ;; Hardware stack levels required when called: 2
  3211 ;; This function calls:
  3212 ;;		Nothing
  3213 ;; This function is called by:
  3214 ;;		_main
  3215 ;;		_rand
  3216 ;; This function uses a non-reentrant model
  3217 ;;
  3218                           
  3219                           	psect	text5
  3220  001AB8                     __ptext5:
  3221                           	callstack 0
  3222  001AB8                     ___lmul:
  3223                           	callstack 27
  3224  001AB8  0E00               	movlw	0
  3225  001ABA  6E11               	movwf	___lmul@product^0,c
  3226  001ABC  0E00               	movlw	0
  3227  001ABE  6E12               	movwf	(___lmul@product+1)^0,c
  3228  001AC0  0E00               	movlw	0
  3229  001AC2  6E13               	movwf	(___lmul@product+2)^0,c
  3230  001AC4  0E00               	movlw	0
  3231  001AC6  6E14               	movwf	(___lmul@product+3)^0,c
  3232  001AC8                     l3386:
  3233  001AC8  A009               	btfss	___lmul@multiplier^0,0,c
  3234  001ACA  EF69  F00D         	goto	u3591
  3235  001ACE  EF6B  F00D         	goto	u3590
  3236  001AD2                     u3591:
  3237  001AD2  EF73  F00D         	goto	l3390
  3238  001AD6                     u3590:
  3239  001AD6  500D               	movf	___lmul@multiplicand^0,w,c
  3240  001AD8  2611               	addwf	___lmul@product^0,f,c
  3241  001ADA  500E               	movf	(___lmul@multiplicand+1)^0,w,c
  3242  001ADC  2212               	addwfc	(___lmul@product+1)^0,f,c
  3243  001ADE  500F               	movf	(___lmul@multiplicand+2)^0,w,c
  3244  001AE0  2213               	addwfc	(___lmul@product+2)^0,f,c
  3245  001AE2  5010               	movf	(___lmul@multiplicand+3)^0,w,c
  3246  001AE4  2214               	addwfc	(___lmul@product+3)^0,f,c
  3247  001AE6                     l3390:
  3248  001AE6  90D8               	bcf	status,0,c
  3249  001AE8  360D               	rlcf	___lmul@multiplicand^0,f,c
  3250  001AEA  360E               	rlcf	(___lmul@multiplicand+1)^0,f,c
  3251  001AEC  360F               	rlcf	(___lmul@multiplicand+2)^0,f,c
  3252  001AEE  3610               	rlcf	(___lmul@multiplicand+3)^0,f,c
  3253  001AF0  90D8               	bcf	status,0,c
  3254  001AF2  320C               	rrcf	(___lmul@multiplier+3)^0,f,c
  3255  001AF4  320B               	rrcf	(___lmul@multiplier+2)^0,f,c
  3256  001AF6  320A               	rrcf	(___lmul@multiplier+1)^0,f,c
  3257  001AF8  3209               	rrcf	___lmul@multiplier^0,f,c
  3258  001AFA  5009               	movf	___lmul@multiplier^0,w,c
  3259  001AFC  100A               	iorwf	(___lmul@multiplier+1)^0,w,c
  3260  001AFE  100B               	iorwf	(___lmul@multiplier+2)^0,w,c
  3261  001B00  100C               	iorwf	(___lmul@multiplier+3)^0,w,c
  3262  001B02  A4D8               	btfss	status,2,c
  3263  001B04  EF86  F00D         	goto	u3601
  3264  001B08  EF88  F00D         	goto	u3600
  3265  001B0C                     u3601:
  3266  001B0C  EF64  F00D         	goto	l3386
  3267  001B10                     u3600:
  3268  001B10  C011  F009         	movff	___lmul@product,?___lmul
  3269  001B14  C012  F00A         	movff	___lmul@product+1,?___lmul+1
  3270  001B18  C013  F00B         	movff	___lmul@product+2,?___lmul+2
  3271  001B1C  C014  F00C         	movff	___lmul@product+3,?___lmul+3
  3272  001B20  0012               	return		;funcret
  3273  001B22                     __end_of___lmul:
  3274                           	callstack 0
  3275                           
  3276 ;; *************** function _printf *****************
  3277 ;; Defined at:
  3278 ;;		line 5 in file "C:\Program Files\Microchip\xc8\v2.36\pic\sources\c99\common\printf.c"
  3279 ;; Parameters:    Size  Location     Type
  3280 ;;  fmt             2   24[BANK0 ] PTR const unsigned char 
  3281 ;;		 -> STR_7(4), STR_5(5), 
  3282 ;; Auto vars:     Size  Location     Type
  3283 ;;  ap              2   76[COMRAM] PTR void [1]
  3284 ;;		 -> ?_printf(2), ?_sprintf(2), 
  3285 ;;  ret             2    0        int 
  3286 ;; Return value:  Size  Location     Type
  3287 ;;                  2   24[BANK0 ] int 
  3288 ;; Registers used:
  3289 ;;		wreg, fsr1l, fsr1h, fsr2l, fsr2h, status,2, status,0, tblptrl, tblptrh, tblptru, cstack
  3290 ;; Tracked objects:
  3291 ;;		On entry : 0/0
  3292 ;;		On exit  : 0/0
  3293 ;;		Unchanged: 0/0
  3294 ;; Data sizes:     COMRAM   BANK0   BANK1   BANK2   BANK3   BANK4   BANK5   BANK6   BANK7   BANK8   BANK9  BANK10  BANK1
      +1  BANK12  BANK13  BANK14  BANK15
  3295 ;;      Params:         0       6       0       0       0       0       0       0       0       0       0       0       
      +0       0       0       0       0
  3296 ;;      Locals:         2       0       0       0       0       0       0       0       0       0       0       0       
      +0       0       0       0       0
  3297 ;;      Temps:          0       0       0       0       0       0       0       0       0       0       0       0       
      +0       0       0       0       0
  3298 ;;      Totals:         2       6       0       0       0       0       0       0       0       0       0       0       
      +0       0       0       0       0
  3299 ;;Total ram usage:        8 bytes
  3300 ;; Hardware stack levels used: 1
  3301 ;; Hardware stack levels required when called: 9
  3302 ;; This function calls:
  3303 ;;		_vfprintf
  3304 ;; This function is called by:
  3305 ;;		_main
  3306 ;; This function uses a non-reentrant model
  3307 ;;
  3308                           
  3309                           	psect	text6
  3310  001D66                     __ptext6:
  3311                           	callstack 0
  3312  001D66                     _printf:
  3313                           	callstack 21
  3314  001D66  0E7A               	movlw	low (?_printf+2)
  3315  001D68  6E4D               	movwf	printf@ap^0,c
  3316  001D6A  0E00               	movlw	high (?_printf+2)
  3317  001D6C  6E4E               	movwf	(printf@ap+1)^0,c
  3318  001D6E  0E00               	movlw	0
  3319  001D70  0100               	movlb	0	; () banked
  3320  001D72  6F72               	movwf	vfprintf@fp& (0+255),b
  3321  001D74  0E00               	movlw	0
  3322  001D76  6F73               	movwf	(vfprintf@fp+1)& (0+255),b
  3323  001D78  C078  F074         	movff	printf@fmt,vfprintf@fmt
  3324  001D7C  C079  F075         	movff	printf@fmt+1,vfprintf@fmt+1
  3325  001D80  0E4D               	movlw	low printf@ap
  3326  001D82  6F76               	movwf	vfprintf@ap& (0+255),b
  3327  001D84  0E00               	movlw	high printf@ap
  3328  001D86  6F77               	movwf	(vfprintf@ap+1)& (0+255),b
  3329  001D88  EC91  F00D         	call	_vfprintf	;wreg free
  3330  001D8C  0012               	return		;funcret
  3331  001D8E                     __end_of_printf:
  3332                           	callstack 0
  3333                           
  3334 ;; *************** function _vfprintf *****************
  3335 ;; Defined at:
  3336 ;;		line 1390 in file "C:\Program Files\Microchip\xc8\v2.36\pic\sources\c99\common\doprnt.c"
  3337 ;; Parameters:    Size  Location     Type
  3338 ;;  fp              2   18[BANK0 ] PTR struct _IO_FILE
  3339 ;;		 -> NULL(0), sprintf@f(11), 
  3340 ;;  fmt             2   20[BANK0 ] PTR const unsigned char 
  3341 ;;		 -> STR_15(14), STR_14(16), STR_13(27), STR_12(29), 
  3342 ;;		 -> STR_11(25), STR_10(24), STR_9(28), STR_8(33), 
  3343 ;;		 -> STR_7(4), STR_6(24), STR_5(5), STR_4(23), 
  3344 ;;		 -> STR_3(25), STR_2(24), STR_1(24), 
  3345 ;;  ap              2   22[BANK0 ] PTR PTR void 
  3346 ;;		 -> printf@ap(2), sprintf@ap(2), 
  3347 ;; Auto vars:     Size  Location     Type
  3348 ;;  cfmt            2   74[COMRAM] PTR unsigned char 
  3349 ;;		 -> STR_15(14), STR_14(16), STR_13(27), STR_12(29), 
  3350 ;;		 -> STR_11(25), STR_10(24), STR_9(28), STR_8(33), 
  3351 ;;		 -> STR_7(4), STR_6(24), STR_5(5), STR_4(23), 
  3352 ;;		 -> STR_3(25), STR_2(24), STR_1(24), 
  3353 ;; Return value:  Size  Location     Type
  3354 ;;                  2   18[BANK0 ] int 
  3355 ;; Registers used:
  3356 ;;		wreg, fsr1l, fsr1h, fsr2l, fsr2h, status,2, status,0, tblptrl, tblptrh, tblptru, cstack
  3357 ;; Tracked objects:
  3358 ;;		On entry : 0/0
  3359 ;;		On exit  : 0/0
  3360 ;;		Unchanged: 0/0
  3361 ;; Data sizes:     COMRAM   BANK0   BANK1   BANK2   BANK3   BANK4   BANK5   BANK6   BANK7   BANK8   BANK9  BANK10  BANK1
      +1  BANK12  BANK13  BANK14  BANK15
  3362 ;;      Params:         0       6       0       0       0       0       0       0       0       0       0       0       
      +0       0       0       0       0
  3363 ;;      Locals:         2       0       0       0       0       0       0       0       0       0       0       0       
      +0       0       0       0       0
  3364 ;;      Temps:          0       0       0       0       0       0       0       0       0       0       0       0       
      +0       0       0       0       0
  3365 ;;      Totals:         2       6       0       0       0       0       0       0       0       0       0       0       
      +0       0       0       0       0
  3366 ;;Total ram usage:        8 bytes
  3367 ;; Hardware stack levels used: 1
  3368 ;; Hardware stack levels required when called: 8
  3369 ;; This function calls:
  3370 ;;		_vfpfcnvrt
  3371 ;; This function is called by:
  3372 ;;		_sprintf
  3373 ;;		_printf
  3374 ;; This function uses a non-reentrant model
  3375 ;;
  3376                           
  3377                           	psect	text7
  3378  001B22                     __ptext7:
  3379                           	callstack 0
  3380  001B22                     _vfprintf:
  3381                           	callstack 21
  3382  001B22                     
  3383                           ;C:\Program Files\Microchip\xc8\v2.36\pic\sources\c99\common\doprnt.c: 1390: int vfprint
      +                          f(FILE *fp, const char *fmt, va_list ap);C:\Program Files\Microchip\xc8\v2.36\pic\source
      +                          s\c99\common\doprnt.c: 1391: {;C:\Program Files\Microchip\xc8\v2.36\pic\sources\c99\comm
      +                          on\doprnt.c: 1393:     char *cfmt;;C:\Program Files\Microchip\xc8\v2.36\pic\sources\c99\
      +                          common\doprnt.c: 1395:     cfmt = (char *)fmt;
  3384  001B22  C074  F04B         	movff	vfprintf@fmt,vfprintf@cfmt
  3385  001B26  C075  F04C         	movff	vfprintf@fmt+1,vfprintf@cfmt+1
  3386  001B2A                     
  3387                           ;C:\Program Files\Microchip\xc8\v2.36\pic\sources\c99\common\doprnt.c: 1396:     nout = 
      +                          0;
  3388  001B2A  0E00               	movlw	0
  3389  001B2C  0101               	movlb	1	; () banked
  3390  001B2E  6FD7               	movwf	(_nout+1)& (0+255),b
  3391  001B30  0E00               	movlw	0
  3392  001B32  6FD6               	movwf	_nout& (0+255),b
  3393                           
  3394                           ;C:\Program Files\Microchip\xc8\v2.36\pic\sources\c99\common\doprnt.c: 1397:     while (
      +                          *cfmt) {
  3395  001B34  EFAF  F00D         	goto	l3400
  3396  001B38                     l3398:
  3397                           
  3398                           ; BSR set to: 1
  3399                           ;C:\Program Files\Microchip\xc8\v2.36\pic\sources\c99\common\doprnt.c: 1398:         nou
      +                          t += vfpfcnvrt(fp, &cfmt, ap);
  3400  001B38  C072  F045         	movff	vfprintf@fp,vfpfcnvrt@fp
  3401  001B3C  C073  F046         	movff	vfprintf@fp+1,vfpfcnvrt@fp+1
  3402  001B40  0E4B               	movlw	low vfprintf@cfmt
  3403  001B42  6E47               	movwf	vfpfcnvrt@fmt^0,c
  3404  001B44  0E00               	movlw	high vfprintf@cfmt
  3405  001B46  6E48               	movwf	(vfpfcnvrt@fmt+1)^0,c
  3406  001B48  C076  F049         	movff	vfprintf@ap,vfpfcnvrt@ap
  3407  001B4C  C077  F04A         	movff	vfprintf@ap+1,vfpfcnvrt@ap+1
  3408  001B50  EC11  F006         	call	_vfpfcnvrt	;wreg free
  3409  001B54  5045               	movf	?_vfpfcnvrt^0,w,c
  3410  001B56  0101               	movlb	1	; () banked
  3411  001B58  27D6               	addwf	_nout& (0+255),f,b
  3412  001B5A  5046               	movf	(?_vfpfcnvrt+1)^0,w,c
  3413  001B5C  23D7               	addwfc	(_nout+1)& (0+255),f,b
  3414  001B5E                     l3400:
  3415                           
  3416                           ; BSR set to: 1
  3417                           ;C:\Program Files\Microchip\xc8\v2.36\pic\sources\c99\common\doprnt.c: 1397:     while (
      +                          *cfmt) {
  3418  001B5E  C04B  FFF6         	movff	vfprintf@cfmt,tblptrl
  3419  001B62  C04C  FFF7         	movff	vfprintf@cfmt+1,tblptrh
  3420  001B66                     	if	0	;tblptru may be non-zero
  3421  001B66                     	endif
  3422  001B66                     	if	0	;tblptru may be non-zero
  3423  001B66                     	endif
  3424  001B66  0008               	tblrd		*
  3425  001B68  50F5               	movf	tablat,w,c
  3426  001B6A  0900               	iorlw	0
  3427  001B6C  A4D8               	btfss	status,2,c
  3428  001B6E  EFBB  F00D         	goto	u3611
  3429  001B72  EFBD  F00D         	goto	u3610
  3430  001B76                     u3611:
  3431  001B76  EF9C  F00D         	goto	l3398
  3432  001B7A                     u3610:
  3433  001B7A                     
  3434                           ; BSR set to: 1
  3435                           ;C:\Program Files\Microchip\xc8\v2.36\pic\sources\c99\common\doprnt.c: 1400:     return 
      +                          nout;
  3436  001B7A  C1D6  F072         	movff	_nout,?_vfprintf
  3437  001B7E  C1D7  F073         	movff	_nout+1,?_vfprintf+1
  3438  001B82                     
  3439                           ; BSR set to: 1
  3440  001B82  0012               	return		;funcret
  3441  001B84                     __end_of_vfprintf:
  3442                           	callstack 0
  3443                           
  3444 ;; *************** function _vfpfcnvrt *****************
  3445 ;; Defined at:
  3446 ;;		line 692 in file "C:\Program Files\Microchip\xc8\v2.36\pic\sources\c99\common\doprnt.c"
  3447 ;; Parameters:    Size  Location     Type
  3448 ;;  fp              2   68[COMRAM] PTR struct _IO_FILE
  3449 ;;		 -> NULL(0), sprintf@f(11), 
  3450 ;;  fmt             2   70[COMRAM] PTR PTR unsigned char 
  3451 ;;		 -> vfprintf@cfmt(2), 
  3452 ;;  ap              2   72[COMRAM] PTR PTR void 
  3453 ;;		 -> printf@ap(2), sprintf@ap(2), 
  3454 ;; Auto vars:     Size  Location     Type
  3455 ;;  llu             8   10[BANK0 ] unsigned long long 
  3456 ;;  ll              8    0        long long 
  3457 ;;  f               4    0        long long 
  3458 ;;  vp              3    0        PTR void 
  3459 ;;  ct              3    0        unsigned char [3]
  3460 ;;  cp              2    6[BANK0 ] PTR unsigned char 
  3461 ;;		 -> ?_printf(2), ?_sprintf(2), main@cursor(3), main@menu_names(35), 
  3462 ;;  i               2    0        int 
  3463 ;;  done            2    0        int 
  3464 ;;  c               1    0        unsigned char 
  3465 ;; Return value:  Size  Location     Type
  3466 ;;                  2   68[COMRAM] int 
  3467 ;; Registers used:
  3468 ;;		wreg, fsr1l, fsr1h, fsr2l, fsr2h, status,2, status,0, tblptrl, tblptrh, tblptru, cstack
  3469 ;; Tracked objects:
  3470 ;;		On entry : 0/0
  3471 ;;		On exit  : 0/0
  3472 ;;		Unchanged: 0/0
  3473 ;; Data sizes:     COMRAM   BANK0   BANK1   BANK2   BANK3   BANK4   BANK5   BANK6   BANK7   BANK8   BANK9  BANK10  BANK1
      +1  BANK12  BANK13  BANK14  BANK15
  3474 ;;      Params:         6       0       0       0       0       0       0       0       0       0       0       0       
      +0       0       0       0       0
  3475 ;;      Locals:         0      12       0       0       0       0       0       0       0       0       0       0       
      +0       0       0       0       0
  3476 ;;      Temps:          0       6       0       0       0       0       0       0       0       0       0       0       
      +0       0       0       0       0
  3477 ;;      Totals:         6      18       0       0       0       0       0       0       0       0       0       0       
      +0       0       0       0       0
  3478 ;;Total ram usage:       24 bytes
  3479 ;; Hardware stack levels used: 1
  3480 ;; Hardware stack levels required when called: 7
  3481 ;; This function calls:
  3482 ;;		_fputc
  3483 ;;		_stoa
  3484 ;;		_strncmp
  3485 ;;		_utoa
  3486 ;; This function is called by:
  3487 ;;		_vfprintf
  3488 ;; This function uses a non-reentrant model
  3489 ;;
  3490                           
  3491                           	psect	text8
  3492  000C22                     __ptext8:
  3493                           	callstack 0
  3494  000C22                     _vfpfcnvrt:
  3495                           	callstack 21
  3496  000C22                     
  3497                           ;C:\Program Files\Microchip\xc8\v2.36\pic\sources\c99\common\doprnt.c: 692: static int v
      +                          fpfcnvrt(FILE *fp, char *fmt[], va_list ap);C:\Program Files\Microchip\xc8\v2.36\pic\sou
      +                          rces\c99\common\doprnt.c: 693: {;C:\Program Files\Microchip\xc8\v2.36\pic\sources\c99\co
      +                          mmon\doprnt.c: 694:     char c, *cp, ct[3];;C:\Program Files\Microchip\xc8\v2.36\pic\sou
      +                          rces\c99\common\doprnt.c: 695:     int done, i;;C:\Program Files\Microchip\xc8\v2.36\pic
      +                          \sources\c99\common\doprnt.c: 696:     long long ll;;C:\Program Files\Microchip\xc8\v2.3
      +                          6\pic\sources\c99\common\doprnt.c: 697:     unsigned long long llu;
  3498  000C22  C047  FFD9         	movff	vfpfcnvrt@fmt,fsr2l
  3499  000C26  C048  FFDA         	movff	vfpfcnvrt@fmt+1,fsr2h
  3500  000C2A  CFDE FFF6          	movff	postinc2,tblptrl
  3501  000C2E  CFDD FFF7          	movff	postdec2,tblptrh
  3502  000C32                     	if	0	;tblptru may be non-zero
  3503  000C32                     	endif
  3504  000C32                     	if	0	;tblptru may be non-zero
  3505  000C32                     	endif
  3506  000C32  0008               	tblrd		*
  3507  000C34  50F5               	movf	tablat,w,c
  3508  000C36  0A25               	xorlw	37
  3509  000C38  A4D8               	btfss	status,2,c
  3510  000C3A  EF21  F006         	goto	u3501
  3511  000C3E  EF23  F006         	goto	u3500
  3512  000C42                     u3501:
  3513  000C42  EF80  F007         	goto	l3374
  3514  000C46                     u3500:
  3515  000C46                     
  3516                           ;C:\Program Files\Microchip\xc8\v2.36\pic\sources\c99\common\doprnt.c: 703:         ++*f
      +                          mt;
  3517  000C46  C047  FFD9         	movff	vfpfcnvrt@fmt,fsr2l
  3518  000C4A  C048  FFDA         	movff	vfpfcnvrt@fmt+1,fsr2h
  3519  000C4E  2ADE               	incf	postinc2,f,c
  3520  000C50  0E00               	movlw	0
  3521  000C52  22DD               	addwfc	postdec2,f,c
  3522  000C54                     
  3523                           ;C:\Program Files\Microchip\xc8\v2.36\pic\sources\c99\common\doprnt.c: 705:         flag
      +                          s = width = 0;
  3524  000C54  0E00               	movlw	0
  3525  000C56  0101               	movlb	1	; () banked
  3526  000C58  6FD9               	movwf	(_width+1)& (0+255),b
  3527  000C5A  0E00               	movlw	0
  3528  000C5C  6FD8               	movwf	_width& (0+255),b
  3529  000C5E  C1D8  F04F         	movff	_width,_flags
  3530  000C62  C1D9  F050         	movff	_width+1,_flags+1
  3531  000C66                     
  3532                           ; BSR set to: 1
  3533                           ;C:\Program Files\Microchip\xc8\v2.36\pic\sources\c99\common\doprnt.c: 706:         prec
      +                           = -1;
  3534  000C66  69DA               	setf	_prec& (0+255),b
  3535  000C68  69DB               	setf	(_prec+1)& (0+255),b
  3536  000C6A                     
  3537                           ; BSR set to: 1
  3538                           ;C:\Program Files\Microchip\xc8\v2.36\pic\sources\c99\common\doprnt.c: 1171:         if 
      +                          (*fmt[0] == 's' || !strncmp(*fmt, "lls", ((sizeof("lls")/sizeof("lls"[0]))-1))) {
  3539  000C6A  C047  FFD9         	movff	vfpfcnvrt@fmt,fsr2l
  3540  000C6E  C048  FFDA         	movff	vfpfcnvrt@fmt+1,fsr2h
  3541  000C72  CFDE FFF6          	movff	postinc2,tblptrl
  3542  000C76  CFDD FFF7          	movff	postdec2,tblptrh
  3543  000C7A                     	if	0	;tblptru may be non-zero
  3544  000C7A                     	endif
  3545  000C7A                     	if	0	;tblptru may be non-zero
  3546  000C7A                     	endif
  3547  000C7A  0008               	tblrd		*
  3548  000C7C  50F5               	movf	tablat,w,c
  3549  000C7E  0A73               	xorlw	115
  3550  000C80  B4D8               	btfsc	status,2,c
  3551  000C82  EF45  F006         	goto	u3511
  3552  000C86  EF47  F006         	goto	u3510
  3553  000C8A                     u3511:
  3554  000C8A  EF62  F006         	goto	l3328
  3555  000C8E                     u3510:
  3556  000C8E                     
  3557                           ; BSR set to: 1
  3558  000C8E  C047  FFD9         	movff	vfpfcnvrt@fmt,fsr2l
  3559  000C92  C048  FFDA         	movff	vfpfcnvrt@fmt+1,fsr2h
  3560  000C96  CFDE F009          	movff	postinc2,strncmp@_l
  3561  000C9A  CFDD F00A          	movff	postdec2,strncmp@_l+1
  3562  000C9E  0EF4               	movlw	low STR_16
  3563  000CA0  6E0B               	movwf	strncmp@_r^0,c
  3564  000CA2  0EFF               	movlw	high STR_16
  3565  000CA4  6E0C               	movwf	(strncmp@_r+1)^0,c
  3566  000CA6  0E00               	movlw	0
  3567  000CA8  6E0E               	movwf	(strncmp@n+1)^0,c
  3568  000CAA  0E03               	movlw	3
  3569  000CAC  6E0D               	movwf	strncmp@n^0,c
  3570  000CAE  ECD5  F009         	call	_strncmp	;wreg free
  3571  000CB2  5009               	movf	?_strncmp^0,w,c
  3572  000CB4  100A               	iorwf	(?_strncmp+1)^0,w,c
  3573  000CB6  A4D8               	btfss	status,2,c
  3574  000CB8  EF60  F006         	goto	u3521
  3575  000CBC  EF62  F006         	goto	u3520
  3576  000CC0                     u3521:
  3577  000CC0  EFAC  F006         	goto	l3342
  3578  000CC4                     u3520:
  3579  000CC4                     l3328:
  3580                           
  3581                           ;C:\Program Files\Microchip\xc8\v2.36\pic\sources\c99\common\doprnt.c: 1173:    *fmt += 
      +                          *fmt[0] == 's' ? 1 : ((sizeof("lls")/sizeof("lls"[0]))-1);
  3582  000CC4  C047  FFD9         	movff	vfpfcnvrt@fmt,fsr2l
  3583  000CC8  C048  FFDA         	movff	vfpfcnvrt@fmt+1,fsr2h
  3584  000CCC  CFDE FFF6          	movff	postinc2,tblptrl
  3585  000CD0  CFDD FFF7          	movff	postdec2,tblptrh
  3586  000CD4                     	if	0	;tblptru may be non-zero
  3587  000CD4                     	endif
  3588  000CD4                     	if	0	;tblptru may be non-zero
  3589  000CD4                     	endif
  3590  000CD4  0008               	tblrd		*
  3591  000CD6  50F5               	movf	tablat,w,c
  3592  000CD8  0A73               	xorlw	115
  3593  000CDA  B4D8               	btfsc	status,2,c
  3594  000CDC  EF72  F006         	goto	u3531
  3595  000CE0  EF74  F006         	goto	u3530
  3596  000CE4                     u3531:
  3597  000CE4  EF7B  F006         	goto	l3332
  3598  000CE8                     u3530:
  3599  000CE8  0E00               	movlw	0
  3600  000CEA  0100               	movlb	0	; () banked
  3601  000CEC  6F69               	movwf	(_vfpfcnvrt$2669+1)& (0+255),b
  3602  000CEE  0E03               	movlw	3
  3603  000CF0  6F68               	movwf	_vfpfcnvrt$2669& (0+255),b
  3604  000CF2  EF80  F006         	goto	l3334
  3605  000CF6                     l3332:
  3606  000CF6  0E00               	movlw	0
  3607  000CF8  0100               	movlb	0	; () banked
  3608  000CFA  6F69               	movwf	(_vfpfcnvrt$2669+1)& (0+255),b
  3609  000CFC  0E01               	movlw	1
  3610  000CFE  6F68               	movwf	_vfpfcnvrt$2669& (0+255),b
  3611  000D00                     l3334:
  3612                           
  3613                           ; BSR set to: 0
  3614  000D00  C047  FFD9         	movff	vfpfcnvrt@fmt,fsr2l
  3615  000D04  C048  FFDA         	movff	vfpfcnvrt@fmt+1,fsr2h
  3616  000D08  5168               	movf	_vfpfcnvrt$2669& (0+255),w,b
  3617  000D0A  26DE               	addwf	postinc2,f,c
  3618  000D0C  5169               	movf	(_vfpfcnvrt$2669+1)& (0+255),w,b
  3619  000D0E  22DD               	addwfc	postdec2,f,c
  3620  000D10                     
  3621                           ; BSR set to: 0
  3622                           ;C:\Program Files\Microchip\xc8\v2.36\pic\sources\c99\common\doprnt.c: 1174:            
      +                           cp = (*(char * *)__va_arg(*(char * **)ap, (char *)0));
  3623  000D10  C049  FFD9         	movff	vfpfcnvrt@ap,fsr2l
  3624  000D14  C04A  FFDA         	movff	vfpfcnvrt@ap+1,fsr2h
  3625  000D18  CFDF F060          	movff	indf2,??_vfpfcnvrt
  3626  000D1C  0E02               	movlw	2
  3627  000D1E  26DE               	addwf	postinc2,f,c
  3628  000D20  CFDF F061          	movff	indf2,??_vfpfcnvrt+1
  3629  000D24  0E00               	movlw	0
  3630  000D26  22DD               	addwfc	postdec2,f,c
  3631  000D28  C060  FFD9         	movff	??_vfpfcnvrt,fsr2l
  3632  000D2C  C061  FFDA         	movff	??_vfpfcnvrt+1,fsr2h
  3633  000D30  CFDE F066          	movff	postinc2,vfpfcnvrt@cp
  3634  000D34  CFDD F067          	movff	postdec2,vfpfcnvrt@cp+1
  3635  000D38                     
  3636                           ; BSR set to: 0
  3637                           ;C:\Program Files\Microchip\xc8\v2.36\pic\sources\c99\common\doprnt.c: 1176:            
      +                           return stoa(fp, cp);
  3638  000D38  C045  F013         	movff	vfpfcnvrt@fp,stoa@fp
  3639  000D3C  C046  F014         	movff	vfpfcnvrt@fp+1,stoa@fp+1
  3640  000D40  C066  F015         	movff	vfpfcnvrt@cp,stoa@s
  3641  000D44  C067  F016         	movff	vfpfcnvrt@cp+1,stoa@s+1
  3642  000D48  EC9C  F008         	call	_stoa	;wreg free
  3643  000D4C  C013  F045         	movff	?_stoa,?_vfpfcnvrt
  3644  000D50  C014  F046         	movff	?_stoa+1,?_vfpfcnvrt+1
  3645  000D54  EF9B  F007         	goto	l1155
  3646  000D58                     l3342:
  3647                           
  3648                           ;C:\Program Files\Microchip\xc8\v2.36\pic\sources\c99\common\doprnt.c: 1204:         if 
      +                          (*fmt[0] == 'u') {
  3649  000D58  C047  FFD9         	movff	vfpfcnvrt@fmt,fsr2l
  3650  000D5C  C048  FFDA         	movff	vfpfcnvrt@fmt+1,fsr2h
  3651  000D60  CFDE FFF6          	movff	postinc2,tblptrl
  3652  000D64  CFDD FFF7          	movff	postdec2,tblptrh
  3653  000D68                     	if	0	;tblptru may be non-zero
  3654  000D68                     	endif
  3655  000D68                     	if	0	;tblptru may be non-zero
  3656  000D68                     	endif
  3657  000D68  0008               	tblrd		*
  3658  000D6A  50F5               	movf	tablat,w,c
  3659  000D6C  0A75               	xorlw	117
  3660  000D6E  A4D8               	btfss	status,2,c
  3661  000D70  EFBC  F006         	goto	u3541
  3662  000D74  EFBE  F006         	goto	u3540
  3663  000D78                     u3541:
  3664  000D78  EF00  F007         	goto	l3350
  3665  000D7C                     u3540:
  3666  000D7C                     
  3667                           ;C:\Program Files\Microchip\xc8\v2.36\pic\sources\c99\common\doprnt.c: 1206:            
      +                           ++*fmt;
  3668  000D7C  C047  FFD9         	movff	vfpfcnvrt@fmt,fsr2l
  3669  000D80  C048  FFDA         	movff	vfpfcnvrt@fmt+1,fsr2h
  3670  000D84  2ADE               	incf	postinc2,f,c
  3671  000D86  0E00               	movlw	0
  3672  000D88  22DD               	addwfc	postdec2,f,c
  3673                           
  3674                           ;C:\Program Files\Microchip\xc8\v2.36\pic\sources\c99\common\doprnt.c: 1207:            
      +                           llu = (unsigned long long)(*(unsigned int *)__va_arg(*(unsigned int **)ap, (unsigned in
      +                          t)0));
  3675  000D8A  C049  FFD9         	movff	vfpfcnvrt@ap,fsr2l
  3676  000D8E  C04A  FFDA         	movff	vfpfcnvrt@ap+1,fsr2h
  3677  000D92  CFDF F060          	movff	indf2,??_vfpfcnvrt
  3678  000D96  0E02               	movlw	2
  3679  000D98  26DE               	addwf	postinc2,f,c
  3680  000D9A  CFDF F061          	movff	indf2,??_vfpfcnvrt+1
  3681  000D9E  0E00               	movlw	0
  3682  000DA0  22DD               	addwfc	postdec2,f,c
  3683  000DA2  C060  FFD9         	movff	??_vfpfcnvrt,fsr2l
  3684  000DA6  C061  FFDA         	movff	??_vfpfcnvrt+1,fsr2h
  3685  000DAA  CFDE F062          	movff	postinc2,??_vfpfcnvrt+2
  3686  000DAE  CFDD F063          	movff	postdec2,??_vfpfcnvrt+3
  3687  000DB2  C062  F06A         	movff	??_vfpfcnvrt+2,vfpfcnvrt@llu
  3688  000DB6  C063  F06B         	movff	??_vfpfcnvrt+3,vfpfcnvrt@llu+1
  3689  000DBA  0100               	movlb	0	; () banked
  3690  000DBC  6B6C               	clrf	(vfpfcnvrt@llu+2)& (0+255),b
  3691  000DBE  6B6D               	clrf	(vfpfcnvrt@llu+3)& (0+255),b
  3692  000DC0  6B6E               	clrf	(vfpfcnvrt@llu+4)& (0+255),b
  3693  000DC2  6B6F               	clrf	(vfpfcnvrt@llu+5)& (0+255),b
  3694  000DC4  6B70               	clrf	(vfpfcnvrt@llu+6)& (0+255),b
  3695  000DC6  6B71               	clrf	(vfpfcnvrt@llu+7)& (0+255),b
  3696  000DC8                     l3346:
  3697                           
  3698                           ; BSR set to: 0
  3699                           ;C:\Program Files\Microchip\xc8\v2.36\pic\sources\c99\common\doprnt.c: 1209:            
      +                           return utoa(fp, llu);
  3700  000DC8  C045  F025         	movff	vfpfcnvrt@fp,utoa@fp
  3701  000DCC  C046  F026         	movff	vfpfcnvrt@fp+1,utoa@fp+1
  3702  000DD0  C06A  F027         	movff	vfpfcnvrt@llu,utoa@d
  3703  000DD4  C06B  F028         	movff	vfpfcnvrt@llu+1,utoa@d+1
  3704  000DD8  C06C  F029         	movff	vfpfcnvrt@llu+2,utoa@d+2
  3705  000DDC  C06D  F02A         	movff	vfpfcnvrt@llu+3,utoa@d+3
  3706  000DE0  C06E  F02B         	movff	vfpfcnvrt@llu+4,utoa@d+4
  3707  000DE4  C06F  F02C         	movff	vfpfcnvrt@llu+5,utoa@d+5
  3708  000DE8  C070  F02D         	movff	vfpfcnvrt@llu+6,utoa@d+6
  3709  000DEC  C071  F02E         	movff	vfpfcnvrt@llu+7,utoa@d+7
  3710  000DF0  EC9C  F007         	call	_utoa	;wreg free
  3711  000DF4  C025  F045         	movff	?_utoa,?_vfpfcnvrt
  3712  000DF8  C026  F046         	movff	?_utoa+1,?_vfpfcnvrt+1
  3713  000DFC  EF9B  F007         	goto	l1155
  3714  000E00                     l3350:
  3715                           
  3716                           ;C:\Program Files\Microchip\xc8\v2.36\pic\sources\c99\common\doprnt.c: 1214:         if 
      +                          (!strncmp(*fmt, "lu", ((sizeof("lu")/sizeof("lu"[0]))-1))) {
  3717  000E00  C047  FFD9         	movff	vfpfcnvrt@fmt,fsr2l
  3718  000E04  C048  FFDA         	movff	vfpfcnvrt@fmt+1,fsr2h
  3719  000E08  CFDE F009          	movff	postinc2,strncmp@_l
  3720  000E0C  CFDD F00A          	movff	postdec2,strncmp@_l+1
  3721  000E10  0EFC               	movlw	low STR_21
  3722  000E12  6E0B               	movwf	strncmp@_r^0,c
  3723  000E14  0EFF               	movlw	high STR_21
  3724  000E16  6E0C               	movwf	(strncmp@_r+1)^0,c
  3725  000E18  0E00               	movlw	0
  3726  000E1A  6E0E               	movwf	(strncmp@n+1)^0,c
  3727  000E1C  0E02               	movlw	2
  3728  000E1E  6E0D               	movwf	strncmp@n^0,c
  3729  000E20  ECD5  F009         	call	_strncmp	;wreg free
  3730  000E24  5009               	movf	?_strncmp^0,w,c
  3731  000E26  100A               	iorwf	(?_strncmp+1)^0,w,c
  3732  000E28  A4D8               	btfss	status,2,c
  3733  000E2A  EF19  F007         	goto	u3551
  3734  000E2E  EF1B  F007         	goto	u3550
  3735  000E32                     u3551:
  3736  000E32  EF4A  F007         	goto	l3358
  3737  000E36                     u3550:
  3738  000E36                     
  3739                           ;C:\Program Files\Microchip\xc8\v2.36\pic\sources\c99\common\doprnt.c: 1216:            
      +                           *fmt += ((sizeof("lu")/sizeof("lu"[0]))-1);
  3740  000E36  0E02               	movlw	2
  3741  000E38  C047  FFD9         	movff	vfpfcnvrt@fmt,fsr2l
  3742  000E3C  C048  FFDA         	movff	vfpfcnvrt@fmt+1,fsr2h
  3743  000E40  26DE               	addwf	postinc2,f,c
  3744  000E42  0E00               	movlw	0
  3745  000E44  22DD               	addwfc	postdec2,f,c
  3746                           
  3747                           ;C:\Program Files\Microchip\xc8\v2.36\pic\sources\c99\common\doprnt.c: 1217:            
      +                           llu = (unsigned long long)(*(unsigned long *)__va_arg(*(unsigned long **)ap, (unsigned 
      +                          long)0));
  3748  000E46  C049  FFD9         	movff	vfpfcnvrt@ap,fsr2l
  3749  000E4A  C04A  FFDA         	movff	vfpfcnvrt@ap+1,fsr2h
  3750  000E4E  CFDF F060          	movff	indf2,??_vfpfcnvrt
  3751  000E52  0E04               	movlw	4
  3752  000E54  26DE               	addwf	postinc2,f,c
  3753  000E56  CFDF F061          	movff	indf2,??_vfpfcnvrt+1
  3754  000E5A  0E00               	movlw	0
  3755  000E5C  22DD               	addwfc	postdec2,f,c
  3756  000E5E  C060  FFD9         	movff	??_vfpfcnvrt,fsr2l
  3757  000E62  C061  FFDA         	movff	??_vfpfcnvrt+1,fsr2h
  3758  000E66  CFDE F062          	movff	postinc2,??_vfpfcnvrt+2
  3759  000E6A  CFDE F063          	movff	postinc2,??_vfpfcnvrt+3
  3760  000E6E  CFDE F064          	movff	postinc2,??_vfpfcnvrt+4
  3761  000E72  CFDE F065          	movff	postinc2,??_vfpfcnvrt+5
  3762  000E76  0100               	movlb	0	; () banked
  3763  000E78  5162               	movf	(??_vfpfcnvrt+2)& (0+255),w,b
  3764  000E7A  6F6A               	movwf	vfpfcnvrt@llu& (0+255),b
  3765  000E7C  5163               	movf	(??_vfpfcnvrt+3)& (0+255),w,b
  3766  000E7E  6F6B               	movwf	(vfpfcnvrt@llu+1)& (0+255),b
  3767  000E80  5164               	movf	(??_vfpfcnvrt+4)& (0+255),w,b
  3768  000E82  6F6C               	movwf	(vfpfcnvrt@llu+2)& (0+255),b
  3769  000E84  5165               	movf	(??_vfpfcnvrt+5)& (0+255),w,b
  3770  000E86  6F6D               	movwf	(vfpfcnvrt@llu+3)& (0+255),b
  3771  000E88  6B6E               	clrf	(vfpfcnvrt@llu+4)& (0+255),b
  3772  000E8A  6B6F               	clrf	(vfpfcnvrt@llu+5)& (0+255),b
  3773  000E8C  6B70               	clrf	(vfpfcnvrt@llu+6)& (0+255),b
  3774  000E8E  6B71               	clrf	(vfpfcnvrt@llu+7)& (0+255),b
  3775  000E90  EFE4  F006         	goto	l3346
  3776  000E94                     l3358:
  3777                           
  3778                           ;C:\Program Files\Microchip\xc8\v2.36\pic\sources\c99\common\doprnt.c: 1372:         if 
      +                          ((*fmt)[0] == '%') {
  3779  000E94  C047  FFD9         	movff	vfpfcnvrt@fmt,fsr2l
  3780  000E98  C048  FFDA         	movff	vfpfcnvrt@fmt+1,fsr2h
  3781  000E9C  CFDE FFF6          	movff	postinc2,tblptrl
  3782  000EA0  CFDD FFF7          	movff	postdec2,tblptrh
  3783  000EA4                     	if	0	;tblptru may be non-zero
  3784  000EA4                     	endif
  3785  000EA4                     	if	0	;tblptru may be non-zero
  3786  000EA4                     	endif
  3787  000EA4  0008               	tblrd		*
  3788  000EA6  50F5               	movf	tablat,w,c
  3789  000EA8  0A25               	xorlw	37
  3790  000EAA  A4D8               	btfss	status,2,c
  3791  000EAC  EF5A  F007         	goto	u3561
  3792  000EB0  EF5C  F007         	goto	u3560
  3793  000EB4                     u3561:
  3794  000EB4  EF73  F007         	goto	l3368
  3795  000EB8                     u3560:
  3796  000EB8                     
  3797                           ;C:\Program Files\Microchip\xc8\v2.36\pic\sources\c99\common\doprnt.c: 1373:            
      +                           ++*fmt;
  3798  000EB8  C047  FFD9         	movff	vfpfcnvrt@fmt,fsr2l
  3799  000EBC  C048  FFDA         	movff	vfpfcnvrt@fmt+1,fsr2h
  3800  000EC0  2ADE               	incf	postinc2,f,c
  3801  000EC2  0E00               	movlw	0
  3802  000EC4  22DD               	addwfc	postdec2,f,c
  3803  000EC6                     
  3804                           ;C:\Program Files\Microchip\xc8\v2.36\pic\sources\c99\common\doprnt.c: 1374:            
      +                           fputc((int)'%', fp);
  3805  000EC6  0E00               	movlw	0
  3806  000EC8  6E0B               	movwf	(fputc@c+1)^0,c
  3807  000ECA  0E25               	movlw	37
  3808  000ECC  6E0A               	movwf	fputc@c^0,c
  3809  000ECE  C045  F00C         	movff	vfpfcnvrt@fp,fputc@fp
  3810  000ED2  C046  F00D         	movff	vfpfcnvrt@fp+1,fputc@fp+1
  3811  000ED6  EC19  F00B         	call	_fputc	;wreg free
  3812  000EDA                     l3364:
  3813                           
  3814                           ;C:\Program Files\Microchip\xc8\v2.36\pic\sources\c99\common\doprnt.c: 1375:            
      +                           return 1;
  3815  000EDA  0E00               	movlw	0
  3816  000EDC  6E46               	movwf	(?_vfpfcnvrt+1)^0,c
  3817  000EDE  0E01               	movlw	1
  3818  000EE0  6E45               	movwf	?_vfpfcnvrt^0,c
  3819  000EE2  EF9B  F007         	goto	l1155
  3820  000EE6                     l3368:
  3821                           
  3822                           ;C:\Program Files\Microchip\xc8\v2.36\pic\sources\c99\common\doprnt.c: 1379:         ++*
      +                          fmt;
  3823  000EE6  C047  FFD9         	movff	vfpfcnvrt@fmt,fsr2l
  3824  000EEA  C048  FFDA         	movff	vfpfcnvrt@fmt+1,fsr2h
  3825  000EEE  2ADE               	incf	postinc2,f,c
  3826  000EF0  0E00               	movlw	0
  3827  000EF2  22DD               	addwfc	postdec2,f,c
  3828  000EF4                     
  3829                           ;C:\Program Files\Microchip\xc8\v2.36\pic\sources\c99\common\doprnt.c: 1380:         ret
      +                          urn 0;
  3830  000EF4  0E00               	movlw	0
  3831  000EF6  6E46               	movwf	(?_vfpfcnvrt+1)^0,c
  3832  000EF8  0E00               	movlw	0
  3833  000EFA  6E45               	movwf	?_vfpfcnvrt^0,c
  3834  000EFC  EF9B  F007         	goto	l1155
  3835  000F00                     l3374:
  3836                           
  3837                           ;C:\Program Files\Microchip\xc8\v2.36\pic\sources\c99\common\doprnt.c: 1384:     fputc((
      +                          int)(*fmt)[0], fp);
  3838  000F00  C047  FFD9         	movff	vfpfcnvrt@fmt,fsr2l
  3839  000F04  C048  FFDA         	movff	vfpfcnvrt@fmt+1,fsr2h
  3840  000F08  CFDE FFF6          	movff	postinc2,tblptrl
  3841  000F0C  CFDD FFF7          	movff	postdec2,tblptrh
  3842  000F10                     	if	0	;tblptru may be non-zero
  3843  000F10                     	endif
  3844  000F10                     	if	0	;tblptru may be non-zero
  3845  000F10                     	endif
  3846  000F10  0008               	tblrd		*
  3847  000F12  50F5               	movf	tablat,w,c
  3848  000F14  6E0A               	movwf	fputc@c^0,c
  3849  000F16  6A0B               	clrf	(fputc@c+1)^0,c
  3850  000F18  C045  F00C         	movff	vfpfcnvrt@fp,fputc@fp
  3851  000F1C  C046  F00D         	movff	vfpfcnvrt@fp+1,fputc@fp+1
  3852  000F20  EC19  F00B         	call	_fputc	;wreg free
  3853  000F24                     
  3854                           ;C:\Program Files\Microchip\xc8\v2.36\pic\sources\c99\common\doprnt.c: 1385:     ++*fmt;
  3855  000F24  C047  FFD9         	movff	vfpfcnvrt@fmt,fsr2l
  3856  000F28  C048  FFDA         	movff	vfpfcnvrt@fmt+1,fsr2h
  3857  000F2C  2ADE               	incf	postinc2,f,c
  3858  000F2E  0E00               	movlw	0
  3859  000F30  22DD               	addwfc	postdec2,f,c
  3860  000F32  EF6D  F007         	goto	l3364
  3861  000F36                     l1155:
  3862  000F36  0012               	return		;funcret
  3863  000F38                     __end_of_vfpfcnvrt:
  3864                           	callstack 0
  3865                           
  3866 ;; *************** function _utoa *****************
  3867 ;; Defined at:
  3868 ;;		line 615 in file "C:\Program Files\Microchip\xc8\v2.36\pic\sources\c99\common\doprnt.c"
  3869 ;; Parameters:    Size  Location     Type
  3870 ;;  fp              2   36[COMRAM] PTR struct _IO_FILE
  3871 ;;		 -> NULL(0), sprintf@f(11), 
  3872 ;;  d               8   38[COMRAM] unsigned long long 
  3873 ;; Auto vars:     Size  Location     Type
  3874 ;;  n               8   58[COMRAM] unsigned long long 
  3875 ;;  i               2   66[COMRAM] int 
  3876 ;;  w               2   56[COMRAM] int 
  3877 ;;  p               2   54[COMRAM] int 
  3878 ;; Return value:  Size  Location     Type
  3879 ;;                  2   36[COMRAM] int 
  3880 ;; Registers used:
  3881 ;;		wreg, fsr1l, fsr1h, fsr2l, fsr2h, status,2, status,0, cstack
  3882 ;; Tracked objects:
  3883 ;;		On entry : 0/0
  3884 ;;		On exit  : 0/0
  3885 ;;		Unchanged: 0/0
  3886 ;; Data sizes:     COMRAM   BANK0   BANK1   BANK2   BANK3   BANK4   BANK5   BANK6   BANK7   BANK8   BANK9  BANK10  BANK1
      +1  BANK12  BANK13  BANK14  BANK15
  3887 ;;      Params:        10       0       0       0       0       0       0       0       0       0       0       0       
      +0       0       0       0       0
  3888 ;;      Locals:        14       0       0       0       0       0       0       0       0       0       0       0       
      +0       0       0       0       0
  3889 ;;      Temps:          8       0       0       0       0       0       0       0       0       0       0       0       
      +0       0       0       0       0
  3890 ;;      Totals:        32       0       0       0       0       0       0       0       0       0       0       0       
      +0       0       0       0       0
  3891 ;;Total ram usage:       32 bytes
  3892 ;; Hardware stack levels used: 1
  3893 ;; Hardware stack levels required when called: 6
  3894 ;; This function calls:
  3895 ;;		___lodiv
  3896 ;;		___lomod
  3897 ;;		_pad
  3898 ;; This function is called by:
  3899 ;;		_vfpfcnvrt
  3900 ;; This function uses a non-reentrant model
  3901 ;;
  3902                           
  3903                           	psect	text9
  3904  000F38                     __ptext9:
  3905                           	callstack 0
  3906  000F38                     _utoa:
  3907                           	callstack 21
  3908  000F38                     
  3909                           ;C:\Program Files\Microchip\xc8\v2.36\pic\sources\c99\common\doprnt.c: 615: static int u
      +                          toa(FILE *fp, unsigned long long d);C:\Program Files\Microchip\xc8\v2.36\pic\sources\c99
      +                          \common\doprnt.c: 616: {;C:\Program Files\Microchip\xc8\v2.36\pic\sources\c99\common\dop
      +                          rnt.c: 617:     int i, p, w;;C:\Program Files\Microchip\xc8\v2.36\pic\sources\c99\common
      +                          \doprnt.c: 618:     unsigned long long n;;C:\Program Files\Microchip\xc8\v2.36\pic\sourc
      +                          es\c99\common\doprnt.c: 621:     if (!(prec < 0)) {
  3910  000F38  0101               	movlb	1	; () banked
  3911  000F3A  BFDB               	btfsc	(_prec+1)& (0+255),7,b
  3912  000F3C  EFA2  F007         	goto	u3381
  3913  000F40  EFA4  F007         	goto	u3380
  3914  000F44                     u3381:
  3915  000F44  EFA5  F007         	goto	l3264
  3916  000F48                     u3380:
  3917  000F48                     
  3918                           ; BSR set to: 1
  3919                           ;C:\Program Files\Microchip\xc8\v2.36\pic\sources\c99\common\doprnt.c: 622:         flag
      +                          s &= ~(1 << 1);
  3920  000F48  924F               	bcf	_flags^0,1,c
  3921  000F4A                     l3264:
  3922                           
  3923                           ; BSR set to: 1
  3924                           ;C:\Program Files\Microchip\xc8\v2.36\pic\sources\c99\common\doprnt.c: 624:     p = (0 <
      +                           prec) ? prec : 1;
  3925  000F4A  BFDB               	btfsc	(_prec+1)& (0+255),7,b
  3926  000F4C  EFB2  F007         	goto	u3390
  3927  000F50  51DB               	movf	(_prec+1)& (0+255),w,b
  3928  000F52  E106               	bnz	u3391
  3929  000F54  05DA               	decf	_prec& (0+255),w,b
  3930  000F56  B0D8               	btfsc	status,0,c
  3931  000F58  EFB0  F007         	goto	u3391
  3932  000F5C  EFB2  F007         	goto	u3390
  3933  000F60                     u3391:
  3934  000F60  EFB8  F007         	goto	l1134
  3935  000F64                     u3390:
  3936  000F64                     
  3937                           ; BSR set to: 1
  3938  000F64  0E00               	movlw	0
  3939  000F66  6E38               	movwf	(utoa@p+1)^0,c
  3940  000F68  0E01               	movlw	1
  3941  000F6A  6E37               	movwf	utoa@p^0,c
  3942  000F6C  EFBC  F007         	goto	l1136
  3943  000F70                     l1134:
  3944                           
  3945                           ; BSR set to: 1
  3946  000F70  C1DA  F037         	movff	_prec,utoa@p
  3947  000F74  C1DB  F038         	movff	_prec+1,utoa@p+1
  3948  000F78                     l1136:
  3949                           
  3950                           ; BSR set to: 1
  3951                           ;C:\Program Files\Microchip\xc8\v2.36\pic\sources\c99\common\doprnt.c: 625:     w = widt
      +                          h;
  3952  000F78  C1D8  F039         	movff	_width,utoa@w
  3953  000F7C  C1D9  F03A         	movff	_width+1,utoa@w+1
  3954                           
  3955                           ;C:\Program Files\Microchip\xc8\v2.36\pic\sources\c99\common\doprnt.c: 628:     n = d;
  3956  000F80  C027  F03B         	movff	utoa@d,utoa@n
  3957  000F84  C028  F03C         	movff	utoa@d+1,utoa@n+1
  3958  000F88  C029  F03D         	movff	utoa@d+2,utoa@n+2
  3959  000F8C  C02A  F03E         	movff	utoa@d+3,utoa@n+3
  3960  000F90  C02B  F03F         	movff	utoa@d+4,utoa@n+4
  3961  000F94  C02C  F040         	movff	utoa@d+5,utoa@n+5
  3962  000F98  C02D  F041         	movff	utoa@d+6,utoa@n+6
  3963  000F9C  C02E  F042         	movff	utoa@d+7,utoa@n+7
  3964  000FA0                     
  3965                           ; BSR set to: 1
  3966                           ;C:\Program Files\Microchip\xc8\v2.36\pic\sources\c99\common\doprnt.c: 629:     i = size
      +                          of(dbuf) - 1;
  3967  000FA0  0E00               	movlw	0
  3968  000FA2  6E44               	movwf	(utoa@i+1)^0,c
  3969  000FA4  0E1F               	movlw	31
  3970  000FA6  6E43               	movwf	utoa@i^0,c
  3971  000FA8                     
  3972                           ; BSR set to: 1
  3973                           ;C:\Program Files\Microchip\xc8\v2.36\pic\sources\c99\common\doprnt.c: 630:     dbuf[i] 
      +                          = '\0';
  3974  000FA8  0E00               	movlw	0
  3975  000FAA  6FFB               	movwf	(_dbuf+31)& (0+255),b
  3976                           
  3977                           ;C:\Program Files\Microchip\xc8\v2.36\pic\sources\c99\common\doprnt.c: 631:     while (i
      +                           && (n || (0 < p) || ((0 < w) && (flags & (1 << 1))))) {
  3978  000FAC  EF4E  F008         	goto	l3282
  3979  000FB0                     l3272:
  3980                           
  3981                           ;C:\Program Files\Microchip\xc8\v2.36\pic\sources\c99\common\doprnt.c: 632:         --i;
  3982  000FB0  0643               	decf	utoa@i^0,f,c
  3983  000FB2  A0D8               	btfss	status,0,c
  3984  000FB4  0644               	decf	(utoa@i+1)^0,f,c
  3985  000FB6                     
  3986                           ;C:\Program Files\Microchip\xc8\v2.36\pic\sources\c99\common\doprnt.c: 633:         dbuf
      +                          [i] = '0' + (n % 10);
  3987  000FB6  0EDC               	movlw	low _dbuf
  3988  000FB8  2443               	addwf	utoa@i^0,w,c
  3989  000FBA  6ED9               	movwf	fsr2l,c
  3990  000FBC  0E01               	movlw	high _dbuf
  3991  000FBE  2044               	addwfc	(utoa@i+1)^0,w,c
  3992  000FC0  6EDA               	movwf	fsr2h,c
  3993  000FC2  C03B  F009         	movff	utoa@n,___lomod@dividend
  3994  000FC6  C03C  F00A         	movff	utoa@n+1,___lomod@dividend+1
  3995  000FCA  C03D  F00B         	movff	utoa@n+2,___lomod@dividend+2
  3996  000FCE  C03E  F00C         	movff	utoa@n+3,___lomod@dividend+3
  3997  000FD2  C03F  F00D         	movff	utoa@n+4,___lomod@dividend+4
  3998  000FD6  C040  F00E         	movff	utoa@n+5,___lomod@dividend+5
  3999  000FDA  C041  F00F         	movff	utoa@n+6,___lomod@dividend+6
  4000  000FDE  C042  F010         	movff	utoa@n+7,___lomod@dividend+7
  4001  000FE2  0E0A               	movlw	10
  4002  000FE4  6E11               	movwf	___lomod@divisor^0,c
  4003  000FE6  0E00               	movlw	0
  4004  000FE8  6E12               	movwf	(___lomod@divisor+1)^0,c
  4005  000FEA  0E00               	movlw	0
  4006  000FEC  6E13               	movwf	(___lomod@divisor+2)^0,c
  4007  000FEE  0E00               	movlw	0
  4008  000FF0  6E14               	movwf	(___lomod@divisor+3)^0,c
  4009  000FF2  0E00               	movlw	0
  4010  000FF4  6E15               	movwf	(___lomod@divisor+4)^0,c
  4011  000FF6  0E00               	movlw	0
  4012  000FF8  6E16               	movwf	(___lomod@divisor+5)^0,c
  4013  000FFA  0E00               	movlw	0
  4014  000FFC  6E17               	movwf	(___lomod@divisor+6)^0,c
  4015  000FFE  0E00               	movlw	0
  4016  001000  6E18               	movwf	(___lomod@divisor+7)^0,c
  4017  001002  ECB1  F00A         	call	___lomod	;wreg free
  4018  001006  C009  F02F         	movff	?___lomod,??_utoa
  4019  00100A  C00A  F030         	movff	?___lomod+1,??_utoa+1
  4020  00100E  C00B  F031         	movff	?___lomod+2,??_utoa+2
  4021  001012  C00C  F032         	movff	?___lomod+3,??_utoa+3
  4022  001016  C00D  F033         	movff	?___lomod+4,??_utoa+4
  4023  00101A  C00E  F034         	movff	?___lomod+5,??_utoa+5
  4024  00101E  C00F  F035         	movff	?___lomod+6,??_utoa+6
  4025  001022  C010  F036         	movff	?___lomod+7,??_utoa+7
  4026  001026  502F               	movf	??_utoa^0,w,c
  4027  001028  0F30               	addlw	48
  4028  00102A  6EDF               	movwf	indf2,c
  4029  00102C                     
  4030                           ;C:\Program Files\Microchip\xc8\v2.36\pic\sources\c99\common\doprnt.c: 634:         --p;
  4031  00102C  0637               	decf	utoa@p^0,f,c
  4032  00102E  A0D8               	btfss	status,0,c
  4033  001030  0638               	decf	(utoa@p+1)^0,f,c
  4034  001032                     
  4035                           ;C:\Program Files\Microchip\xc8\v2.36\pic\sources\c99\common\doprnt.c: 635:         --w;
  4036  001032  0639               	decf	utoa@w^0,f,c
  4037  001034  A0D8               	btfss	status,0,c
  4038  001036  063A               	decf	(utoa@w+1)^0,f,c
  4039  001038                     
  4040                           ;C:\Program Files\Microchip\xc8\v2.36\pic\sources\c99\common\doprnt.c: 636:         n = 
      +                          n / 10;
  4041  001038  C03B  F009         	movff	utoa@n,___lodiv@dividend
  4042  00103C  C03C  F00A         	movff	utoa@n+1,___lodiv@dividend+1
  4043  001040  C03D  F00B         	movff	utoa@n+2,___lodiv@dividend+2
  4044  001044  C03E  F00C         	movff	utoa@n+3,___lodiv@dividend+3
  4045  001048  C03F  F00D         	movff	utoa@n+4,___lodiv@dividend+4
  4046  00104C  C040  F00E         	movff	utoa@n+5,___lodiv@dividend+5
  4047  001050  C041  F00F         	movff	utoa@n+6,___lodiv@dividend+6
  4048  001054  C042  F010         	movff	utoa@n+7,___lodiv@dividend+7
  4049  001058  0E0A               	movlw	10
  4050  00105A  6E11               	movwf	___lodiv@divisor^0,c
  4051  00105C  0E00               	movlw	0
  4052  00105E  6E12               	movwf	(___lodiv@divisor+1)^0,c
  4053  001060  0E00               	movlw	0
  4054  001062  6E13               	movwf	(___lodiv@divisor+2)^0,c
  4055  001064  0E00               	movlw	0
  4056  001066  6E14               	movwf	(___lodiv@divisor+3)^0,c
  4057  001068  0E00               	movlw	0
  4058  00106A  6E15               	movwf	(___lodiv@divisor+4)^0,c
  4059  00106C  0E00               	movlw	0
  4060  00106E  6E16               	movwf	(___lodiv@divisor+5)^0,c
  4061  001070  0E00               	movlw	0
  4062  001072  6E17               	movwf	(___lodiv@divisor+6)^0,c
  4063  001074  0E00               	movlw	0
  4064  001076  6E18               	movwf	(___lodiv@divisor+7)^0,c
  4065  001078  EC5D  F009         	call	___lodiv	;wreg free
  4066  00107C  C009  F03B         	movff	?___lodiv,utoa@n
  4067  001080  C00A  F03C         	movff	?___lodiv+1,utoa@n+1
  4068  001084  C00B  F03D         	movff	?___lodiv+2,utoa@n+2
  4069  001088  C00C  F03E         	movff	?___lodiv+3,utoa@n+3
  4070  00108C  C00D  F03F         	movff	?___lodiv+4,utoa@n+4
  4071  001090  C00E  F040         	movff	?___lodiv+5,utoa@n+5
  4072  001094  C00F  F041         	movff	?___lodiv+6,utoa@n+6
  4073  001098  C010  F042         	movff	?___lodiv+7,utoa@n+7
  4074  00109C                     l3282:
  4075                           
  4076                           ;C:\Program Files\Microchip\xc8\v2.36\pic\sources\c99\common\doprnt.c: 631:     while (i
      +                           && (n || (0 < p) || ((0 < w) && (flags & (1 << 1))))) {
  4077  00109C  5043               	movf	utoa@i^0,w,c
  4078  00109E  1044               	iorwf	(utoa@i+1)^0,w,c
  4079  0010A0  B4D8               	btfsc	status,2,c
  4080  0010A2  EF55  F008         	goto	u3401
  4081  0010A6  EF57  F008         	goto	u3400
  4082  0010AA                     u3401:
  4083  0010AA  EF87  F008         	goto	l3292
  4084  0010AE                     u3400:
  4085  0010AE  503B               	movf	utoa@n^0,w,c
  4086  0010B0  103C               	iorwf	(utoa@n+1)^0,w,c
  4087  0010B2  103D               	iorwf	(utoa@n+2)^0,w,c
  4088  0010B4  103E               	iorwf	(utoa@n+3)^0,w,c
  4089  0010B6  103F               	iorwf	(utoa@n+4)^0,w,c
  4090  0010B8  1040               	iorwf	(utoa@n+5)^0,w,c
  4091  0010BA  1041               	iorwf	(utoa@n+6)^0,w,c
  4092  0010BC  1042               	iorwf	(utoa@n+7)^0,w,c
  4093  0010BE  A4D8               	btfss	status,2,c
  4094  0010C0  EF64  F008         	goto	u3411
  4095  0010C4  EF66  F008         	goto	u3410
  4096  0010C8                     u3411:
  4097  0010C8  EFD8  F007         	goto	l3272
  4098  0010CC                     u3410:
  4099  0010CC  BE38               	btfsc	(utoa@p+1)^0,7,c
  4100  0010CE  EF73  F008         	goto	u3420
  4101  0010D2  5038               	movf	(utoa@p+1)^0,w,c
  4102  0010D4  E106               	bnz	u3421
  4103  0010D6  0437               	decf	utoa@p^0,w,c
  4104  0010D8  B0D8               	btfsc	status,0,c
  4105  0010DA  EF71  F008         	goto	u3421
  4106  0010DE  EF73  F008         	goto	u3420
  4107  0010E2                     u3421:
  4108  0010E2  EFD8  F007         	goto	l3272
  4109  0010E6                     u3420:
  4110  0010E6  BE3A               	btfsc	(utoa@w+1)^0,7,c
  4111  0010E8  EF7E  F008         	goto	u3431
  4112  0010EC  503A               	movf	(utoa@w+1)^0,w,c
  4113  0010EE  E108               	bnz	u3430
  4114  0010F0  0439               	decf	utoa@w^0,w,c
  4115  0010F2  A0D8               	btfss	status,0,c
  4116  0010F4  EF7E  F008         	goto	u3431
  4117  0010F8  EF80  F008         	goto	u3430
  4118  0010FC                     u3431:
  4119  0010FC  EF87  F008         	goto	l3292
  4120  001100                     u3430:
  4121  001100  B24F               	btfsc	_flags^0,1,c
  4122  001102  EF85  F008         	goto	u3441
  4123  001106  EF87  F008         	goto	u3440
  4124  00110A                     u3441:
  4125  00110A  EFD8  F007         	goto	l3272
  4126  00110E                     u3440:
  4127  00110E                     l3292:
  4128                           
  4129                           ;C:\Program Files\Microchip\xc8\v2.36\pic\sources\c99\common\doprnt.c: 640:     return p
      +                          ad(fp, &dbuf[i], w);
  4130  00110E  C025  F01A         	movff	utoa@fp,pad@fp
  4131  001112  C026  F01B         	movff	utoa@fp+1,pad@fp+1
  4132  001116  0EDC               	movlw	low _dbuf
  4133  001118  2443               	addwf	utoa@i^0,w,c
  4134  00111A  6E1C               	movwf	pad@buf^0,c
  4135  00111C  0E01               	movlw	high _dbuf
  4136  00111E  2044               	addwfc	(utoa@i+1)^0,w,c
  4137  001120  6E1D               	movwf	(pad@buf+1)^0,c
  4138  001122  C039  F01E         	movff	utoa@w,pad@p
  4139  001126  C03A  F01F         	movff	utoa@w+1,pad@p+1
  4140  00112A  EC7E  F00B         	call	_pad	;wreg free
  4141  00112E  C01A  F025         	movff	?_pad,?_utoa
  4142  001132  C01B  F026         	movff	?_pad+1,?_utoa+1
  4143  001136  0012               	return		;funcret
  4144  001138                     __end_of_utoa:
  4145                           	callstack 0
  4146                           
  4147 ;; *************** function _pad *****************
  4148 ;; Defined at:
  4149 ;;		line 72 in file "C:\Program Files\Microchip\xc8\v2.36\pic\sources\c99\common\doprnt.c"
  4150 ;; Parameters:    Size  Location     Type
  4151 ;;  fp              2   25[COMRAM] PTR struct _IO_FILE
  4152 ;;		 -> NULL(0), sprintf@f(11), 
  4153 ;;  buf             2   27[COMRAM] PTR unsigned char 
  4154 ;;		 -> dbuf(32), 
  4155 ;;  p               2   29[COMRAM] int 
  4156 ;; Auto vars:     Size  Location     Type
  4157 ;;  w               2   34[COMRAM] int 
  4158 ;;  i               2   32[COMRAM] int 
  4159 ;; Return value:  Size  Location     Type
  4160 ;;                  2   25[COMRAM] int 
  4161 ;; Registers used:
  4162 ;;		wreg, fsr1l, fsr1h, fsr2l, fsr2h, status,2, status,0, cstack
  4163 ;; Tracked objects:
  4164 ;;		On entry : 0/0
  4165 ;;		On exit  : 0/0
  4166 ;;		Unchanged: 0/0
  4167 ;; Data sizes:     COMRAM   BANK0   BANK1   BANK2   BANK3   BANK4   BANK5   BANK6   BANK7   BANK8   BANK9  BANK10  BANK1
      +1  BANK12  BANK13  BANK14  BANK15
  4168 ;;      Params:         6       0       0       0       0       0       0       0       0       0       0       0       
      +0       0       0       0       0
  4169 ;;      Locals:         4       0       0       0       0       0       0       0       0       0       0       0       
      +0       0       0       0       0
  4170 ;;      Temps:          1       0       0       0       0       0       0       0       0       0       0       0       
      +0       0       0       0       0
  4171 ;;      Totals:        11       0       0       0       0       0       0       0       0       0       0       0       
      +0       0       0       0       0
  4172 ;;Total ram usage:       11 bytes
  4173 ;; Hardware stack levels used: 1
  4174 ;; Hardware stack levels required when called: 5
  4175 ;; This function calls:
  4176 ;;		_fputc
  4177 ;;		_fputs
  4178 ;;		_strlen
  4179 ;; This function is called by:
  4180 ;;		_utoa
  4181 ;; This function uses a non-reentrant model
  4182 ;;
  4183                           
  4184                           	psect	text10
  4185  0016FC                     __ptext10:
  4186                           	callstack 0
  4187  0016FC                     _pad:
  4188                           	callstack 21
  4189  0016FC                     
  4190                           ;C:\Program Files\Microchip\xc8\v2.36\pic\sources\c99\common\doprnt.c: 72: static int pa
      +                          d(FILE *fp, char *buf, int p);C:\Program Files\Microchip\xc8\v2.36\pic\sources\c99\commo
      +                          n\doprnt.c: 73: {;C:\Program Files\Microchip\xc8\v2.36\pic\sources\c99\common\doprnt.c: 
      +                          74:     int i, w;;C:\Program Files\Microchip\xc8\v2.36\pic\sources\c99\common\doprnt.c: 
      +                          77:     if (flags & (1 << 0)) {
  4191  0016FC  A04F               	btfss	_flags^0,0,c
  4192  0016FE  EF83  F00B         	goto	u3251
  4193  001702  EF85  F00B         	goto	u3250
  4194  001706                     u3251:
  4195  001706  EF8F  F00B         	goto	l3200
  4196  00170A                     u3250:
  4197  00170A                     
  4198                           ;C:\Program Files\Microchip\xc8\v2.36\pic\sources\c99\common\doprnt.c: 78:         fputs
      +                          ((const char *)buf, fp);
  4199  00170A  C01C  F013         	movff	pad@buf,fputs@s
  4200  00170E  C01D  F014         	movff	pad@buf+1,fputs@s+1
  4201  001712  C01A  F015         	movff	pad@fp,fputs@fp
  4202  001716  C01B  F016         	movff	pad@fp+1,fputs@fp+1
  4203  00171A  ECEB  F00D         	call	_fputs	;wreg free
  4204  00171E                     l3200:
  4205                           
  4206                           ;C:\Program Files\Microchip\xc8\v2.36\pic\sources\c99\common\doprnt.c: 82:     w = (p < 
      +                          0) ? 0 : p;
  4207  00171E  BE1F               	btfsc	(pad@p+1)^0,7,c
  4208  001720  EF94  F00B         	goto	u3261
  4209  001724  EF96  F00B         	goto	u3260
  4210  001728                     u3261:
  4211  001728  EF9C  F00B         	goto	l3204
  4212  00172C                     u3260:
  4213  00172C  C01E  F023         	movff	pad@p,pad@w
  4214  001730  C01F  F024         	movff	pad@p+1,pad@w+1
  4215  001734  EFA0  F00B         	goto	l1101
  4216  001738                     l3204:
  4217  001738  0E00               	movlw	0
  4218  00173A  6E24               	movwf	(pad@w+1)^0,c
  4219  00173C  0E00               	movlw	0
  4220  00173E  6E23               	movwf	pad@w^0,c
  4221  001740                     l1101:
  4222                           
  4223                           ;C:\Program Files\Microchip\xc8\v2.36\pic\sources\c99\common\doprnt.c: 83:     i = 0;
  4224  001740  0E00               	movlw	0
  4225  001742  6E22               	movwf	(pad@i+1)^0,c
  4226  001744  0E00               	movlw	0
  4227  001746  6E21               	movwf	pad@i^0,c
  4228                           
  4229                           ;C:\Program Files\Microchip\xc8\v2.36\pic\sources\c99\common\doprnt.c: 84:     while (i 
      +                          < w) {
  4230  001748  EFB2  F00B         	goto	l3210
  4231  00174C                     l3206:
  4232                           
  4233                           ;C:\Program Files\Microchip\xc8\v2.36\pic\sources\c99\common\doprnt.c: 85:         fputc
      +                          (' ', fp);
  4234  00174C  0E00               	movlw	0
  4235  00174E  6E0B               	movwf	(fputc@c+1)^0,c
  4236  001750  0E20               	movlw	32
  4237  001752  6E0A               	movwf	fputc@c^0,c
  4238  001754  C01A  F00C         	movff	pad@fp,fputc@fp
  4239  001758  C01B  F00D         	movff	pad@fp+1,fputc@fp+1
  4240  00175C  EC19  F00B         	call	_fputc	;wreg free
  4241  001760                     
  4242                           ;C:\Program Files\Microchip\xc8\v2.36\pic\sources\c99\common\doprnt.c: 86:         ++i;
  4243  001760  4A21               	infsnz	pad@i^0,f,c
  4244  001762  2A22               	incf	(pad@i+1)^0,f,c
  4245  001764                     l3210:
  4246                           
  4247                           ;C:\Program Files\Microchip\xc8\v2.36\pic\sources\c99\common\doprnt.c: 84:     while (i 
      +                          < w) {
  4248  001764  5023               	movf	pad@w^0,w,c
  4249  001766  5C21               	subwf	pad@i^0,w,c
  4250  001768  5022               	movf	(pad@i+1)^0,w,c
  4251  00176A  0A80               	xorlw	128
  4252  00176C  6E20               	movwf	??_pad^0,c
  4253  00176E  5024               	movf	(pad@w+1)^0,w,c
  4254  001770  0A80               	xorlw	128
  4255  001772  5820               	subwfb	??_pad^0,w,c
  4256  001774  A0D8               	btfss	status,0,c
  4257  001776  EFBF  F00B         	goto	u3271
  4258  00177A  EFC1  F00B         	goto	u3270
  4259  00177E                     u3271:
  4260  00177E  EFA6  F00B         	goto	l3206
  4261  001782                     u3270:
  4262  001782                     
  4263                           ;C:\Program Files\Microchip\xc8\v2.36\pic\sources\c99\common\doprnt.c: 90:     if (!(fla
      +                          gs & (1 << 0))) {
  4264  001782  B04F               	btfsc	_flags^0,0,c
  4265  001784  EFC6  F00B         	goto	u3281
  4266  001788  EFC8  F00B         	goto	u3280
  4267  00178C                     u3281:
  4268  00178C  EFD2  F00B         	goto	l3214
  4269  001790                     u3280:
  4270  001790                     
  4271                           ;C:\Program Files\Microchip\xc8\v2.36\pic\sources\c99\common\doprnt.c: 91:         fputs
      +                          ((const char *)buf, fp);
  4272  001790  C01C  F013         	movff	pad@buf,fputs@s
  4273  001794  C01D  F014         	movff	pad@buf+1,fputs@s+1
  4274  001798  C01A  F015         	movff	pad@fp,fputs@fp
  4275  00179C  C01B  F016         	movff	pad@fp+1,fputs@fp+1
  4276  0017A0  ECEB  F00D         	call	_fputs	;wreg free
  4277  0017A4                     l3214:
  4278                           
  4279                           ;C:\Program Files\Microchip\xc8\v2.36\pic\sources\c99\common\doprnt.c: 94:     return (i
      +                          nt)(strlen(buf) + (size_t)w);
  4280  0017A4  C01C  F009         	movff	pad@buf,strlen@s
  4281  0017A8  C01D  F00A         	movff	pad@buf+1,strlen@s+1
  4282  0017AC  EC65  F00E         	call	_strlen	;wreg free
  4283  0017B0  5023               	movf	pad@w^0,w,c
  4284  0017B2  2409               	addwf	?_strlen^0,w,c
  4285  0017B4  6E1A               	movwf	?_pad^0,c
  4286  0017B6  5024               	movf	(pad@w+1)^0,w,c
  4287  0017B8  200A               	addwfc	(?_strlen+1)^0,w,c
  4288  0017BA  6E1B               	movwf	(?_pad+1)^0,c
  4289  0017BC  0012               	return		;funcret
  4290  0017BE                     __end_of_pad:
  4291                           	callstack 0
  4292                           
  4293 ;; *************** function _fputs *****************
  4294 ;; Defined at:
  4295 ;;		line 8 in file "C:\Program Files\Microchip\xc8\v2.36\pic\sources\c99\common\nf_fputs.c"
  4296 ;; Parameters:    Size  Location     Type
  4297 ;;  s               2   18[COMRAM] PTR const unsigned char 
  4298 ;;		 -> dbuf(32), 
  4299 ;;  fp              2   20[COMRAM] PTR struct _IO_FILE
  4300 ;;		 -> NULL(0), sprintf@f(11), 
  4301 ;; Auto vars:     Size  Location     Type
  4302 ;;  i               2   23[COMRAM] int 
  4303 ;;  c               1   22[COMRAM] unsigned char 
  4304 ;; Return value:  Size  Location     Type
  4305 ;;                  2   18[COMRAM] int 
  4306 ;; Registers used:
  4307 ;;		wreg, fsr1l, fsr1h, fsr2l, fsr2h, status,2, status,0, cstack
  4308 ;; Tracked objects:
  4309 ;;		On entry : 0/0
  4310 ;;		On exit  : 0/0
  4311 ;;		Unchanged: 0/0
  4312 ;; Data sizes:     COMRAM   BANK0   BANK1   BANK2   BANK3   BANK4   BANK5   BANK6   BANK7   BANK8   BANK9  BANK10  BANK1
      +1  BANK12  BANK13  BANK14  BANK15
  4313 ;;      Params:         4       0       0       0       0       0       0       0       0       0       0       0       
      +0       0       0       0       0
  4314 ;;      Locals:         3       0       0       0       0       0       0       0       0       0       0       0       
      +0       0       0       0       0
  4315 ;;      Temps:          0       0       0       0       0       0       0       0       0       0       0       0       
      +0       0       0       0       0
  4316 ;;      Totals:         7       0       0       0       0       0       0       0       0       0       0       0       
      +0       0       0       0       0
  4317 ;;Total ram usage:        7 bytes
  4318 ;; Hardware stack levels used: 1
  4319 ;; Hardware stack levels required when called: 4
  4320 ;; This function calls:
  4321 ;;		_fputc
  4322 ;; This function is called by:
  4323 ;;		_pad
  4324 ;; This function uses a non-reentrant model
  4325 ;;
  4326                           
  4327                           	psect	text11
  4328  001BD6                     __ptext11:
  4329                           	callstack 0
  4330  001BD6                     _fputs:
  4331                           	callstack 21
  4332  001BD6  0E00               	movlw	0
  4333  001BD8  6E19               	movwf	(fputs@i+1)^0,c
  4334  001BDA  0E00               	movlw	0
  4335  001BDC  6E18               	movwf	fputs@i^0,c
  4336  001BDE  EFFC  F00D         	goto	l3146
  4337  001BE2                     l3142:
  4338  001BE2  C017  F00A         	movff	fputs@c,fputc@c
  4339  001BE6  6A0B               	clrf	(fputc@c+1)^0,c
  4340  001BE8  C015  F00C         	movff	fputs@fp,fputc@fp
  4341  001BEC  C016  F00D         	movff	fputs@fp+1,fputc@fp+1
  4342  001BF0  EC19  F00B         	call	_fputc	;wreg free
  4343  001BF4  4A18               	infsnz	fputs@i^0,f,c
  4344  001BF6  2A19               	incf	(fputs@i+1)^0,f,c
  4345  001BF8                     l3146:
  4346  001BF8  5018               	movf	fputs@i^0,w,c
  4347  001BFA  2413               	addwf	fputs@s^0,w,c
  4348  001BFC  6ED9               	movwf	fsr2l,c
  4349  001BFE  5019               	movf	(fputs@i+1)^0,w,c
  4350  001C00  2014               	addwfc	(fputs@s+1)^0,w,c
  4351  001C02  6EDA               	movwf	fsr2h,c
  4352  001C04  50DF               	movf	indf2,w,c
  4353  001C06  6E17               	movwf	fputs@c^0,c
  4354  001C08  5017               	movf	fputs@c^0,w,c
  4355  001C0A  A4D8               	btfss	status,2,c
  4356  001C0C  EF0A  F00E         	goto	u3161
  4357  001C10  EF0C  F00E         	goto	u3160
  4358  001C14                     u3161:
  4359  001C14  EFF1  F00D         	goto	l3142
  4360  001C18                     u3160:
  4361  001C18  0012               	return		;funcret
  4362  001C1A                     __end_of_fputs:
  4363                           	callstack 0
  4364                           
  4365 ;; *************** function ___lomod *****************
  4366 ;; Defined at:
  4367 ;;		line 9 in file "C:\Program Files\Microchip\xc8\v2.36\pic\sources\c99\common\lomod.c"
  4368 ;; Parameters:    Size  Location     Type
  4369 ;;  dividend        8    8[COMRAM] unsigned long long 
  4370 ;;  divisor         8   16[COMRAM] unsigned long long 
  4371 ;; Auto vars:     Size  Location     Type
  4372 ;;  counter         1   24[COMRAM] unsigned char 
  4373 ;; Return value:  Size  Location     Type
  4374 ;;                  8    8[COMRAM] unsigned long long 
  4375 ;; Registers used:
  4376 ;;		wreg, status,2, status,0
  4377 ;; Tracked objects:
  4378 ;;		On entry : 0/0
  4379 ;;		On exit  : 0/0
  4380 ;;		Unchanged: 0/0
  4381 ;; Data sizes:     COMRAM   BANK0   BANK1   BANK2   BANK3   BANK4   BANK5   BANK6   BANK7   BANK8   BANK9  BANK10  BANK1
      +1  BANK12  BANK13  BANK14  BANK15
  4382 ;;      Params:        16       0       0       0       0       0       0       0       0       0       0       0       
      +0       0       0       0       0
  4383 ;;      Locals:         1       0       0       0       0       0       0       0       0       0       0       0       
      +0       0       0       0       0
  4384 ;;      Temps:          0       0       0       0       0       0       0       0       0       0       0       0       
      +0       0       0       0       0
  4385 ;;      Totals:        17       0       0       0       0       0       0       0       0       0       0       0       
      +0       0       0       0       0
  4386 ;;Total ram usage:       17 bytes
  4387 ;; Hardware stack levels used: 1
  4388 ;; Hardware stack levels required when called: 2
  4389 ;; This function calls:
  4390 ;;		Nothing
  4391 ;; This function is called by:
  4392 ;;		_utoa
  4393 ;; This function uses a non-reentrant model
  4394 ;;
  4395                           
  4396                           	psect	text12
  4397  001562                     __ptext12:
  4398                           	callstack 0
  4399  001562                     ___lomod:
  4400                           	callstack 24
  4401  001562  5011               	movf	___lomod@divisor^0,w,c
  4402  001564  1012               	iorwf	(___lomod@divisor+1)^0,w,c
  4403  001566  1013               	iorwf	(___lomod@divisor+2)^0,w,c
  4404  001568  1014               	iorwf	(___lomod@divisor+3)^0,w,c
  4405  00156A  1015               	iorwf	(___lomod@divisor+4)^0,w,c
  4406  00156C  1016               	iorwf	(___lomod@divisor+5)^0,w,c
  4407  00156E  1017               	iorwf	(___lomod@divisor+6)^0,w,c
  4408  001570  1018               	iorwf	(___lomod@divisor+7)^0,w,c
  4409  001572  B4D8               	btfsc	status,2,c
  4410  001574  EFBE  F00A         	goto	u3221
  4411  001578  EFC0  F00A         	goto	u3220
  4412  00157C                     u3221:
  4413  00157C  EF08  F00B         	goto	l844
  4414  001580                     u3220:
  4415  001580  0E01               	movlw	1
  4416  001582  6E19               	movwf	___lomod@counter^0,c
  4417  001584  EFCE  F00A         	goto	l3186
  4418  001588                     l3184:
  4419  001588  90D8               	bcf	status,0,c
  4420  00158A  3611               	rlcf	___lomod@divisor^0,f,c
  4421  00158C  3612               	rlcf	(___lomod@divisor+1)^0,f,c
  4422  00158E  3613               	rlcf	(___lomod@divisor+2)^0,f,c
  4423  001590  3614               	rlcf	(___lomod@divisor+3)^0,f,c
  4424  001592  3615               	rlcf	(___lomod@divisor+4)^0,f,c
  4425  001594  3616               	rlcf	(___lomod@divisor+5)^0,f,c
  4426  001596  3617               	rlcf	(___lomod@divisor+6)^0,f,c
  4427  001598  3618               	rlcf	(___lomod@divisor+7)^0,f,c
  4428  00159A  2A19               	incf	___lomod@counter^0,f,c
  4429  00159C                     l3186:
  4430  00159C  AE18               	btfss	(___lomod@divisor+7)^0,7,c
  4431  00159E  EFD3  F00A         	goto	u3231
  4432  0015A2  EFD5  F00A         	goto	u3230
  4433  0015A6                     u3231:
  4434  0015A6  EFC4  F00A         	goto	l3184
  4435  0015AA                     u3230:
  4436  0015AA                     l3188:
  4437  0015AA  5011               	movf	___lomod@divisor^0,w,c
  4438  0015AC  5C09               	subwf	___lomod@dividend^0,w,c
  4439  0015AE  5012               	movf	(___lomod@divisor+1)^0,w,c
  4440  0015B0  580A               	subwfb	(___lomod@dividend+1)^0,w,c
  4441  0015B2  5013               	movf	(___lomod@divisor+2)^0,w,c
  4442  0015B4  580B               	subwfb	(___lomod@dividend+2)^0,w,c
  4443  0015B6  5014               	movf	(___lomod@divisor+3)^0,w,c
  4444  0015B8  580C               	subwfb	(___lomod@dividend+3)^0,w,c
  4445  0015BA  5015               	movf	(___lomod@divisor+4)^0,w,c
  4446  0015BC  580D               	subwfb	(___lomod@dividend+4)^0,w,c
  4447  0015BE  5016               	movf	(___lomod@divisor+5)^0,w,c
  4448  0015C0  580E               	subwfb	(___lomod@dividend+5)^0,w,c
  4449  0015C2  5017               	movf	(___lomod@divisor+6)^0,w,c
  4450  0015C4  580F               	subwfb	(___lomod@dividend+6)^0,w,c
  4451  0015C6  5018               	movf	(___lomod@divisor+7)^0,w,c
  4452  0015C8  5810               	subwfb	(___lomod@dividend+7)^0,w,c
  4453  0015CA  A0D8               	btfss	status,0,c
  4454  0015CC  EFEA  F00A         	goto	u3241
  4455  0015D0  EFEC  F00A         	goto	u3240
  4456  0015D4                     u3241:
  4457  0015D4  EFFC  F00A         	goto	l3192
  4458  0015D8                     u3240:
  4459  0015D8  5011               	movf	___lomod@divisor^0,w,c
  4460  0015DA  5E09               	subwf	___lomod@dividend^0,f,c
  4461  0015DC  5012               	movf	(___lomod@divisor+1)^0,w,c
  4462  0015DE  5A0A               	subwfb	(___lomod@dividend+1)^0,f,c
  4463  0015E0  5013               	movf	(___lomod@divisor+2)^0,w,c
  4464  0015E2  5A0B               	subwfb	(___lomod@dividend+2)^0,f,c
  4465  0015E4  5014               	movf	(___lomod@divisor+3)^0,w,c
  4466  0015E6  5A0C               	subwfb	(___lomod@dividend+3)^0,f,c
  4467  0015E8  5015               	movf	(___lomod@divisor+4)^0,w,c
  4468  0015EA  5A0D               	subwfb	(___lomod@dividend+4)^0,f,c
  4469  0015EC  5016               	movf	(___lomod@divisor+5)^0,w,c
  4470  0015EE  5A0E               	subwfb	(___lomod@dividend+5)^0,f,c
  4471  0015F0  5017               	movf	(___lomod@divisor+6)^0,w,c
  4472  0015F2  5A0F               	subwfb	(___lomod@dividend+6)^0,f,c
  4473  0015F4  5018               	movf	(___lomod@divisor+7)^0,w,c
  4474  0015F6  5A10               	subwfb	(___lomod@dividend+7)^0,f,c
  4475  0015F8                     l3192:
  4476  0015F8  90D8               	bcf	status,0,c
  4477  0015FA  3218               	rrcf	(___lomod@divisor+7)^0,f,c
  4478  0015FC  3217               	rrcf	(___lomod@divisor+6)^0,f,c
  4479  0015FE  3216               	rrcf	(___lomod@divisor+5)^0,f,c
  4480  001600  3215               	rrcf	(___lomod@divisor+4)^0,f,c
  4481  001602  3214               	rrcf	(___lomod@divisor+3)^0,f,c
  4482  001604  3213               	rrcf	(___lomod@divisor+2)^0,f,c
  4483  001606  3212               	rrcf	(___lomod@divisor+1)^0,f,c
  4484  001608  3211               	rrcf	___lomod@divisor^0,f,c
  4485  00160A  2E19               	decfsz	___lomod@counter^0,f,c
  4486  00160C  EFD5  F00A         	goto	l3188
  4487  001610                     l844:
  4488  001610  C009  F009         	movff	___lomod@dividend,?___lomod
  4489  001614  C00A  F00A         	movff	___lomod@dividend+1,?___lomod+1
  4490  001618  C00B  F00B         	movff	___lomod@dividend+2,?___lomod+2
  4491  00161C  C00C  F00C         	movff	___lomod@dividend+3,?___lomod+3
  4492  001620  C00D  F00D         	movff	___lomod@dividend+4,?___lomod+4
  4493  001624  C00E  F00E         	movff	___lomod@dividend+5,?___lomod+5
  4494  001628  C00F  F00F         	movff	___lomod@dividend+6,?___lomod+6
  4495  00162C  C010  F010         	movff	___lomod@dividend+7,?___lomod+7
  4496  001630  0012               	return		;funcret
  4497  001632                     __end_of___lomod:
  4498                           	callstack 0
  4499                           
  4500 ;; *************** function ___lodiv *****************
  4501 ;; Defined at:
  4502 ;;		line 9 in file "C:\Program Files\Microchip\xc8\v2.36\pic\sources\c99\common\lodiv.c"
  4503 ;; Parameters:    Size  Location     Type
  4504 ;;  dividend        8    8[COMRAM] unsigned long long 
  4505 ;;  divisor         8   16[COMRAM] unsigned long long 
  4506 ;; Auto vars:     Size  Location     Type
  4507 ;;  quotient        8   24[COMRAM] unsigned long long 
  4508 ;;  counter         1   32[COMRAM] unsigned char 
  4509 ;; Return value:  Size  Location     Type
  4510 ;;                  8    8[COMRAM] unsigned long long 
  4511 ;; Registers used:
  4512 ;;		wreg, fsr2l, fsr2h, status,2, status,0
  4513 ;; Tracked objects:
  4514 ;;		On entry : 0/0
  4515 ;;		On exit  : 0/0
  4516 ;;		Unchanged: 0/0
  4517 ;; Data sizes:     COMRAM   BANK0   BANK1   BANK2   BANK3   BANK4   BANK5   BANK6   BANK7   BANK8   BANK9  BANK10  BANK1
      +1  BANK12  BANK13  BANK14  BANK15
  4518 ;;      Params:        16       0       0       0       0       0       0       0       0       0       0       0       
      +0       0       0       0       0
  4519 ;;      Locals:         9       0       0       0       0       0       0       0       0       0       0       0       
      +0       0       0       0       0
  4520 ;;      Temps:          0       0       0       0       0       0       0       0       0       0       0       0       
      +0       0       0       0       0
  4521 ;;      Totals:        25       0       0       0       0       0       0       0       0       0       0       0       
      +0       0       0       0       0
  4522 ;;Total ram usage:       25 bytes
  4523 ;; Hardware stack levels used: 1
  4524 ;; Hardware stack levels required when called: 2
  4525 ;; This function calls:
  4526 ;;		Nothing
  4527 ;; This function is called by:
  4528 ;;		_utoa
  4529 ;; This function uses a non-reentrant model
  4530 ;;
  4531                           
  4532                           	psect	text13
  4533  0012BA                     __ptext13:
  4534                           	callstack 0
  4535  0012BA                     ___lodiv:
  4536                           	callstack 24
  4537  0012BA  EE20  F019         	lfsr	2,___lodiv@quotient
  4538  0012BE  0E07               	movlw	7
  4539  0012C0                     u3181:
  4540  0012C0  6ADE               	clrf	postinc2,c
  4541  0012C2  06E8               	decf	wreg,f,c
  4542  0012C4  E2FD               	bc	u3181
  4543  0012C6  5011               	movf	___lodiv@divisor^0,w,c
  4544  0012C8  1012               	iorwf	(___lodiv@divisor+1)^0,w,c
  4545  0012CA  1013               	iorwf	(___lodiv@divisor+2)^0,w,c
  4546  0012CC  1014               	iorwf	(___lodiv@divisor+3)^0,w,c
  4547  0012CE  1015               	iorwf	(___lodiv@divisor+4)^0,w,c
  4548  0012D0  1016               	iorwf	(___lodiv@divisor+5)^0,w,c
  4549  0012D2  1017               	iorwf	(___lodiv@divisor+6)^0,w,c
  4550  0012D4  1018               	iorwf	(___lodiv@divisor+7)^0,w,c
  4551  0012D6  B4D8               	btfsc	status,2,c
  4552  0012D8  EF70  F009         	goto	u3191
  4553  0012DC  EF72  F009         	goto	u3190
  4554  0012E0                     u3191:
  4555  0012E0  EFC4  F009         	goto	l834
  4556  0012E4                     u3190:
  4557  0012E4  0E01               	movlw	1
  4558  0012E6  6E21               	movwf	___lodiv@counter^0,c
  4559  0012E8  EF80  F009         	goto	l3166
  4560  0012EC                     l3164:
  4561  0012EC  90D8               	bcf	status,0,c
  4562  0012EE  3611               	rlcf	___lodiv@divisor^0,f,c
  4563  0012F0  3612               	rlcf	(___lodiv@divisor+1)^0,f,c
  4564  0012F2  3613               	rlcf	(___lodiv@divisor+2)^0,f,c
  4565  0012F4  3614               	rlcf	(___lodiv@divisor+3)^0,f,c
  4566  0012F6  3615               	rlcf	(___lodiv@divisor+4)^0,f,c
  4567  0012F8  3616               	rlcf	(___lodiv@divisor+5)^0,f,c
  4568  0012FA  3617               	rlcf	(___lodiv@divisor+6)^0,f,c
  4569  0012FC  3618               	rlcf	(___lodiv@divisor+7)^0,f,c
  4570  0012FE  2A21               	incf	___lodiv@counter^0,f,c
  4571  001300                     l3166:
  4572  001300  AE18               	btfss	(___lodiv@divisor+7)^0,7,c
  4573  001302  EF85  F009         	goto	u3201
  4574  001306  EF87  F009         	goto	u3200
  4575  00130A                     u3201:
  4576  00130A  EF76  F009         	goto	l3164
  4577  00130E                     u3200:
  4578  00130E                     l3168:
  4579  00130E  90D8               	bcf	status,0,c
  4580  001310  3619               	rlcf	___lodiv@quotient^0,f,c
  4581  001312  361A               	rlcf	(___lodiv@quotient+1)^0,f,c
  4582  001314  361B               	rlcf	(___lodiv@quotient+2)^0,f,c
  4583  001316  361C               	rlcf	(___lodiv@quotient+3)^0,f,c
  4584  001318  361D               	rlcf	(___lodiv@quotient+4)^0,f,c
  4585  00131A  361E               	rlcf	(___lodiv@quotient+5)^0,f,c
  4586  00131C  361F               	rlcf	(___lodiv@quotient+6)^0,f,c
  4587  00131E  3620               	rlcf	(___lodiv@quotient+7)^0,f,c
  4588  001320  5011               	movf	___lodiv@divisor^0,w,c
  4589  001322  5C09               	subwf	___lodiv@dividend^0,w,c
  4590  001324  5012               	movf	(___lodiv@divisor+1)^0,w,c
  4591  001326  580A               	subwfb	(___lodiv@dividend+1)^0,w,c
  4592  001328  5013               	movf	(___lodiv@divisor+2)^0,w,c
  4593  00132A  580B               	subwfb	(___lodiv@dividend+2)^0,w,c
  4594  00132C  5014               	movf	(___lodiv@divisor+3)^0,w,c
  4595  00132E  580C               	subwfb	(___lodiv@dividend+3)^0,w,c
  4596  001330  5015               	movf	(___lodiv@divisor+4)^0,w,c
  4597  001332  580D               	subwfb	(___lodiv@dividend+4)^0,w,c
  4598  001334  5016               	movf	(___lodiv@divisor+5)^0,w,c
  4599  001336  580E               	subwfb	(___lodiv@dividend+5)^0,w,c
  4600  001338  5017               	movf	(___lodiv@divisor+6)^0,w,c
  4601  00133A  580F               	subwfb	(___lodiv@dividend+6)^0,w,c
  4602  00133C  5018               	movf	(___lodiv@divisor+7)^0,w,c
  4603  00133E  5810               	subwfb	(___lodiv@dividend+7)^0,w,c
  4604  001340  A0D8               	btfss	status,0,c
  4605  001342  EFA5  F009         	goto	u3211
  4606  001346  EFA7  F009         	goto	u3210
  4607  00134A                     u3211:
  4608  00134A  EFB8  F009         	goto	l3176
  4609  00134E                     u3210:
  4610  00134E  5011               	movf	___lodiv@divisor^0,w,c
  4611  001350  5E09               	subwf	___lodiv@dividend^0,f,c
  4612  001352  5012               	movf	(___lodiv@divisor+1)^0,w,c
  4613  001354  5A0A               	subwfb	(___lodiv@dividend+1)^0,f,c
  4614  001356  5013               	movf	(___lodiv@divisor+2)^0,w,c
  4615  001358  5A0B               	subwfb	(___lodiv@dividend+2)^0,f,c
  4616  00135A  5014               	movf	(___lodiv@divisor+3)^0,w,c
  4617  00135C  5A0C               	subwfb	(___lodiv@dividend+3)^0,f,c
  4618  00135E  5015               	movf	(___lodiv@divisor+4)^0,w,c
  4619  001360  5A0D               	subwfb	(___lodiv@dividend+4)^0,f,c
  4620  001362  5016               	movf	(___lodiv@divisor+5)^0,w,c
  4621  001364  5A0E               	subwfb	(___lodiv@dividend+5)^0,f,c
  4622  001366  5017               	movf	(___lodiv@divisor+6)^0,w,c
  4623  001368  5A0F               	subwfb	(___lodiv@dividend+6)^0,f,c
  4624  00136A  5018               	movf	(___lodiv@divisor+7)^0,w,c
  4625  00136C  5A10               	subwfb	(___lodiv@dividend+7)^0,f,c
  4626  00136E  8019               	bsf	___lodiv@quotient^0,0,c
  4627  001370                     l3176:
  4628  001370  90D8               	bcf	status,0,c
  4629  001372  3218               	rrcf	(___lodiv@divisor+7)^0,f,c
  4630  001374  3217               	rrcf	(___lodiv@divisor+6)^0,f,c
  4631  001376  3216               	rrcf	(___lodiv@divisor+5)^0,f,c
  4632  001378  3215               	rrcf	(___lodiv@divisor+4)^0,f,c
  4633  00137A  3214               	rrcf	(___lodiv@divisor+3)^0,f,c
  4634  00137C  3213               	rrcf	(___lodiv@divisor+2)^0,f,c
  4635  00137E  3212               	rrcf	(___lodiv@divisor+1)^0,f,c
  4636  001380  3211               	rrcf	___lodiv@divisor^0,f,c
  4637  001382  2E21               	decfsz	___lodiv@counter^0,f,c
  4638  001384  EF87  F009         	goto	l3168
  4639  001388                     l834:
  4640  001388  C019  F009         	movff	___lodiv@quotient,?___lodiv
  4641  00138C  C01A  F00A         	movff	___lodiv@quotient+1,?___lodiv+1
  4642  001390  C01B  F00B         	movff	___lodiv@quotient+2,?___lodiv+2
  4643  001394  C01C  F00C         	movff	___lodiv@quotient+3,?___lodiv+3
  4644  001398  C01D  F00D         	movff	___lodiv@quotient+4,?___lodiv+4
  4645  00139C  C01E  F00E         	movff	___lodiv@quotient+5,?___lodiv+5
  4646  0013A0  C01F  F00F         	movff	___lodiv@quotient+6,?___lodiv+6
  4647  0013A4  C020  F010         	movff	___lodiv@quotient+7,?___lodiv+7
  4648  0013A8  0012               	return		;funcret
  4649  0013AA                     __end_of___lodiv:
  4650                           	callstack 0
  4651                           
  4652 ;; *************** function _strncmp *****************
  4653 ;; Defined at:
  4654 ;;		line 3 in file "C:\Program Files\Microchip\xc8\v2.36\pic\sources\c99\common\strncmp.c"
  4655 ;; Parameters:    Size  Location     Type
  4656 ;;  _l              2    8[COMRAM] PTR const unsigned char 
  4657 ;;		 -> STR_15(14), STR_14(16), STR_13(27), STR_12(29), 
  4658 ;;		 -> STR_11(25), STR_10(24), STR_9(28), STR_8(33), 
  4659 ;;		 -> STR_7(4), STR_6(24), STR_5(5), STR_4(23), 
  4660 ;;		 -> STR_3(25), STR_2(24), STR_1(24), 
  4661 ;;  _r              2   10[COMRAM] PTR const unsigned char 
  4662 ;;		 -> STR_23(3), STR_18(4), 
  4663 ;;  n               2   12[COMRAM] unsigned int 
  4664 ;; Auto vars:     Size  Location     Type
  4665 ;;  r               2   17[COMRAM] PTR const unsigned char 
  4666 ;;		 -> STR_23(3), STR_18(4), 
  4667 ;;  l               2   15[COMRAM] PTR const unsigned char 
  4668 ;;		 -> STR_15(14), STR_14(16), STR_13(27), STR_12(29), 
  4669 ;;		 -> STR_11(25), STR_10(24), STR_9(28), STR_8(33), 
  4670 ;;		 -> STR_7(4), STR_6(24), STR_5(5), STR_4(23), 
  4671 ;;		 -> STR_3(25), STR_2(24), STR_1(24), 
  4672 ;; Return value:  Size  Location     Type
  4673 ;;                  2    8[COMRAM] int 
  4674 ;; Registers used:
  4675 ;;		wreg, status,2, status,0, tblptrl, tblptrh, tblptru
  4676 ;; Tracked objects:
  4677 ;;		On entry : 0/0
  4678 ;;		On exit  : 0/0
  4679 ;;		Unchanged: 0/0
  4680 ;; Data sizes:     COMRAM   BANK0   BANK1   BANK2   BANK3   BANK4   BANK5   BANK6   BANK7   BANK8   BANK9  BANK10  BANK1
      +1  BANK12  BANK13  BANK14  BANK15
  4681 ;;      Params:         6       0       0       0       0       0       0       0       0       0       0       0       
      +0       0       0       0       0
  4682 ;;      Locals:         4       0       0       0       0       0       0       0       0       0       0       0       
      +0       0       0       0       0
  4683 ;;      Temps:          1       0       0       0       0       0       0       0       0       0       0       0       
      +0       0       0       0       0
  4684 ;;      Totals:        11       0       0       0       0       0       0       0       0       0       0       0       
      +0       0       0       0       0
  4685 ;;Total ram usage:       11 bytes
  4686 ;; Hardware stack levels used: 1
  4687 ;; Hardware stack levels required when called: 2
  4688 ;; This function calls:
  4689 ;;		Nothing
  4690 ;; This function is called by:
  4691 ;;		_vfpfcnvrt
  4692 ;; This function uses a non-reentrant model
  4693 ;;
  4694                           
  4695                           	psect	text14
  4696  0013AA                     __ptext14:
  4697                           	callstack 0
  4698  0013AA                     _strncmp:
  4699                           	callstack 25
  4700  0013AA  C009  F010         	movff	strncmp@_l,strncmp@l
  4701  0013AE  C00A  F011         	movff	strncmp@_l+1,strncmp@l+1
  4702  0013B2  C00B  F012         	movff	strncmp@_r,strncmp@r
  4703  0013B6  C00C  F013         	movff	strncmp@_r+1,strncmp@r+1
  4704  0013BA  060D               	decf	strncmp@n^0,f,c
  4705  0013BC  A0D8               	btfss	status,0,c
  4706  0013BE  060E               	decf	(strncmp@n+1)^0,f,c
  4707  0013C0  280D               	incf	strncmp@n^0,w,c
  4708  0013C2  E106               	bnz	u3451
  4709  0013C4  280E               	incf	(strncmp@n+1)^0,w,c
  4710  0013C6  A4D8               	btfss	status,2,c
  4711  0013C8  EFE8  F009         	goto	u3451
  4712  0013CC  EFEA  F009         	goto	u3450
  4713  0013D0                     u3451:
  4714  0013D0  EFF7  F009         	goto	l3304
  4715  0013D4                     u3450:
  4716  0013D4  0E00               	movlw	0
  4717  0013D6  6E0A               	movwf	(?_strncmp+1)^0,c
  4718  0013D8  0E00               	movlw	0
  4719  0013DA  6E09               	movwf	?_strncmp^0,c
  4720  0013DC  EF43  F00A         	goto	l1209
  4721  0013E0                     l3302:
  4722  0013E0  4A10               	infsnz	strncmp@l^0,f,c
  4723  0013E2  2A11               	incf	(strncmp@l+1)^0,f,c
  4724  0013E4  4A12               	infsnz	strncmp@r^0,f,c
  4725  0013E6  2A13               	incf	(strncmp@r+1)^0,f,c
  4726  0013E8  060D               	decf	strncmp@n^0,f,c
  4727  0013EA  A0D8               	btfss	status,0,c
  4728  0013EC  060E               	decf	(strncmp@n+1)^0,f,c
  4729  0013EE                     l3304:
  4730  0013EE  C010  FFF6         	movff	strncmp@l,tblptrl
  4731  0013F2  C011  FFF7         	movff	strncmp@l+1,tblptrh
  4732  0013F6                     	if	0	;tblptru may be non-zero
  4733  0013F6                     	endif
  4734  0013F6                     	if	0	;tblptru may be non-zero
  4735  0013F6                     	endif
  4736  0013F6  0008               	tblrd		*
  4737  0013F8  50F5               	movf	tablat,w,c
  4738  0013FA  0900               	iorlw	0
  4739  0013FC  B4D8               	btfsc	status,2,c
  4740  0013FE  EF03  F00A         	goto	u3461
  4741  001402  EF05  F00A         	goto	u3460
  4742  001406                     u3461:
  4743  001406  EF31  F00A         	goto	l3312
  4744  00140A                     u3460:
  4745  00140A  C012  FFF6         	movff	strncmp@r,tblptrl
  4746  00140E  C013  FFF7         	movff	strncmp@r+1,tblptrh
  4747  001412                     	if	0	;tblptru may be non-zero
  4748  001412                     	endif
  4749  001412                     	if	0	;tblptru may be non-zero
  4750  001412                     	endif
  4751  001412  0008               	tblrd		*
  4752  001414  50F5               	movf	tablat,w,c
  4753  001416  0900               	iorlw	0
  4754  001418  B4D8               	btfsc	status,2,c
  4755  00141A  EF11  F00A         	goto	u3471
  4756  00141E  EF13  F00A         	goto	u3470
  4757  001422                     u3471:
  4758  001422  EF31  F00A         	goto	l3312
  4759  001426                     u3470:
  4760  001426  500D               	movf	strncmp@n^0,w,c
  4761  001428  100E               	iorwf	(strncmp@n+1)^0,w,c
  4762  00142A  B4D8               	btfsc	status,2,c
  4763  00142C  EF1A  F00A         	goto	u3481
  4764  001430  EF1C  F00A         	goto	u3480
  4765  001434                     u3481:
  4766  001434  EF31  F00A         	goto	l3312
  4767  001438                     u3480:
  4768  001438  C010  FFF6         	movff	strncmp@l,tblptrl
  4769  00143C  C011  FFF7         	movff	strncmp@l+1,tblptrh
  4770  001440                     	if	0	;tblptru may be non-zero
  4771  001440                     	endif
  4772  001440                     	if	0	;tblptru may be non-zero
  4773  001440                     	endif
  4774  001440  0008               	tblrd		*
  4775  001442  CFF5 F00F          	movff	tablat,??_strncmp
  4776  001446  C012  FFF6         	movff	strncmp@r,tblptrl
  4777  00144A  C013  FFF7         	movff	strncmp@r+1,tblptrh
  4778  00144E                     	if	0	;tblptru may be non-zero
  4779  00144E                     	endif
  4780  00144E                     	if	0	;tblptru may be non-zero
  4781  00144E                     	endif
  4782  00144E  0008               	tblrd		*
  4783  001450  50F5               	movf	tablat,w,c
  4784  001452  180F               	xorwf	??_strncmp^0,w,c
  4785  001454  B4D8               	btfsc	status,2,c
  4786  001456  EF2F  F00A         	goto	u3491
  4787  00145A  EF31  F00A         	goto	u3490
  4788  00145E                     u3491:
  4789  00145E  EFF0  F009         	goto	l3302
  4790  001462                     u3490:
  4791  001462                     l3312:
  4792  001462  C010  FFF6         	movff	strncmp@l,tblptrl
  4793  001466  C011  FFF7         	movff	strncmp@l+1,tblptrh
  4794  00146A                     	if	0	;tblptru may be non-zero
  4795  00146A                     	endif
  4796  00146A                     	if	0	;tblptru may be non-zero
  4797  00146A                     	endif
  4798  00146A  0008               	tblrd		*
  4799  00146C  CFF5 F00F          	movff	tablat,??_strncmp
  4800  001470  C012  FFF6         	movff	strncmp@r,tblptrl
  4801  001474  C013  FFF7         	movff	strncmp@r+1,tblptrh
  4802  001478                     	if	0	;tblptru may be non-zero
  4803  001478                     	endif
  4804  001478                     	if	0	;tblptru may be non-zero
  4805  001478                     	endif
  4806  001478  0008               	tblrd		*
  4807  00147A  50F5               	movf	tablat,w,c
  4808  00147C  5C0F               	subwf	??_strncmp^0,w,c
  4809  00147E  6E09               	movwf	?_strncmp^0,c
  4810  001480  6A0A               	clrf	(?_strncmp+1)^0,c
  4811  001482  A0D8               	btfss	status,0,c
  4812  001484  060A               	decf	(?_strncmp+1)^0,f,c
  4813  001486                     l1209:
  4814  001486  0012               	return		;funcret
  4815  001488                     __end_of_strncmp:
  4816                           	callstack 0
  4817                           
  4818 ;; *************** function _stoa *****************
  4819 ;; Defined at:
  4820 ;;		line 568 in file "C:\Program Files\Microchip\xc8\v2.36\pic\sources\c99\common\doprnt.c"
  4821 ;; Parameters:    Size  Location     Type
  4822 ;;  fp              2   18[COMRAM] PTR struct _IO_FILE
  4823 ;;		 -> NULL(0), sprintf@f(11), 
  4824 ;;  s               2   20[COMRAM] PTR unsigned char 
  4825 ;;		 -> ?_printf(2), ?_sprintf(2), main@cursor(3), main@menu_names(35), 
  4826 ;; Auto vars:     Size  Location     Type
  4827 ;;  nuls            7   23[COMRAM] unsigned char [7]
  4828 ;;  l               2   38[COMRAM] int 
  4829 ;;  p               2   36[COMRAM] int 
  4830 ;;  cp              2   34[COMRAM] PTR unsigned char 
  4831 ;;		 -> ?_printf(2), stoa@nuls(7), ?_sprintf(2), main@cursor(3), 
  4832 ;;		 -> main@menu_names(35), 
  4833 ;;  w               2   32[COMRAM] int 
  4834 ;;  i               2   30[COMRAM] int 
  4835 ;; Return value:  Size  Location     Type
  4836 ;;                  2   18[COMRAM] int 
  4837 ;; Registers used:
  4838 ;;		wreg, fsr1l, fsr1h, fsr2l, fsr2h, status,2, status,0, cstack
  4839 ;; Tracked objects:
  4840 ;;		On entry : 0/0
  4841 ;;		On exit  : 0/0
  4842 ;;		Unchanged: 0/0
  4843 ;; Data sizes:     COMRAM   BANK0   BANK1   BANK2   BANK3   BANK4   BANK5   BANK6   BANK7   BANK8   BANK9  BANK10  BANK1
      +1  BANK12  BANK13  BANK14  BANK15
  4844 ;;      Params:         4       0       0       0       0       0       0       0       0       0       0       0       
      +0       0       0       0       0
  4845 ;;      Locals:        17       0       0       0       0       0       0       0       0       0       0       0       
      +0       0       0       0       0
  4846 ;;      Temps:          1       0       0       0       0       0       0       0       0       0       0       0       
      +0       0       0       0       0
  4847 ;;      Totals:        22       0       0       0       0       0       0       0       0       0       0       0       
      +0       0       0       0       0
  4848 ;;Total ram usage:       22 bytes
  4849 ;; Hardware stack levels used: 1
  4850 ;; Hardware stack levels required when called: 4
  4851 ;; This function calls:
  4852 ;;		_fputc
  4853 ;;		_strlen
  4854 ;; This function is called by:
  4855 ;;		_vfpfcnvrt
  4856 ;; This function uses a non-reentrant model
  4857 ;;
  4858                           
  4859                           	psect	text15
  4860  001138                     __ptext15:
  4861                           	callstack 0
  4862  001138                     _stoa:
  4863                           	callstack 23
  4864  001138                     
  4865                           ;C:\Program Files\Microchip\xc8\v2.36\pic\sources\c99\common\doprnt.c: 568: static int s
      +                          toa(FILE *fp, char *s);C:\Program Files\Microchip\xc8\v2.36\pic\sources\c99\common\doprn
      +                          t.c: 569: {;C:\Program Files\Microchip\xc8\v2.36\pic\sources\c99\common\doprnt.c: 570:  
      +                             char *cp, nuls[] = "(null)";
  4866  001138  EE21  F0CA         	lfsr	2,stoa@F1142
  4867  00113C  EE10  F018         	lfsr	1,stoa@nuls
  4868  001140  0E06               	movlw	6
  4869  001142                     u3291:
  4870  001142  CFDB FFE3          	movff	plusw2,plusw1
  4871  001146  06E8               	decf	wreg,f,c
  4872  001148  E2FC               	bc	u3291
  4873  00114A                     
  4874                           ;C:\Program Files\Microchip\xc8\v2.36\pic\sources\c99\common\doprnt.c: 571:     int i, l
      +                          , p, w;;C:\Program Files\Microchip\xc8\v2.36\pic\sources\c99\common\doprnt.c: 574:     c
      +                          p = s;
  4875  00114A  C015  F023         	movff	stoa@s,stoa@cp
  4876  00114E  C016  F024         	movff	stoa@s+1,stoa@cp+1
  4877  001152                     
  4878                           ;C:\Program Files\Microchip\xc8\v2.36\pic\sources\c99\common\doprnt.c: 575:     if (!cp)
      +                           {
  4879  001152  5023               	movf	stoa@cp^0,w,c
  4880  001154  1024               	iorwf	(stoa@cp+1)^0,w,c
  4881  001156  A4D8               	btfss	status,2,c
  4882  001158  EFB0  F008         	goto	u3301
  4883  00115C  EFB2  F008         	goto	u3300
  4884  001160                     u3301:
  4885  001160  EFB6  F008         	goto	l3226
  4886  001164                     u3300:
  4887  001164                     
  4888                           ;C:\Program Files\Microchip\xc8\v2.36\pic\sources\c99\common\doprnt.c: 576:         cp =
      +                           nuls;
  4889  001164  0E18               	movlw	low stoa@nuls
  4890  001166  6E23               	movwf	stoa@cp^0,c
  4891  001168  0E00               	movlw	high stoa@nuls
  4892  00116A  6E24               	movwf	(stoa@cp+1)^0,c
  4893  00116C                     l3226:
  4894                           
  4895                           ;C:\Program Files\Microchip\xc8\v2.36\pic\sources\c99\common\doprnt.c: 580:     l = (int
      +                          )strlen(cp);
  4896  00116C  C023  F009         	movff	stoa@cp,strlen@s
  4897  001170  C024  F00A         	movff	stoa@cp+1,strlen@s+1
  4898  001174  EC65  F00E         	call	_strlen	;wreg free
  4899  001178  C009  F027         	movff	?_strlen,stoa@l
  4900  00117C  C00A  F028         	movff	?_strlen+1,stoa@l+1
  4901  001180                     
  4902                           ;C:\Program Files\Microchip\xc8\v2.36\pic\sources\c99\common\doprnt.c: 581:     p = prec
      +                          ;
  4903  001180  C1DA  F025         	movff	_prec,stoa@p
  4904  001184  C1DB  F026         	movff	_prec+1,stoa@p+1
  4905  001188                     
  4906                           ;C:\Program Files\Microchip\xc8\v2.36\pic\sources\c99\common\doprnt.c: 582:     l = (!(p
      +                           < 0) && (p < l)) ? p : l;
  4907  001188  BE26               	btfsc	(stoa@p+1)^0,7,c
  4908  00118A  EFC9  F008         	goto	u3311
  4909  00118E  EFCB  F008         	goto	u3310
  4910  001192                     u3311:
  4911  001192  EFE0  F008         	goto	l1115
  4912  001196                     u3310:
  4913  001196  5027               	movf	stoa@l^0,w,c
  4914  001198  5C25               	subwf	stoa@p^0,w,c
  4915  00119A  5026               	movf	(stoa@p+1)^0,w,c
  4916  00119C  0A80               	xorlw	128
  4917  00119E  6E17               	movwf	??_stoa^0,c
  4918  0011A0  5028               	movf	(stoa@l+1)^0,w,c
  4919  0011A2  0A80               	xorlw	128
  4920  0011A4  5817               	subwfb	??_stoa^0,w,c
  4921  0011A6  A0D8               	btfss	status,0,c
  4922  0011A8  EFD8  F008         	goto	u3321
  4923  0011AC  EFDA  F008         	goto	u3320
  4924  0011B0                     u3321:
  4925  0011B0  EFDC  F008         	goto	l1113
  4926  0011B4                     u3320:
  4927  0011B4  EFE0  F008         	goto	l1115
  4928  0011B8                     l1113:
  4929  0011B8  C025  F027         	movff	stoa@p,stoa@l
  4930  0011BC  C026  F028         	movff	stoa@p+1,stoa@l+1
  4931  0011C0                     l1115:
  4932                           
  4933                           ;C:\Program Files\Microchip\xc8\v2.36\pic\sources\c99\common\doprnt.c: 583:     p = l;
  4934  0011C0  C027  F025         	movff	stoa@l,stoa@p
  4935  0011C4  C028  F026         	movff	stoa@l+1,stoa@p+1
  4936                           
  4937                           ;C:\Program Files\Microchip\xc8\v2.36\pic\sources\c99\common\doprnt.c: 584:     w = widt
      +                          h;
  4938  0011C8  C1D8  F021         	movff	_width,stoa@w
  4939  0011CC  C1D9  F022         	movff	_width+1,stoa@w+1
  4940                           
  4941                           ;C:\Program Files\Microchip\xc8\v2.36\pic\sources\c99\common\doprnt.c: 587:     if (!(fl
      +                          ags & (1 << 0))) {
  4942  0011D0  B04F               	btfsc	_flags^0,0,c
  4943  0011D2  EFED  F008         	goto	u3331
  4944  0011D6  EFEF  F008         	goto	u3330
  4945  0011DA                     u3331:
  4946  0011DA  EF0C  F009         	goto	l3242
  4947  0011DE                     u3330:
  4948  0011DE  EFFD  F008         	goto	l3240
  4949  0011E2                     l3236:
  4950                           
  4951                           ;C:\Program Files\Microchip\xc8\v2.36\pic\sources\c99\common\doprnt.c: 589:             
      +                          fputc(' ', fp);
  4952  0011E2  0E00               	movlw	0
  4953  0011E4  6E0B               	movwf	(fputc@c+1)^0,c
  4954  0011E6  0E20               	movlw	32
  4955  0011E8  6E0A               	movwf	fputc@c^0,c
  4956  0011EA  C013  F00C         	movff	stoa@fp,fputc@fp
  4957  0011EE  C014  F00D         	movff	stoa@fp+1,fputc@fp+1
  4958  0011F2  EC19  F00B         	call	_fputc	;wreg free
  4959  0011F6                     
  4960                           ;C:\Program Files\Microchip\xc8\v2.36\pic\sources\c99\common\doprnt.c: 590:             
      +                          ++l;
  4961  0011F6  4A27               	infsnz	stoa@l^0,f,c
  4962  0011F8  2A28               	incf	(stoa@l+1)^0,f,c
  4963  0011FA                     l3240:
  4964                           
  4965                           ;C:\Program Files\Microchip\xc8\v2.36\pic\sources\c99\common\doprnt.c: 588:         whil
      +                          e (l < w) {
  4966  0011FA  5021               	movf	stoa@w^0,w,c
  4967  0011FC  5C27               	subwf	stoa@l^0,w,c
  4968  0011FE  5028               	movf	(stoa@l+1)^0,w,c
  4969  001200  0A80               	xorlw	128
  4970  001202  6E17               	movwf	??_stoa^0,c
  4971  001204  5022               	movf	(stoa@w+1)^0,w,c
  4972  001206  0A80               	xorlw	128
  4973  001208  5817               	subwfb	??_stoa^0,w,c
  4974  00120A  A0D8               	btfss	status,0,c
  4975  00120C  EF0A  F009         	goto	u3341
  4976  001210  EF0C  F009         	goto	u3340
  4977  001214                     u3341:
  4978  001214  EFF1  F008         	goto	l3236
  4979  001218                     u3340:
  4980  001218                     l3242:
  4981                           
  4982                           ;C:\Program Files\Microchip\xc8\v2.36\pic\sources\c99\common\doprnt.c: 595:     i = 0;
  4983  001218  0E00               	movlw	0
  4984  00121A  6E20               	movwf	(stoa@i+1)^0,c
  4985  00121C  0E00               	movlw	0
  4986  00121E  6E1F               	movwf	stoa@i^0,c
  4987                           
  4988                           ;C:\Program Files\Microchip\xc8\v2.36\pic\sources\c99\common\doprnt.c: 596:     while (i
      +                           < p) {
  4989  001220  EF25  F009         	goto	l3250
  4990  001224                     l3244:
  4991                           
  4992                           ;C:\Program Files\Microchip\xc8\v2.36\pic\sources\c99\common\doprnt.c: 597:         fput
      +                          c(*cp, fp);
  4993  001224  C023  FFD9         	movff	stoa@cp,fsr2l
  4994  001228  C024  FFDA         	movff	stoa@cp+1,fsr2h
  4995  00122C  50DF               	movf	indf2,w,c
  4996  00122E  6E17               	movwf	??_stoa^0,c
  4997  001230  5017               	movf	??_stoa^0,w,c
  4998  001232  6E0A               	movwf	fputc@c^0,c
  4999  001234  6A0B               	clrf	(fputc@c+1)^0,c
  5000  001236  C013  F00C         	movff	stoa@fp,fputc@fp
  5001  00123A  C014  F00D         	movff	stoa@fp+1,fputc@fp+1
  5002  00123E  EC19  F00B         	call	_fputc	;wreg free
  5003  001242                     
  5004                           ;C:\Program Files\Microchip\xc8\v2.36\pic\sources\c99\common\doprnt.c: 598:         ++cp
      +                          ;
  5005  001242  4A23               	infsnz	stoa@cp^0,f,c
  5006  001244  2A24               	incf	(stoa@cp+1)^0,f,c
  5007  001246                     
  5008                           ;C:\Program Files\Microchip\xc8\v2.36\pic\sources\c99\common\doprnt.c: 599:         ++i;
  5009  001246  4A1F               	infsnz	stoa@i^0,f,c
  5010  001248  2A20               	incf	(stoa@i+1)^0,f,c
  5011  00124A                     l3250:
  5012                           
  5013                           ;C:\Program Files\Microchip\xc8\v2.36\pic\sources\c99\common\doprnt.c: 596:     while (i
      +                           < p) {
  5014  00124A  5025               	movf	stoa@p^0,w,c
  5015  00124C  5C1F               	subwf	stoa@i^0,w,c
  5016  00124E  5020               	movf	(stoa@i+1)^0,w,c
  5017  001250  0A80               	xorlw	128
  5018  001252  6E17               	movwf	??_stoa^0,c
  5019  001254  5026               	movf	(stoa@p+1)^0,w,c
  5020  001256  0A80               	xorlw	128
  5021  001258  5817               	subwfb	??_stoa^0,w,c
  5022  00125A  A0D8               	btfss	status,0,c
  5023  00125C  EF32  F009         	goto	u3351
  5024  001260  EF34  F009         	goto	u3350
  5025  001264                     u3351:
  5026  001264  EF12  F009         	goto	l3244
  5027  001268                     u3350:
  5028  001268                     
  5029                           ;C:\Program Files\Microchip\xc8\v2.36\pic\sources\c99\common\doprnt.c: 603:     if (flag
      +                          s & (1 << 0)) {
  5030  001268  A04F               	btfss	_flags^0,0,c
  5031  00126A  EF39  F009         	goto	u3361
  5032  00126E  EF3B  F009         	goto	u3360
  5033  001272                     u3361:
  5034  001272  EF58  F009         	goto	l1125
  5035  001276                     u3360:
  5036  001276  EF49  F009         	goto	l3258
  5037  00127A                     l3254:
  5038                           
  5039                           ;C:\Program Files\Microchip\xc8\v2.36\pic\sources\c99\common\doprnt.c: 605:             
      +                          fputc(' ', fp);
  5040  00127A  0E00               	movlw	0
  5041  00127C  6E0B               	movwf	(fputc@c+1)^0,c
  5042  00127E  0E20               	movlw	32
  5043  001280  6E0A               	movwf	fputc@c^0,c
  5044  001282  C013  F00C         	movff	stoa@fp,fputc@fp
  5045  001286  C014  F00D         	movff	stoa@fp+1,fputc@fp+1
  5046  00128A  EC19  F00B         	call	_fputc	;wreg free
  5047  00128E                     
  5048                           ;C:\Program Files\Microchip\xc8\v2.36\pic\sources\c99\common\doprnt.c: 606:             
      +                          ++l;
  5049  00128E  4A27               	infsnz	stoa@l^0,f,c
  5050  001290  2A28               	incf	(stoa@l+1)^0,f,c
  5051  001292                     l3258:
  5052                           
  5053                           ;C:\Program Files\Microchip\xc8\v2.36\pic\sources\c99\common\doprnt.c: 604:         whil
      +                          e (l < w) {
  5054  001292  5021               	movf	stoa@w^0,w,c
  5055  001294  5C27               	subwf	stoa@l^0,w,c
  5056  001296  5028               	movf	(stoa@l+1)^0,w,c
  5057  001298  0A80               	xorlw	128
  5058  00129A  6E17               	movwf	??_stoa^0,c
  5059  00129C  5022               	movf	(stoa@w+1)^0,w,c
  5060  00129E  0A80               	xorlw	128
  5061  0012A0  5817               	subwfb	??_stoa^0,w,c
  5062  0012A2  A0D8               	btfss	status,0,c
  5063  0012A4  EF56  F009         	goto	u3371
  5064  0012A8  EF58  F009         	goto	u3370
  5065  0012AC                     u3371:
  5066  0012AC  EF3D  F009         	goto	l3254
  5067  0012B0                     u3370:
  5068  0012B0                     l1125:
  5069                           
  5070                           ;C:\Program Files\Microchip\xc8\v2.36\pic\sources\c99\common\doprnt.c: 610:     return l
      +                          ;
  5071  0012B0  C027  F013         	movff	stoa@l,?_stoa
  5072  0012B4  C028  F014         	movff	stoa@l+1,?_stoa+1
  5073  0012B8  0012               	return		;funcret
  5074  0012BA                     __end_of_stoa:
  5075                           	callstack 0
  5076                           
  5077 ;; *************** function _strlen *****************
  5078 ;; Defined at:
  5079 ;;		line 5 in file "C:\Program Files\Microchip\xc8\v2.36\pic\sources\c99\common\strlen.c"
  5080 ;; Parameters:    Size  Location     Type
  5081 ;;  s               2    8[COMRAM] PTR const unsigned char 
  5082 ;;		 -> ?_printf(2), dbuf(32), stoa@nuls(7), ?_sprintf(2), 
  5083 ;;		 -> main@cursor(3), main@menu_names(35), 
  5084 ;; Auto vars:     Size  Location     Type
  5085 ;;  a               2   10[COMRAM] PTR const unsigned char 
  5086 ;;		 -> ?_printf(2), dbuf(32), stoa@nuls(7), ?_sprintf(2), 
  5087 ;;		 -> main@cursor(3), main@menu_names(35), 
  5088 ;; Return value:  Size  Location     Type
  5089 ;;                  2    8[COMRAM] unsigned int 
  5090 ;; Registers used:
  5091 ;;		wreg, fsr2l, fsr2h, status,2, status,0
  5092 ;; Tracked objects:
  5093 ;;		On entry : 0/0
  5094 ;;		On exit  : 0/0
  5095 ;;		Unchanged: 0/0
  5096 ;; Data sizes:     COMRAM   BANK0   BANK1   BANK2   BANK3   BANK4   BANK5   BANK6   BANK7   BANK8   BANK9  BANK10  BANK1
      +1  BANK12  BANK13  BANK14  BANK15
  5097 ;;      Params:         2       0       0       0       0       0       0       0       0       0       0       0       
      +0       0       0       0       0
  5098 ;;      Locals:         2       0       0       0       0       0       0       0       0       0       0       0       
      +0       0       0       0       0
  5099 ;;      Temps:          0       0       0       0       0       0       0       0       0       0       0       0       
      +0       0       0       0       0
  5100 ;;      Totals:         4       0       0       0       0       0       0       0       0       0       0       0       
      +0       0       0       0       0
  5101 ;;Total ram usage:        4 bytes
  5102 ;; Hardware stack levels used: 1
  5103 ;; Hardware stack levels required when called: 2
  5104 ;; This function calls:
  5105 ;;		Nothing
  5106 ;; This function is called by:
  5107 ;;		_pad
  5108 ;;		_stoa
  5109 ;; This function uses a non-reentrant model
  5110 ;;
  5111                           
  5112                           	psect	text16
  5113  001CCA                     __ptext16:
  5114                           	callstack 0
  5115  001CCA                     _strlen:
  5116                           	callstack 23
  5117  001CCA  C009  F00B         	movff	strlen@s,strlen@a
  5118  001CCE  C00A  F00C         	movff	strlen@s+1,strlen@a+1
  5119  001CD2  EF6D  F00E         	goto	l3152
  5120  001CD6                     l3150:
  5121  001CD6  4A09               	infsnz	strlen@s^0,f,c
  5122  001CD8  2A0A               	incf	(strlen@s+1)^0,f,c
  5123  001CDA                     l3152:
  5124  001CDA  C009  FFD9         	movff	strlen@s,fsr2l
  5125  001CDE  C00A  FFDA         	movff	strlen@s+1,fsr2h
  5126  001CE2  50DF               	movf	indf2,w,c
  5127  001CE4  A4D8               	btfss	status,2,c
  5128  001CE6  EF77  F00E         	goto	u3171
  5129  001CEA  EF79  F00E         	goto	u3170
  5130  001CEE                     u3171:
  5131  001CEE  EF6B  F00E         	goto	l3150
  5132  001CF2                     u3170:
  5133  001CF2  500B               	movf	strlen@a^0,w,c
  5134  001CF4  5C09               	subwf	strlen@s^0,w,c
  5135  001CF6  6E09               	movwf	?_strlen^0,c
  5136  001CF8  500C               	movf	(strlen@a+1)^0,w,c
  5137  001CFA  580A               	subwfb	(strlen@s+1)^0,w,c
  5138  001CFC  6E0A               	movwf	(?_strlen+1)^0,c
  5139  001CFE  0012               	return		;funcret
  5140  001D00                     __end_of_strlen:
  5141                           	callstack 0
  5142                           
  5143 ;; *************** function _fputc *****************
  5144 ;; Defined at:
  5145 ;;		line 8 in file "C:\Program Files\Microchip\xc8\v2.36\pic\sources\c99\common\nf_fputc.c"
  5146 ;; Parameters:    Size  Location     Type
  5147 ;;  c               2    9[COMRAM] int 
  5148 ;;  fp              2   11[COMRAM] PTR struct _IO_FILE
  5149 ;;		 -> NULL(0), sprintf@f(11), 
  5150 ;; Auto vars:     Size  Location     Type
  5151 ;;		None
  5152 ;; Return value:  Size  Location     Type
  5153 ;;                  2    9[COMRAM] int 
  5154 ;; Registers used:
  5155 ;;		wreg, fsr1l, fsr1h, fsr2l, fsr2h, status,2, status,0, cstack
  5156 ;; Tracked objects:
  5157 ;;		On entry : 0/0
  5158 ;;		On exit  : 0/0
  5159 ;;		Unchanged: 0/0
  5160 ;; Data sizes:     COMRAM   BANK0   BANK1   BANK2   BANK3   BANK4   BANK5   BANK6   BANK7   BANK8   BANK9  BANK10  BANK1
      +1  BANK12  BANK13  BANK14  BANK15
  5161 ;;      Params:         4       0       0       0       0       0       0       0       0       0       0       0       
      +0       0       0       0       0
  5162 ;;      Locals:         0       0       0       0       0       0       0       0       0       0       0       0       
      +0       0       0       0       0
  5163 ;;      Temps:          5       0       0       0       0       0       0       0       0       0       0       0       
      +0       0       0       0       0
  5164 ;;      Totals:         9       0       0       0       0       0       0       0       0       0       0       0       
      +0       0       0       0       0
  5165 ;;Total ram usage:        9 bytes
  5166 ;; Hardware stack levels used: 1
  5167 ;; Hardware stack levels required when called: 3
  5168 ;; This function calls:
  5169 ;;		_putch
  5170 ;; This function is called by:
  5171 ;;		_pad
  5172 ;;		_stoa
  5173 ;;		_vfpfcnvrt
  5174 ;;		_fputs
  5175 ;; This function uses a non-reentrant model
  5176 ;;
  5177                           
  5178                           	psect	text17
  5179  001632                     __ptext17:
  5180                           	callstack 0
  5181  001632                     _fputc:
  5182                           	callstack 21
  5183  001632  500C               	movf	fputc@fp^0,w,c
  5184  001634  100D               	iorwf	(fputc@fp+1)^0,w,c
  5185  001636  B4D8               	btfsc	status,2,c
  5186  001638  EF20  F00B         	goto	u3121
  5187  00163C  EF22  F00B         	goto	u3120
  5188  001640                     u3121:
  5189  001640  EF2B  F00B         	goto	l3130
  5190  001644                     u3120:
  5191  001644  500C               	movf	fputc@fp^0,w,c
  5192  001646  100D               	iorwf	(fputc@fp+1)^0,w,c
  5193  001648  A4D8               	btfss	status,2,c
  5194  00164A  EF29  F00B         	goto	u3131
  5195  00164E  EF2B  F00B         	goto	u3130
  5196  001652                     u3131:
  5197  001652  EF30  F00B         	goto	l3132
  5198  001656                     u3130:
  5199  001656                     l3130:
  5200  001656  500A               	movf	fputc@c^0,w,c
  5201  001658  EC12  F00F         	call	_putch
  5202  00165C  EF7D  F00B         	goto	l1176
  5203  001660                     l3132:
  5204  001660  EE20 F009          	lfsr	2,9
  5205  001664  500C               	movf	fputc@fp^0,w,c
  5206  001666  26D9               	addwf	fsr2l,f,c
  5207  001668  500D               	movf	(fputc@fp+1)^0,w,c
  5208  00166A  22DA               	addwfc	fsr2h,f,c
  5209  00166C  50DE               	movf	postinc2,w,c
  5210  00166E  10DE               	iorwf	postinc2,w,c
  5211  001670  B4D8               	btfsc	status,2,c
  5212  001672  EF3D  F00B         	goto	u3141
  5213  001676  EF3F  F00B         	goto	u3140
  5214  00167A                     u3141:
  5215  00167A  EF5A  F00B         	goto	l3136
  5216  00167E                     u3140:
  5217  00167E  EE20 F009          	lfsr	2,9
  5218  001682  500C               	movf	fputc@fp^0,w,c
  5219  001684  26D9               	addwf	fsr2l,f,c
  5220  001686  500D               	movf	(fputc@fp+1)^0,w,c
  5221  001688  22DA               	addwfc	fsr2h,f,c
  5222  00168A  EE10 F003          	lfsr	1,3
  5223  00168E  500C               	movf	fputc@fp^0,w,c
  5224  001690  26E1               	addwf	fsr1l,f,c
  5225  001692  500D               	movf	(fputc@fp+1)^0,w,c
  5226  001694  22E2               	addwfc	fsr1h,f,c
  5227  001696  50DE               	movf	postinc2,w,c
  5228  001698  5CE6               	subwf	postinc1,w,c
  5229  00169A  50E6               	movf	postinc1,w,c
  5230  00169C  0A80               	xorlw	128
  5231  00169E  6E12               	movwf	(??_fputc+4)^0,c
  5232  0016A0  50DE               	movf	postinc2,w,c
  5233  0016A2  0A80               	xorlw	128
  5234  0016A4  5812               	subwfb	(??_fputc+4)^0,w,c
  5235  0016A6  B0D8               	btfsc	status,0,c
  5236  0016A8  EF58  F00B         	goto	u3151
  5237  0016AC  EF5A  F00B         	goto	u3150
  5238  0016B0                     u3151:
  5239  0016B0  EF7D  F00B         	goto	l1176
  5240  0016B4                     u3150:
  5241  0016B4                     l3136:
  5242  0016B4  EE20 F003          	lfsr	2,3
  5243  0016B8  500C               	movf	fputc@fp^0,w,c
  5244  0016BA  26D9               	addwf	fsr2l,f,c
  5245  0016BC  500D               	movf	(fputc@fp+1)^0,w,c
  5246  0016BE  22DA               	addwfc	fsr2h,f,c
  5247  0016C0  CFDE F00E          	movff	postinc2,??_fputc
  5248  0016C4  CFDD F00F          	movff	postdec2,??_fputc+1
  5249  0016C8  C00C  FFD9         	movff	fputc@fp,fsr2l
  5250  0016CC  C00D  FFDA         	movff	fputc@fp+1,fsr2h
  5251  0016D0  CFDE F010          	movff	postinc2,??_fputc+2
  5252  0016D4  CFDD F011          	movff	postdec2,??_fputc+3
  5253  0016D8  500E               	movf	??_fputc^0,w,c
  5254  0016DA  2410               	addwf	(??_fputc+2)^0,w,c
  5255  0016DC  6ED9               	movwf	fsr2l,c
  5256  0016DE  500F               	movf	(??_fputc+1)^0,w,c
  5257  0016E0  2011               	addwfc	(??_fputc+3)^0,w,c
  5258  0016E2  6EDA               	movwf	fsr2h,c
  5259  0016E4  C00A  FFDF         	movff	fputc@c,indf2
  5260  0016E8  EE20 F003          	lfsr	2,3
  5261  0016EC  500C               	movf	fputc@fp^0,w,c
  5262  0016EE  26D9               	addwf	fsr2l,f,c
  5263  0016F0  500D               	movf	(fputc@fp+1)^0,w,c
  5264  0016F2  22DA               	addwfc	fsr2h,f,c
  5265  0016F4  2ADE               	incf	postinc2,f,c
  5266  0016F6  0E00               	movlw	0
  5267  0016F8  22DD               	addwfc	postdec2,f,c
  5268  0016FA                     l1176:
  5269  0016FA  0012               	return		;funcret
  5270  0016FC                     __end_of_fputc:
  5271                           	callstack 0
  5272                           
  5273 ;; *************** function _putch *****************
  5274 ;; Defined at:
  5275 ;;		line 619 in file "menu.c"
  5276 ;; Parameters:    Size  Location     Type
  5277 ;;  data            1    wreg     unsigned char 
  5278 ;; Auto vars:     Size  Location     Type
  5279 ;;  data            1    8[COMRAM] unsigned char 
  5280 ;; Return value:  Size  Location     Type
  5281 ;;                  1    wreg      void 
  5282 ;; Registers used:
  5283 ;;		wreg
  5284 ;; Tracked objects:
  5285 ;;		On entry : 0/0
  5286 ;;		On exit  : 0/0
  5287 ;;		Unchanged: 0/0
  5288 ;; Data sizes:     COMRAM   BANK0   BANK1   BANK2   BANK3   BANK4   BANK5   BANK6   BANK7   BANK8   BANK9  BANK10  BANK1
      +1  BANK12  BANK13  BANK14  BANK15
  5289 ;;      Params:         0       0       0       0       0       0       0       0       0       0       0       0       
      +0       0       0       0       0
  5290 ;;      Locals:         1       0       0       0       0       0       0       0       0       0       0       0       
      +0       0       0       0       0
  5291 ;;      Temps:          0       0       0       0       0       0       0       0       0       0       0       0       
      +0       0       0       0       0
  5292 ;;      Totals:         1       0       0       0       0       0       0       0       0       0       0       0       
      +0       0       0       0       0
  5293 ;;Total ram usage:        1 bytes
  5294 ;; Hardware stack levels used: 1
  5295 ;; Hardware stack levels required when called: 2
  5296 ;; This function calls:
  5297 ;;		Nothing
  5298 ;; This function is called by:
  5299 ;;		_fputc
  5300 ;; This function uses a non-reentrant model
  5301 ;;
  5302                           
  5303                           	psect	text18
  5304  001E24                     __ptext18:
  5305                           	callstack 0
  5306  001E24                     _putch:
  5307                           	callstack 21
  5308                           
  5309                           ;incstack = 0
  5310                           ;putch@data stored from wreg
  5311  001E24  6E09               	movwf	putch@data^0,c
  5312  001E26                     l310:
  5313  001E26  A89E               	btfss	3998,4,c	;volatile
  5314  001E28  EF18  F00F         	goto	u3111
  5315  001E2C  EF1A  F00F         	goto	u3110
  5316  001E30                     u3111:
  5317  001E30  EF13  F00F         	goto	l310
  5318  001E34                     u3110:
  5319  001E34  C009  FFAD         	movff	putch@data,4013	;volatile
  5320  001E38  0012               	return		;funcret
  5321  001E3A                     __end_of_putch:
  5322                           	callstack 0
  5323                           
  5324 ;; *************** function _driveLED *****************
  5325 ;; Defined at:
  5326 ;;		line 528 in file "menu.c"
  5327 ;; Parameters:    Size  Location     Type
  5328 ;;  in              1    wreg     unsigned char 
  5329 ;; Auto vars:     Size  Location     Type
  5330 ;;  in              1    8[COMRAM] unsigned char 
  5331 ;; Return value:  Size  Location     Type
  5332 ;;                  1    wreg      void 
  5333 ;; Registers used:
  5334 ;;		wreg
  5335 ;; Tracked objects:
  5336 ;;		On entry : 0/0
  5337 ;;		On exit  : 0/0
  5338 ;;		Unchanged: 0/0
  5339 ;; Data sizes:     COMRAM   BANK0   BANK1   BANK2   BANK3   BANK4   BANK5   BANK6   BANK7   BANK8   BANK9  BANK10  BANK1
      +1  BANK12  BANK13  BANK14  BANK15
  5340 ;;      Params:         0       0       0       0       0       0       0       0       0       0       0       0       
      +0       0       0       0       0
  5341 ;;      Locals:         1       0       0       0       0       0       0       0       0       0       0       0       
      +0       0       0       0       0
  5342 ;;      Temps:          0       0       0       0       0       0       0       0       0       0       0       0       
      +0       0       0       0       0
  5343 ;;      Totals:         1       0       0       0       0       0       0       0       0       0       0       0       
      +0       0       0       0       0
  5344 ;;Total ram usage:        1 bytes
  5345 ;; Hardware stack levels used: 1
  5346 ;; Hardware stack levels required when called: 2
  5347 ;; This function calls:
  5348 ;;		Nothing
  5349 ;; This function is called by:
  5350 ;;		_main
  5351 ;; This function uses a non-reentrant model
  5352 ;;
  5353                           
  5354                           	psect	text19
  5355  001900                     __ptext19:
  5356                           	callstack 0
  5357  001900                     _driveLED:
  5358                           	callstack 28
  5359                           
  5360                           ;incstack = 0
  5361                           ;driveLED@in stored from wreg
  5362  001900  6E09               	movwf	driveLED@in^0,c
  5363  001902  A009               	btfss	driveLED@in^0,0,c
  5364  001904  EF86  F00C         	goto	u3621
  5365  001908  EF89  F00C         	goto	u3620
  5366  00190C                     u3621:
  5367  00190C  848C               	bsf	3980,2,c	;volatile
  5368  00190E  EF8A  F00C         	goto	u3635
  5369  001912                     u3620:
  5370  001912  948C               	bcf	3980,2,c	;volatile
  5371  001914                     u3635:
  5372  001914  A209               	btfss	driveLED@in^0,1,c
  5373  001916  EF8F  F00C         	goto	u3641
  5374  00191A  EF92  F00C         	goto	u3640
  5375  00191E                     u3641:
  5376  00191E  868C               	bsf	3980,3,c	;volatile
  5377  001920  EF93  F00C         	goto	u3655
  5378  001924                     u3640:
  5379  001924  968C               	bcf	3980,3,c	;volatile
  5380  001926                     u3655:
  5381  001926  A409               	btfss	driveLED@in^0,2,c
  5382  001928  EF98  F00C         	goto	u3661
  5383  00192C  EF9B  F00C         	goto	u3660
  5384  001930                     u3661:
  5385  001930  888B               	bsf	3979,4,c	;volatile
  5386  001932  EF9C  F00C         	goto	u3675
  5387  001936                     u3660:
  5388  001936  988B               	bcf	3979,4,c	;volatile
  5389  001938                     u3675:
  5390  001938  A609               	btfss	driveLED@in^0,3,c
  5391  00193A  EFA1  F00C         	goto	u3681
  5392  00193E  EFA4  F00C         	goto	u3680
  5393  001942                     u3681:
  5394  001942  888C               	bsf	3980,4,c	;volatile
  5395  001944  EFA5  F00C         	goto	u3695
  5396  001948                     u3680:
  5397  001948  988C               	bcf	3980,4,c	;volatile
  5398  00194A                     u3695:
  5399  00194A  A809               	btfss	driveLED@in^0,4,c
  5400  00194C  EFAA  F00C         	goto	u3701
  5401  001950  EFAD  F00C         	goto	u3700
  5402  001954                     u3701:
  5403  001954  8A8C               	bsf	3980,5,c	;volatile
  5404  001956  EFAE  F00C         	goto	u3715
  5405  00195A                     u3700:
  5406  00195A  9A8C               	bcf	3980,5,c	;volatile
  5407  00195C                     u3715:
  5408  00195C  AA09               	btfss	driveLED@in^0,5,c
  5409  00195E  EFB3  F00C         	goto	u3721
  5410  001962  EFB6  F00C         	goto	u3720
  5411  001966                     u3721:
  5412  001966  8C8C               	bsf	3980,6,c	;volatile
  5413  001968  EFB7  F00C         	goto	u3735
  5414  00196C                     u3720:
  5415  00196C  9C8C               	bcf	3980,6,c	;volatile
  5416  00196E                     u3735:
  5417  00196E  0012               	return		;funcret
  5418  001970                     __end_of_driveLED:
  5419                           	callstack 0
  5420                           
  5421 ;; *************** function _adc_read *****************
  5422 ;; Defined at:
  5423 ;;		line 587 in file "menu.c"
  5424 ;; Parameters:    Size  Location     Type
  5425 ;;  channel         1    wreg     unsigned char 
  5426 ;; Auto vars:     Size  Location     Type
  5427 ;;  channel         1   12[COMRAM] unsigned char 
  5428 ;;  value           2   13[COMRAM] unsigned int 
  5429 ;; Return value:  Size  Location     Type
  5430 ;;                  2    8[COMRAM] unsigned int 
  5431 ;; Registers used:
  5432 ;;		wreg, status,2, status,0
  5433 ;; Tracked objects:
  5434 ;;		On entry : 0/0
  5435 ;;		On exit  : 0/0
  5436 ;;		Unchanged: 0/0
  5437 ;; Data sizes:     COMRAM   BANK0   BANK1   BANK2   BANK3   BANK4   BANK5   BANK6   BANK7   BANK8   BANK9  BANK10  BANK1
      +1  BANK12  BANK13  BANK14  BANK15
  5438 ;;      Params:         2       0       0       0       0       0       0       0       0       0       0       0       
      +0       0       0       0       0
  5439 ;;      Locals:         3       0       0       0       0       0       0       0       0       0       0       0       
      +0       0       0       0       0
  5440 ;;      Temps:          2       0       0       0       0       0       0       0       0       0       0       0       
      +0       0       0       0       0
  5441 ;;      Totals:         7       0       0       0       0       0       0       0       0       0       0       0       
      +0       0       0       0       0
  5442 ;;Total ram usage:        7 bytes
  5443 ;; Hardware stack levels used: 1
  5444 ;; Hardware stack levels required when called: 2
  5445 ;; This function calls:
  5446 ;;		Nothing
  5447 ;; This function is called by:
  5448 ;;		_main
  5449 ;; This function uses a non-reentrant model
  5450 ;;
  5451                           
  5452                           	psect	text20
  5453  001C58                     __ptext20:
  5454                           	callstack 0
  5455  001C58                     _adc_read:
  5456                           	callstack 28
  5457                           
  5458                           ;incstack = 0
  5459                           ;adc_read@channel stored from wreg
  5460  001C58  6E0D               	movwf	adc_read@channel^0,c
  5461  001C5A  C00D  F00B         	movff	adc_read@channel,??_adc_read
  5462  001C5E  460B               	rlncf	??_adc_read^0,f,c
  5463  001C60  460B               	rlncf	??_adc_read^0,f,c
  5464  001C62  50C2               	movf	194,w,c	;volatile
  5465  001C64  180B               	xorwf	??_adc_read^0,w,c
  5466  001C66  0B83               	andlw	-125
  5467  001C68  180B               	xorwf	??_adc_read^0,w,c
  5468  001C6A  6EC2               	movwf	194,c	;volatile
  5469  001C6C  82C2               	bsf	4034,1,c	;volatile
  5470  001C6E                     l298:
  5471  001C6E  B2C2               	btfsc	4034,1,c	;volatile
  5472  001C70  EF3C  F00E         	goto	u3841
  5473  001C74  EF3E  F00E         	goto	u3840
  5474  001C78                     u3841:
  5475  001C78  EF37  F00E         	goto	l298
  5476  001C7C                     u3840:
  5477  001C7C  50C4               	movf	196,w,c	;volatile
  5478  001C7E  6E0B               	movwf	??_adc_read^0,c
  5479  001C80  50C3               	movf	195,w,c	;volatile
  5480  001C82  6E0E               	movwf	adc_read@value^0,c
  5481  001C84  C00B  F00F         	movff	??_adc_read,adc_read@value+1
  5482  001C88  C00E  F009         	movff	adc_read@value,?_adc_read
  5483  001C8C  C00F  F00A         	movff	adc_read@value+1,?_adc_read+1
  5484  001C90  0012               	return		;funcret
  5485  001C92                     __end_of_adc_read:
  5486                           	callstack 0
  5487                           
  5488 ;; *************** function _adc_init *****************
  5489 ;; Defined at:
  5490 ;;		line 572 in file "menu.c"
  5491 ;; Parameters:    Size  Location     Type
  5492 ;;		None
  5493 ;; Auto vars:     Size  Location     Type
  5494 ;;		None
  5495 ;; Return value:  Size  Location     Type
  5496 ;;                  1    wreg      void 
  5497 ;; Registers used:
  5498 ;;		wreg, status,2
  5499 ;; Tracked objects:
  5500 ;;		On entry : 0/0
  5501 ;;		On exit  : 0/0
  5502 ;;		Unchanged: 0/0
  5503 ;; Data sizes:     COMRAM   BANK0   BANK1   BANK2   BANK3   BANK4   BANK5   BANK6   BANK7   BANK8   BANK9  BANK10  BANK1
      +1  BANK12  BANK13  BANK14  BANK15
  5504 ;;      Params:         0       0       0       0       0       0       0       0       0       0       0       0       
      +0       0       0       0       0
  5505 ;;      Locals:         0       0       0       0       0       0       0       0       0       0       0       0       
      +0       0       0       0       0
  5506 ;;      Temps:          0       0       0       0       0       0       0       0       0       0       0       0       
      +0       0       0       0       0
  5507 ;;      Totals:         0       0       0       0       0       0       0       0       0       0       0       0       
      +0       0       0       0       0
  5508 ;;Total ram usage:        0 bytes
  5509 ;; Hardware stack levels used: 1
  5510 ;; Hardware stack levels required when called: 2
  5511 ;; This function calls:
  5512 ;;		Nothing
  5513 ;; This function is called by:
  5514 ;;		_main
  5515 ;; This function uses a non-reentrant model
  5516 ;;
  5517                           
  5518                           	psect	text21
  5519  001DB4                     __ptext21:
  5520                           	callstack 0
  5521  001DB4                     _adc_init:
  5522                           	callstack 28
  5523  001DB4  010F               	movlb	15	; () banked
  5524  001DB6  8B38               	bsf	56,5,b	;volatile
  5525  001DB8  813C               	bsf	60,0,b	;volatile
  5526  001DBA  8B39               	bsf	57,5,b	;volatile
  5527  001DBC  8A92               	bsf	146,5,c	;volatile
  5528  001DBE  8096               	bsf	150,0,c	;volatile
  5529  001DC0  8A93               	bsf	147,5,c	;volatile
  5530  001DC2  8EC0               	bsf	192,7,c	;volatile
  5531  001DC4                     
  5532                           ; BSR set to: 15
  5533  001DC4  50C0               	movf	192,w,c	;volatile
  5534  001DC6  0BF8               	andlw	-8
  5535  001DC8  0906               	iorlw	6
  5536  001DCA  6EC0               	movwf	192,c	;volatile
  5537  001DCC  50C0               	movf	192,w,c	;volatile
  5538  001DCE  0BC7               	andlw	-57
  5539  001DD0  0930               	iorlw	48
  5540  001DD2  6EC0               	movwf	192,c	;volatile
  5541  001DD4                     
  5542                           ; BSR set to: 15
  5543  001DD4  80C2               	bsf	194,0,c	;volatile
  5544  001DD6                     
  5545                           ; BSR set to: 15
  5546  001DD6  0012               	return		;funcret
  5547  001DD8                     __end_of_adc_init:
  5548                           	callstack 0
  5549                           
  5550 ;; *************** function ___awmod *****************
  5551 ;; Defined at:
  5552 ;;		line 7 in file "C:\Program Files\Microchip\xc8\v2.36\pic\sources\c99\common\awmod.c"
  5553 ;; Parameters:    Size  Location     Type
  5554 ;;  dividend        2   26[COMRAM] int 
  5555 ;;  divisor         2   28[COMRAM] int 
  5556 ;; Auto vars:     Size  Location     Type
  5557 ;;  sign            1   31[COMRAM] unsigned char 
  5558 ;;  counter         1   30[COMRAM] unsigned char 
  5559 ;; Return value:  Size  Location     Type
  5560 ;;                  2   26[COMRAM] int 
  5561 ;; Registers used:
  5562 ;;		wreg, status,2, status,0
  5563 ;; Tracked objects:
  5564 ;;		On entry : 0/0
  5565 ;;		On exit  : 0/0
  5566 ;;		Unchanged: 0/0
  5567 ;; Data sizes:     COMRAM   BANK0   BANK1   BANK2   BANK3   BANK4   BANK5   BANK6   BANK7   BANK8   BANK9  BANK10  BANK1
      +1  BANK12  BANK13  BANK14  BANK15
  5568 ;;      Params:         4       0       0       0       0       0       0       0       0       0       0       0       
      +0       0       0       0       0
  5569 ;;      Locals:         2       0       0       0       0       0       0       0       0       0       0       0       
      +0       0       0       0       0
  5570 ;;      Temps:          0       0       0       0       0       0       0       0       0       0       0       0       
      +0       0       0       0       0
  5571 ;;      Totals:         6       0       0       0       0       0       0       0       0       0       0       0       
      +0       0       0       0       0
  5572 ;;Total ram usage:        6 bytes
  5573 ;; Hardware stack levels used: 1
  5574 ;; Hardware stack levels required when called: 2
  5575 ;; This function calls:
  5576 ;;		Nothing
  5577 ;; This function is called by:
  5578 ;;		_main
  5579 ;; This function uses a non-reentrant model
  5580 ;;
  5581                           
  5582                           	psect	text22
  5583  0017BE                     __ptext22:
  5584                           	callstack 0
  5585  0017BE                     ___awmod:
  5586                           	callstack 28
  5587  0017BE  0E00               	movlw	0
  5588  0017C0  6E20               	movwf	___awmod@sign^0,c
  5589  0017C2  BE1C               	btfsc	(___awmod@dividend+1)^0,7,c
  5590  0017C4  EFE8  F00B         	goto	u3880
  5591  0017C8  EFE6  F00B         	goto	u3881
  5592  0017CC                     u3881:
  5593  0017CC  EFEE  F00B         	goto	l3546
  5594  0017D0                     u3880:
  5595  0017D0  6C1B               	negf	___awmod@dividend^0,c
  5596  0017D2  1E1C               	comf	(___awmod@dividend+1)^0,f,c
  5597  0017D4  B0D8               	btfsc	status,0,c
  5598  0017D6  2A1C               	incf	(___awmod@dividend+1)^0,f,c
  5599  0017D8  0E01               	movlw	1
  5600  0017DA  6E20               	movwf	___awmod@sign^0,c
  5601  0017DC                     l3546:
  5602  0017DC  BE1E               	btfsc	(___awmod@divisor+1)^0,7,c
  5603  0017DE  EFF5  F00B         	goto	u3890
  5604  0017E2  EFF3  F00B         	goto	u3891
  5605  0017E6                     u3891:
  5606  0017E6  EFF9  F00B         	goto	l3550
  5607  0017EA                     u3890:
  5608  0017EA  6C1D               	negf	___awmod@divisor^0,c
  5609  0017EC  1E1E               	comf	(___awmod@divisor+1)^0,f,c
  5610  0017EE  B0D8               	btfsc	status,0,c
  5611  0017F0  2A1E               	incf	(___awmod@divisor+1)^0,f,c
  5612  0017F2                     l3550:
  5613  0017F2  501D               	movf	___awmod@divisor^0,w,c
  5614  0017F4  101E               	iorwf	(___awmod@divisor+1)^0,w,c
  5615  0017F6  B4D8               	btfsc	status,2,c
  5616  0017F8  EF00  F00C         	goto	u3901
  5617  0017FC  EF02  F00C         	goto	u3900
  5618  001800                     u3901:
  5619  001800  EF26  F00C         	goto	l3566
  5620  001804                     u3900:
  5621  001804  0E01               	movlw	1
  5622  001806  6E1F               	movwf	___awmod@counter^0,c
  5623  001808  EF0A  F00C         	goto	l3556
  5624  00180C                     l3554:
  5625  00180C  90D8               	bcf	status,0,c
  5626  00180E  361D               	rlcf	___awmod@divisor^0,f,c
  5627  001810  361E               	rlcf	(___awmod@divisor+1)^0,f,c
  5628  001812  2A1F               	incf	___awmod@counter^0,f,c
  5629  001814                     l3556:
  5630  001814  AE1E               	btfss	(___awmod@divisor+1)^0,7,c
  5631  001816  EF0F  F00C         	goto	u3911
  5632  00181A  EF11  F00C         	goto	u3910
  5633  00181E                     u3911:
  5634  00181E  EF06  F00C         	goto	l3554
  5635  001822                     u3910:
  5636  001822                     l3558:
  5637  001822  501D               	movf	___awmod@divisor^0,w,c
  5638  001824  5C1B               	subwf	___awmod@dividend^0,w,c
  5639  001826  501E               	movf	(___awmod@divisor+1)^0,w,c
  5640  001828  581C               	subwfb	(___awmod@dividend+1)^0,w,c
  5641  00182A  A0D8               	btfss	status,0,c
  5642  00182C  EF1A  F00C         	goto	u3921
  5643  001830  EF1C  F00C         	goto	u3920
  5644  001834                     u3921:
  5645  001834  EF20  F00C         	goto	l3562
  5646  001838                     u3920:
  5647  001838  501D               	movf	___awmod@divisor^0,w,c
  5648  00183A  5E1B               	subwf	___awmod@dividend^0,f,c
  5649  00183C  501E               	movf	(___awmod@divisor+1)^0,w,c
  5650  00183E  5A1C               	subwfb	(___awmod@dividend+1)^0,f,c
  5651  001840                     l3562:
  5652  001840  90D8               	bcf	status,0,c
  5653  001842  321E               	rrcf	(___awmod@divisor+1)^0,f,c
  5654  001844  321D               	rrcf	___awmod@divisor^0,f,c
  5655  001846  2E1F               	decfsz	___awmod@counter^0,f,c
  5656  001848  EF11  F00C         	goto	l3558
  5657  00184C                     l3566:
  5658  00184C  5020               	movf	___awmod@sign^0,w,c
  5659  00184E  B4D8               	btfsc	status,2,c
  5660  001850  EF2C  F00C         	goto	u3931
  5661  001854  EF2E  F00C         	goto	u3930
  5662  001858                     u3931:
  5663  001858  EF32  F00C         	goto	l3570
  5664  00185C                     u3930:
  5665  00185C  6C1B               	negf	___awmod@dividend^0,c
  5666  00185E  1E1C               	comf	(___awmod@dividend+1)^0,f,c
  5667  001860  B0D8               	btfsc	status,0,c
  5668  001862  2A1C               	incf	(___awmod@dividend+1)^0,f,c
  5669  001864                     l3570:
  5670  001864  C01B  F01B         	movff	___awmod@dividend,?___awmod
  5671  001868  C01C  F01C         	movff	___awmod@dividend+1,?___awmod+1
  5672  00186C  0012               	return		;funcret
  5673  00186E                     __end_of___awmod:
  5674                           	callstack 0
  5675                           
  5676 ;; *************** function _T1_init *****************
  5677 ;; Defined at:
  5678 ;;		line 660 in file "menu.c"
  5679 ;; Parameters:    Size  Location     Type
  5680 ;;		None
  5681 ;; Auto vars:     Size  Location     Type
  5682 ;;		None
  5683 ;; Return value:  Size  Location     Type
  5684 ;;                  1    wreg      void 
  5685 ;; Registers used:
  5686 ;;		wreg, status,2
  5687 ;; Tracked objects:
  5688 ;;		On entry : 0/0
  5689 ;;		On exit  : 0/0
  5690 ;;		Unchanged: 0/0
  5691 ;; Data sizes:     COMRAM   BANK0   BANK1   BANK2   BANK3   BANK4   BANK5   BANK6   BANK7   BANK8   BANK9  BANK10  BANK1
      +1  BANK12  BANK13  BANK14  BANK15
  5692 ;;      Params:         0       0       0       0       0       0       0       0       0       0       0       0       
      +0       0       0       0       0
  5693 ;;      Locals:         0       0       0       0       0       0       0       0       0       0       0       0       
      +0       0       0       0       0
  5694 ;;      Temps:          0       0       0       0       0       0       0       0       0       0       0       0       
      +0       0       0       0       0
  5695 ;;      Totals:         0       0       0       0       0       0       0       0       0       0       0       0       
      +0       0       0       0       0
  5696 ;;Total ram usage:        0 bytes
  5697 ;; Hardware stack levels used: 1
  5698 ;; Hardware stack levels required when called: 2
  5699 ;; This function calls:
  5700 ;;		Nothing
  5701 ;; This function is called by:
  5702 ;;		_main
  5703 ;; This function uses a non-reentrant model
  5704 ;;
  5705                           
  5706                           	psect	text23
  5707  001E3A                     __ptext23:
  5708                           	callstack 0
  5709  001E3A                     _T1_init:
  5710                           	callstack 28
  5711  001E3A  50CD               	movf	205,w,c	;volatile
  5712  001E3C  0B3F               	andlw	-193
  5713  001E3E  0940               	iorlw	64
  5714  001E40  6ECD               	movwf	205,c	;volatile
  5715  001E42  0E30               	movlw	48
  5716  001E44  12CD               	iorwf	205,f,c	;volatile
  5717  001E46  80CD               	bsf	4045,0,c	;volatile
  5718  001E48  909E               	bcf	3998,0,c	;volatile
  5719  001E4A  0012               	return		;funcret
  5720  001E4C                     __end_of_T1_init:
  5721                           	callstack 0
  5722                           
  5723 ;; *************** function _SPIWrite *****************
  5724 ;; Defined at:
  5725 ;;		line 538 in file "menu.c"
  5726 ;; Parameters:    Size  Location     Type
  5727 ;;  channel         1    wreg     unsigned char 
  5728 ;;  data            1    8[COMRAM] unsigned char 
  5729 ;; Auto vars:     Size  Location     Type
  5730 ;;  channel         1    9[COMRAM] unsigned char 
  5731 ;;  lsb             1   11[COMRAM] unsigned char 
  5732 ;;  msb             1   10[COMRAM] unsigned char 
  5733 ;; Return value:  Size  Location     Type
  5734 ;;                  1    wreg      void 
  5735 ;; Registers used:
  5736 ;;		wreg, status,2, status,0
  5737 ;; Tracked objects:
  5738 ;;		On entry : 0/0
  5739 ;;		On exit  : 0/0
  5740 ;;		Unchanged: 0/0
  5741 ;; Data sizes:     COMRAM   BANK0   BANK1   BANK2   BANK3   BANK4   BANK5   BANK6   BANK7   BANK8   BANK9  BANK10  BANK1
      +1  BANK12  BANK13  BANK14  BANK15
  5742 ;;      Params:         1       0       0       0       0       0       0       0       0       0       0       0       
      +0       0       0       0       0
  5743 ;;      Locals:         3       0       0       0       0       0       0       0       0       0       0       0       
      +0       0       0       0       0
  5744 ;;      Temps:          0       0       0       0       0       0       0       0       0       0       0       0       
      +0       0       0       0       0
  5745 ;;      Totals:         4       0       0       0       0       0       0       0       0       0       0       0       
      +0       0       0       0       0
  5746 ;;Total ram usage:        4 bytes
  5747 ;; Hardware stack levels used: 1
  5748 ;; Hardware stack levels required when called: 2
  5749 ;; This function calls:
  5750 ;;		Nothing
  5751 ;; This function is called by:
  5752 ;;		_main
  5753 ;; This function uses a non-reentrant model
  5754 ;;
  5755                           
  5756                           	psect	text24
  5757  001C1A                     __ptext24:
  5758                           	callstack 0
  5759  001C1A                     _SPIWrite:
  5760                           	callstack 28
  5761                           
  5762                           ;incstack = 0
  5763                           ;SPIWrite@channel stored from wreg
  5764  001C1A  6E0A               	movwf	SPIWrite@channel^0,c
  5765  001C1C  968A               	bcf	3978,3,c	;volatile
  5766  001C1E  3809               	swapf	SPIWrite@data^0,w,c
  5767  001C20  0B0F               	andlw	15
  5768  001C22  100A               	iorwf	SPIWrite@channel^0,w,c
  5769  001C24  6E0B               	movwf	SPIWrite@msb^0,c
  5770  001C26  3809               	swapf	SPIWrite@data^0,w,c
  5771  001C28  0BF0               	andlw	240
  5772  001C2A  6E0C               	movwf	SPIWrite@lsb^0,c
  5773  001C2C  C00B  FFC9         	movff	SPIWrite@msb,4041	;volatile
  5774  001C30                     l283:
  5775  001C30  A69E               	btfss	3998,3,c	;volatile
  5776  001C32  EF1D  F00E         	goto	u3851
  5777  001C36  EF1F  F00E         	goto	u3850
  5778  001C3A                     u3851:
  5779  001C3A  EF18  F00E         	goto	l283
  5780  001C3E                     u3850:
  5781  001C3E  969E               	bcf	3998,3,c	;volatile
  5782  001C40  C00C  FFC9         	movff	SPIWrite@lsb,4041	;volatile
  5783  001C44                     l286:
  5784  001C44  A69E               	btfss	3998,3,c	;volatile
  5785  001C46  EF27  F00E         	goto	u3861
  5786  001C4A  EF29  F00E         	goto	u3860
  5787  001C4E                     u3861:
  5788  001C4E  EF22  F00E         	goto	l286
  5789  001C52                     u3860:
  5790  001C52  969E               	bcf	3998,3,c	;volatile
  5791  001C54  868A               	bsf	3978,3,c	;volatile
  5792  001C56  0012               	return		;funcret
  5793  001C58                     __end_of_SPIWrite:
  5794                           	callstack 0
  5795                           
  5796 ;; *************** function _PWM_init *****************
  5797 ;; Defined at:
  5798 ;;		line 642 in file "menu.c"
  5799 ;; Parameters:    Size  Location     Type
  5800 ;;		None
  5801 ;; Auto vars:     Size  Location     Type
  5802 ;;		None
  5803 ;; Return value:  Size  Location     Type
  5804 ;;                  1    wreg      void 
  5805 ;; Registers used:
  5806 ;;		wreg, status,2
  5807 ;; Tracked objects:
  5808 ;;		On entry : 0/0
  5809 ;;		On exit  : 0/0
  5810 ;;		Unchanged: 0/0
  5811 ;; Data sizes:     COMRAM   BANK0   BANK1   BANK2   BANK3   BANK4   BANK5   BANK6   BANK7   BANK8   BANK9  BANK10  BANK1
      +1  BANK12  BANK13  BANK14  BANK15
  5812 ;;      Params:         0       0       0       0       0       0       0       0       0       0       0       0       
      +0       0       0       0       0
  5813 ;;      Locals:         0       0       0       0       0       0       0       0       0       0       0       0       
      +0       0       0       0       0
  5814 ;;      Temps:          0       0       0       0       0       0       0       0       0       0       0       0       
      +0       0       0       0       0
  5815 ;;      Totals:         0       0       0       0       0       0       0       0       0       0       0       0       
      +0       0       0       0       0
  5816 ;;Total ram usage:        0 bytes
  5817 ;; Hardware stack levels used: 1
  5818 ;; Hardware stack levels required when called: 2
  5819 ;; This function calls:
  5820 ;;		Nothing
  5821 ;; This function is called by:
  5822 ;;		_main
  5823 ;; This function uses a non-reentrant model
  5824 ;;
  5825                           
  5826                           	psect	text25
  5827  001C92                     __ptext25:
  5828                           	callstack 0
  5829  001C92                     _PWM_init:
  5830                           	callstack 28
  5831  001C92  8494               	bsf	148,2,c	;volatile
  5832  001C94  0EFC               	movlw	-4
  5833  001C96  010F               	movlb	15	; () banked
  5834  001C98  1749               	andwf	73,f,b	;volatile
  5835  001C9A  0EC7               	movlw	199
  5836  001C9C  6EBB               	movwf	187,c	;volatile
  5837  001C9E  0E3F               	movlw	-193
  5838  001CA0  16BD               	andwf	189,f,c	;volatile
  5839  001CA2  50BD               	movf	189,w,c	;volatile
  5840  001CA4  0BF0               	andlw	-16
  5841  001CA6  090C               	iorlw	12
  5842  001CA8  6EBD               	movwf	189,c	;volatile
  5843  001CAA  0E00               	movlw	0
  5844  001CAC  6EBE               	movwf	190,c	;volatile
  5845  001CAE  0EFC               	movlw	-4
  5846  001CB0  16BA               	andwf	186,f,c	;volatile
  5847  001CB2                     
  5848                           ; BSR set to: 15
  5849  001CB2  929E               	bcf	3998,1,c	;volatile
  5850  001CB4                     
  5851                           ; BSR set to: 15
  5852  001CB4  84BA               	bsf	4026,2,c	;volatile
  5853  001CB6                     l319:
  5854  001CB6  A29E               	btfss	3998,1,c	;volatile
  5855  001CB8  EF60  F00E         	goto	u3831
  5856  001CBC  EF62  F00E         	goto	u3830
  5857  001CC0                     u3831:
  5858  001CC0  EF5B  F00E         	goto	l319
  5859  001CC4                     u3830:
  5860  001CC4  9494               	bcf	148,2,c	;volatile
  5861  001CC6  9294               	bcf	148,1,c	;volatile
  5862  001CC8  0012               	return		;funcret
  5863  001CCA                     __end_of_PWM_init:
  5864                           	callstack 0
  5865                           
  5866 ;; *************** function _LCD_ShowString *****************
  5867 ;; Defined at:
  5868 ;;		line 58 in file "lcd.c"
  5869 ;; Parameters:    Size  Location     Type
  5870 ;;  lineNum         1    wreg     unsigned char 
  5871 ;;  textData        2    9[COMRAM] PTR unsigned char 
  5872 ;;		 -> main@text2M(17), main@text1M(17), main@textLEVEL(17), main@text1(17), 
  5873 ;;		 -> main@text2(17), main@textSTOP2(17), main@textSTOP1(17), main@textSTART(17), 
  5874 ;;		 -> main@textDAC(17), main@textADC(17), main@textPWM(17), main@textUART(17), 
  5875 ;;		 -> main@textGPIO(17), 
  5876 ;; Auto vars:     Size  Location     Type
  5877 ;;  lineNum         1   11[COMRAM] unsigned char 
  5878 ;;  i               1   12[COMRAM] unsigned char 
  5879 ;; Return value:  Size  Location     Type
  5880 ;;                  1    wreg      void 
  5881 ;; Registers used:
  5882 ;;		wreg, fsr2l, fsr2h, status,2, status,0, cstack
  5883 ;; Tracked objects:
  5884 ;;		On entry : 0/0
  5885 ;;		On exit  : 0/0
  5886 ;;		Unchanged: 0/0
  5887 ;; Data sizes:     COMRAM   BANK0   BANK1   BANK2   BANK3   BANK4   BANK5   BANK6   BANK7   BANK8   BANK9  BANK10  BANK1
      +1  BANK12  BANK13  BANK14  BANK15
  5888 ;;      Params:         2       0       0       0       0       0       0       0       0       0       0       0       
      +0       0       0       0       0
  5889 ;;      Locals:         2       0       0       0       0       0       0       0       0       0       0       0       
      +0       0       0       0       0
  5890 ;;      Temps:          0       0       0       0       0       0       0       0       0       0       0       0       
      +0       0       0       0       0
  5891 ;;      Totals:         4       0       0       0       0       0       0       0       0       0       0       0       
      +0       0       0       0       0
  5892 ;;Total ram usage:        4 bytes
  5893 ;; Hardware stack levels used: 1
  5894 ;; Hardware stack levels required when called: 3
  5895 ;; This function calls:
  5896 ;;		_LCD_Send
  5897 ;; This function is called by:
  5898 ;;		_main
  5899 ;; This function uses a non-reentrant model
  5900 ;;
  5901                           
  5902                           	psect	text26
  5903  00186E                     __ptext26:
  5904                           	callstack 0
  5905  00186E                     _LCD_ShowString:
  5906                           	callstack 27
  5907                           
  5908                           ;incstack = 0
  5909                           ;LCD_ShowString@lineNum stored from wreg
  5910  00186E  6E0C               	movwf	LCD_ShowString@lineNum^0,c
  5911  001870                     
  5912                           ;lcd.c: 63:     SSP2CON2bits.SEN = 1;
  5913  001870  806B               	bsf	107,0,c	;volatile
  5914  001872                     l361:
  5915  001872  B06B               	btfsc	107,0,c	;volatile
  5916  001874  EF3E  F00C         	goto	u3781
  5917  001878  EF40  F00C         	goto	u3780
  5918  00187C                     u3781:
  5919  00187C  EF39  F00C         	goto	l361
  5920  001880                     u3780:
  5921  001880                     
  5922                           ;lcd.c: 65:     SSP2IF = 0;
  5923  001880  9EA4               	bcf	4004,7,c	;volatile
  5924  001882                     
  5925                           ;lcd.c: 67:     LCD_Send(0x7c);
  5926  001882  0E7C               	movlw	124
  5927  001884  ECC7  F00E         	call	_LCD_Send
  5928                           
  5929                           ;lcd.c: 69:     LCD_Send(0x80);
  5930  001888  0E80               	movlw	128
  5931  00188A  ECC7  F00E         	call	_LCD_Send
  5932  00188E                     
  5933                           ;lcd.c: 71:     if(lineNum == 1){
  5934  00188E  040C               	decf	LCD_ShowString@lineNum^0,w,c
  5935  001890  A4D8               	btfss	status,2,c
  5936  001892  EF4D  F00C         	goto	u3791
  5937  001896  EF4F  F00C         	goto	u3790
  5938  00189A                     u3791:
  5939  00189A  EF54  F00C         	goto	l3486
  5940  00189E                     u3790:
  5941  00189E                     
  5942                           ;lcd.c: 72:         LCD_Send(0x80);
  5943  00189E  0E80               	movlw	128
  5944  0018A0  ECC7  F00E         	call	_LCD_Send
  5945                           
  5946                           ;lcd.c: 73:     }
  5947  0018A4  EF60  F00C         	goto	l365
  5948  0018A8                     l3486:
  5949  0018A8  0E02               	movlw	2
  5950  0018AA  180C               	xorwf	LCD_ShowString@lineNum^0,w,c
  5951  0018AC  A4D8               	btfss	status,2,c
  5952  0018AE  EF5B  F00C         	goto	u3801
  5953  0018B2  EF5D  F00C         	goto	u3800
  5954  0018B6                     u3801:
  5955  0018B6  EF60  F00C         	goto	l365
  5956  0018BA                     u3800:
  5957  0018BA                     
  5958                           ;lcd.c: 75:         LCD_Send(0xC0);
  5959  0018BA  0EC0               	movlw	192
  5960  0018BC  ECC7  F00E         	call	_LCD_Send
  5961  0018C0                     l365:
  5962                           
  5963                           ;lcd.c: 78:     LCD_Send(0x40);
  5964  0018C0  0E40               	movlw	64
  5965  0018C2  ECC7  F00E         	call	_LCD_Send
  5966  0018C6                     
  5967                           ;lcd.c: 80:     for (i = 0; i<16; i++){
  5968  0018C6  0E00               	movlw	0
  5969  0018C8  6E0D               	movwf	LCD_ShowString@i^0,c
  5970  0018CA                     l3496:
  5971                           
  5972                           ;lcd.c: 81:         LCD_Send(textData[i]);
  5973  0018CA  500D               	movf	LCD_ShowString@i^0,w,c
  5974  0018CC  240A               	addwf	LCD_ShowString@textData^0,w,c
  5975  0018CE  6ED9               	movwf	fsr2l,c
  5976  0018D0  0E00               	movlw	0
  5977  0018D2  200B               	addwfc	(LCD_ShowString@textData+1)^0,w,c
  5978  0018D4  6EDA               	movwf	fsr2h,c
  5979  0018D6  50DF               	movf	indf2,w,c
  5980  0018D8  ECC7  F00E         	call	_LCD_Send
  5981  0018DC                     
  5982                           ;lcd.c: 82:     }
  5983  0018DC  2A0D               	incf	LCD_ShowString@i^0,f,c
  5984  0018DE  0E0F               	movlw	15
  5985  0018E0  640D               	cpfsgt	LCD_ShowString@i^0,c
  5986  0018E2  EF75  F00C         	goto	u3811
  5987  0018E6  EF77  F00C         	goto	u3810
  5988  0018EA                     u3811:
  5989  0018EA  EF65  F00C         	goto	l3496
  5990  0018EE                     u3810:
  5991  0018EE                     
  5992                           ;lcd.c: 84:     SSP2CON2bits.PEN = 1;
  5993  0018EE  846B               	bsf	107,2,c	;volatile
  5994  0018F0                     l369:
  5995  0018F0  B46B               	btfsc	107,2,c	;volatile
  5996  0018F2  EF7D  F00C         	goto	u3821
  5997  0018F6  EF7F  F00C         	goto	u3820
  5998  0018FA                     u3821:
  5999  0018FA  EF78  F00C         	goto	l369
  6000  0018FE                     u3820:
  6001  0018FE  0012               	return		;funcret
  6002  001900                     __end_of_LCD_ShowString:
  6003                           	callstack 0
  6004                           
  6005 ;; *************** function _LCD_Init *****************
  6006 ;; Defined at:
  6007 ;;		line 6 in file "lcd.c"
  6008 ;; Parameters:    Size  Location     Type
  6009 ;;		None
  6010 ;; Auto vars:     Size  Location     Type
  6011 ;;		None
  6012 ;; Return value:  Size  Location     Type
  6013 ;;                  1    wreg      void 
  6014 ;; Registers used:
  6015 ;;		wreg, status,2, cstack
  6016 ;; Tracked objects:
  6017 ;;		On entry : 0/0
  6018 ;;		On exit  : 0/0
  6019 ;;		Unchanged: 0/0
  6020 ;; Data sizes:     COMRAM   BANK0   BANK1   BANK2   BANK3   BANK4   BANK5   BANK6   BANK7   BANK8   BANK9  BANK10  BANK1
      +1  BANK12  BANK13  BANK14  BANK15
  6021 ;;      Params:         0       0       0       0       0       0       0       0       0       0       0       0       
      +0       0       0       0       0
  6022 ;;      Locals:         0       0       0       0       0       0       0       0       0       0       0       0       
      +0       0       0       0       0
  6023 ;;      Temps:          1       0       0       0       0       0       0       0       0       0       0       0       
      +0       0       0       0       0
  6024 ;;      Totals:         1       0       0       0       0       0       0       0       0       0       0       0       
      +0       0       0       0       0
  6025 ;;Total ram usage:        1 bytes
  6026 ;; Hardware stack levels used: 1
  6027 ;; Hardware stack levels required when called: 3
  6028 ;; This function calls:
  6029 ;;		_LCD_Send
  6030 ;; This function is called by:
  6031 ;;		_main
  6032 ;; This function uses a non-reentrant model
  6033 ;;
  6034                           
  6035                           	psect	text27
  6036  001488                     __ptext27:
  6037                           	callstack 0
  6038  001488                     _LCD_Init:
  6039                           	callstack 27
  6040  001488                     
  6041                           ;lcd.c: 8:     ANSELDbits.ANSD0 = 0;
  6042  001488  010F               	movlb	15	; () banked
  6043  00148A  913B               	bcf	59,0,b	;volatile
  6044                           
  6045                           ;lcd.c: 9:     ANSELDbits.ANSD1 = 0;
  6046  00148C  933B               	bcf	59,1,b	;volatile
  6047                           
  6048                           ;lcd.c: 11:     TRISDbits.TRISD0 = 1;
  6049  00148E  8095               	bsf	149,0,c	;volatile
  6050                           
  6051                           ;lcd.c: 12:     TRISDbits.TRISD1 = 1;
  6052  001490  8295               	bsf	149,1,c	;volatile
  6053                           
  6054                           ;lcd.c: 13:     TRISAbits.TRISA0 = 0;
  6055  001492  9092               	bcf	146,0,c	;volatile
  6056                           
  6057                           ;lcd.c: 14:     LATAbits.LATA0 = 1;
  6058  001494  8089               	bsf	137,0,c	;volatile
  6059  001496                     
  6060                           ; BSR set to: 15
  6061                           ;lcd.c: 17:     SSP2CON1bits.SSPM = 0b1000;
  6062  001496  506C               	movf	108,w,c	;volatile
  6063  001498  0BF0               	andlw	-16
  6064  00149A  0908               	iorlw	8
  6065  00149C  6E6C               	movwf	108,c	;volatile
  6066                           
  6067                           ;lcd.c: 18:     SSP2ADD = 19;
  6068  00149E  0E13               	movlw	19
  6069  0014A0  6E6E               	movwf	110,c	;volatile
  6070  0014A2                     
  6071                           ; BSR set to: 15
  6072                           ;lcd.c: 19:     SSP2CON1bits.SSPEN = 1;
  6073  0014A2  8A6C               	bsf	108,5,c	;volatile
  6074  0014A4                     
  6075                           ; BSR set to: 15
  6076                           ;lcd.c: 21:     _delay((unsigned long)((5)*(32E6/4000.0)));
  6077  0014A4  0E34               	movlw	52
  6078  0014A6  6E0A               	movwf	??_LCD_Init^0,c
  6079  0014A8  0EF2               	movlw	242
  6080  0014AA                     u4577:
  6081  0014AA  2EE8               	decfsz	wreg,f,c
  6082  0014AC  D7FE               	bra	u4577
  6083  0014AE  2E0A               	decfsz	??_LCD_Init^0,f,c
  6084  0014B0  D7FC               	bra	u4577
  6085  0014B2                     
  6086                           ;lcd.c: 23:     SSP2CON2bits.SEN = 1;
  6087  0014B2  806B               	bsf	107,0,c	;volatile
  6088  0014B4                     l352:
  6089  0014B4  B06B               	btfsc	107,0,c	;volatile
  6090  0014B6  EF5F  F00A         	goto	u3741
  6091  0014BA  EF61  F00A         	goto	u3740
  6092  0014BE                     u3741:
  6093  0014BE  EF5A  F00A         	goto	l352
  6094  0014C2                     u3740:
  6095  0014C2                     
  6096                           ;lcd.c: 25:     SSP2IF = 0;
  6097  0014C2  9EA4               	bcf	4004,7,c	;volatile
  6098  0014C4                     
  6099                           ;lcd.c: 30:     LCD_Send(0x7C);
  6100  0014C4  0E7C               	movlw	124
  6101  0014C6  ECC7  F00E         	call	_LCD_Send
  6102                           
  6103                           ;lcd.c: 31:     LCD_Send(0x80);
  6104  0014CA  0E80               	movlw	128
  6105  0014CC  ECC7  F00E         	call	_LCD_Send
  6106                           
  6107                           ;lcd.c: 32:     LCD_Send(0x38);
  6108  0014D0  0E38               	movlw	56
  6109  0014D2  ECC7  F00E         	call	_LCD_Send
  6110                           
  6111                           ;lcd.c: 33:     LCD_Send(0x80);
  6112  0014D6  0E80               	movlw	128
  6113  0014D8  ECC7  F00E         	call	_LCD_Send
  6114                           
  6115                           ;lcd.c: 34:     LCD_Send(0x39);
  6116  0014DC  0E39               	movlw	57
  6117  0014DE  ECC7  F00E         	call	_LCD_Send
  6118                           
  6119                           ;lcd.c: 35:     LCD_Send(0x80);
  6120  0014E2  0E80               	movlw	128
  6121  0014E4  ECC7  F00E         	call	_LCD_Send
  6122                           
  6123                           ;lcd.c: 36:     LCD_Send(0x17);
  6124  0014E8  0E17               	movlw	23
  6125  0014EA  ECC7  F00E         	call	_LCD_Send
  6126                           
  6127                           ;lcd.c: 37:     LCD_Send(0x80);
  6128  0014EE  0E80               	movlw	128
  6129  0014F0  ECC7  F00E         	call	_LCD_Send
  6130                           
  6131                           ;lcd.c: 38:     LCD_Send(0x7A);
  6132  0014F4  0E7A               	movlw	122
  6133  0014F6  ECC7  F00E         	call	_LCD_Send
  6134                           
  6135                           ;lcd.c: 39:     LCD_Send(0x80);
  6136  0014FA  0E80               	movlw	128
  6137  0014FC  ECC7  F00E         	call	_LCD_Send
  6138                           
  6139                           ;lcd.c: 40:     LCD_Send(0x5E);
  6140  001500  0E5E               	movlw	94
  6141  001502  ECC7  F00E         	call	_LCD_Send
  6142                           
  6143                           ;lcd.c: 41:     LCD_Send(0x80);
  6144  001506  0E80               	movlw	128
  6145  001508  ECC7  F00E         	call	_LCD_Send
  6146                           
  6147                           ;lcd.c: 42:     LCD_Send(0x6B);
  6148  00150C  0E6B               	movlw	107
  6149  00150E  ECC7  F00E         	call	_LCD_Send
  6150                           
  6151                           ;lcd.c: 43:     LCD_Send(0x80);
  6152  001512  0E80               	movlw	128
  6153  001514  ECC7  F00E         	call	_LCD_Send
  6154                           
  6155                           ;lcd.c: 44:     LCD_Send(0x0C);
  6156  001518  0E0C               	movlw	12
  6157  00151A  ECC7  F00E         	call	_LCD_Send
  6158                           
  6159                           ;lcd.c: 45:     LCD_Send(0x80);
  6160  00151E  0E80               	movlw	128
  6161  001520  ECC7  F00E         	call	_LCD_Send
  6162                           
  6163                           ;lcd.c: 46:     LCD_Send(0x01);
  6164  001524  0E01               	movlw	1
  6165  001526  ECC7  F00E         	call	_LCD_Send
  6166                           
  6167                           ;lcd.c: 47:     LCD_Send(0x80);
  6168  00152A  0E80               	movlw	128
  6169  00152C  ECC7  F00E         	call	_LCD_Send
  6170                           
  6171                           ;lcd.c: 48:     LCD_Send(0x06);
  6172  001530  0E06               	movlw	6
  6173  001532  ECC7  F00E         	call	_LCD_Send
  6174                           
  6175                           ;lcd.c: 49:     LCD_Send(0x80);
  6176  001536  0E80               	movlw	128
  6177  001538  ECC7  F00E         	call	_LCD_Send
  6178                           
  6179                           ;lcd.c: 50:     LCD_Send(0x02);
  6180  00153C  0E02               	movlw	2
  6181  00153E  ECC7  F00E         	call	_LCD_Send
  6182  001542                     
  6183                           ;lcd.c: 52:     SSP2CON2bits.PEN = 1;
  6184  001542  846B               	bsf	107,2,c	;volatile
  6185  001544                     l355:
  6186  001544  B46B               	btfsc	107,2,c	;volatile
  6187  001546  EFA7  F00A         	goto	u3751
  6188  00154A  EFA9  F00A         	goto	u3750
  6189  00154E                     u3751:
  6190  00154E  EFA2  F00A         	goto	l355
  6191  001552                     u3750:
  6192  001552                     
  6193                           ;lcd.c: 55:     _delay((unsigned long)((5)*(32E6/4000.0)));
  6194  001552  0E34               	movlw	52
  6195  001554  6E0A               	movwf	??_LCD_Init^0,c
  6196  001556  0EF2               	movlw	242
  6197  001558                     u4587:
  6198  001558  2EE8               	decfsz	wreg,f,c
  6199  00155A  D7FE               	bra	u4587
  6200  00155C  2E0A               	decfsz	??_LCD_Init^0,f,c
  6201  00155E  D7FC               	bra	u4587
  6202  001560  0012               	return		;funcret
  6203  001562                     __end_of_LCD_Init:
  6204                           	callstack 0
  6205                           
  6206 ;; *************** function _LCD_Clear *****************
  6207 ;; Defined at:
  6208 ;;		line 97 in file "lcd.c"
  6209 ;; Parameters:    Size  Location     Type
  6210 ;;		None
  6211 ;; Auto vars:     Size  Location     Type
  6212 ;;		None
  6213 ;; Return value:  Size  Location     Type
  6214 ;;                  1    wreg      void 
  6215 ;; Registers used:
  6216 ;;		wreg, cstack
  6217 ;; Tracked objects:
  6218 ;;		On entry : 0/0
  6219 ;;		On exit  : 0/0
  6220 ;;		Unchanged: 0/0
  6221 ;; Data sizes:     COMRAM   BANK0   BANK1   BANK2   BANK3   BANK4   BANK5   BANK6   BANK7   BANK8   BANK9  BANK10  BANK1
      +1  BANK12  BANK13  BANK14  BANK15
  6222 ;;      Params:         0       0       0       0       0       0       0       0       0       0       0       0       
      +0       0       0       0       0
  6223 ;;      Locals:         0       0       0       0       0       0       0       0       0       0       0       0       
      +0       0       0       0       0
  6224 ;;      Temps:          0       0       0       0       0       0       0       0       0       0       0       0       
      +0       0       0       0       0
  6225 ;;      Totals:         0       0       0       0       0       0       0       0       0       0       0       0       
      +0       0       0       0       0
  6226 ;;Total ram usage:        0 bytes
  6227 ;; Hardware stack levels used: 1
  6228 ;; Hardware stack levels required when called: 3
  6229 ;; This function calls:
  6230 ;;		_LCD_Send
  6231 ;; This function is called by:
  6232 ;;		_main
  6233 ;; This function uses a non-reentrant model
  6234 ;;
  6235                           
  6236                           	psect	text28
  6237  001D00                     __ptext28:
  6238                           	callstack 0
  6239  001D00                     _LCD_Clear:
  6240                           	callstack 27
  6241  001D00                     
  6242                           ;lcd.c: 98:     SSP2CON2bits.SEN = 1;
  6243  001D00  806B               	bsf	107,0,c	;volatile
  6244  001D02                     l384:
  6245  001D02  B06B               	btfsc	107,0,c	;volatile
  6246  001D04  EF86  F00E         	goto	u3761
  6247  001D08  EF88  F00E         	goto	u3760
  6248  001D0C                     u3761:
  6249  001D0C  EF81  F00E         	goto	l384
  6250  001D10                     u3760:
  6251  001D10                     
  6252                           ;lcd.c: 100:     SSP2IF = 0;
  6253  001D10  9EA4               	bcf	4004,7,c	;volatile
  6254  001D12                     
  6255                           ;lcd.c: 102:     LCD_Send(0x7C);
  6256  001D12  0E7C               	movlw	124
  6257  001D14  ECC7  F00E         	call	_LCD_Send
  6258                           
  6259                           ;lcd.c: 103:     LCD_Send(0x80);
  6260  001D18  0E80               	movlw	128
  6261  001D1A  ECC7  F00E         	call	_LCD_Send
  6262                           
  6263                           ;lcd.c: 104:     LCD_Send(0x01);
  6264  001D1E  0E01               	movlw	1
  6265  001D20  ECC7  F00E         	call	_LCD_Send
  6266  001D24                     
  6267                           ;lcd.c: 106:     SSP2CON2bits.PEN = 1;
  6268  001D24  846B               	bsf	107,2,c	;volatile
  6269  001D26                     l387:
  6270  001D26  B46B               	btfsc	107,2,c	;volatile
  6271  001D28  EF98  F00E         	goto	u3771
  6272  001D2C  EF9A  F00E         	goto	u3770
  6273  001D30                     u3771:
  6274  001D30  EF93  F00E         	goto	l387
  6275  001D34                     u3770:
  6276  001D34  0012               	return		;funcret
  6277  001D36                     __end_of_LCD_Clear:
  6278                           	callstack 0
  6279                           
  6280 ;; *************** function _LCD_Send *****************
  6281 ;; Defined at:
  6282 ;;		line 88 in file "lcd.c"
  6283 ;; Parameters:    Size  Location     Type
  6284 ;;  data            1    wreg     unsigned char 
  6285 ;; Auto vars:     Size  Location     Type
  6286 ;;  data            1    8[COMRAM] unsigned char 
  6287 ;; Return value:  Size  Location     Type
  6288 ;;                  1    wreg      void 
  6289 ;; Registers used:
  6290 ;;		wreg
  6291 ;; Tracked objects:
  6292 ;;		On entry : 0/0
  6293 ;;		On exit  : 0/0
  6294 ;;		Unchanged: 0/0
  6295 ;; Data sizes:     COMRAM   BANK0   BANK1   BANK2   BANK3   BANK4   BANK5   BANK6   BANK7   BANK8   BANK9  BANK10  BANK1
      +1  BANK12  BANK13  BANK14  BANK15
  6296 ;;      Params:         0       0       0       0       0       0       0       0       0       0       0       0       
      +0       0       0       0       0
  6297 ;;      Locals:         1       0       0       0       0       0       0       0       0       0       0       0       
      +0       0       0       0       0
  6298 ;;      Temps:          0       0       0       0       0       0       0       0       0       0       0       0       
      +0       0       0       0       0
  6299 ;;      Totals:         1       0       0       0       0       0       0       0       0       0       0       0       
      +0       0       0       0       0
  6300 ;;Total ram usage:        1 bytes
  6301 ;; Hardware stack levels used: 1
  6302 ;; Hardware stack levels required when called: 2
  6303 ;; This function calls:
  6304 ;;		Nothing
  6305 ;; This function is called by:
  6306 ;;		_LCD_Init
  6307 ;;		_LCD_ShowString
  6308 ;;		_LCD_Clear
  6309 ;; This function uses a non-reentrant model
  6310 ;;
  6311                           
  6312                           	psect	text29
  6313  001D8E                     __ptext29:
  6314                           	callstack 0
  6315  001D8E                     _LCD_Send:
  6316                           	callstack 27
  6317                           
  6318                           ;incstack = 0
  6319                           ;LCD_Send@data stored from wreg
  6320  001D8E  6E09               	movwf	LCD_Send@data^0,c
  6321  001D90                     
  6322                           ;lcd.c: 90:     SSP2BUF = data;
  6323  001D90  C009  FF6F         	movff	LCD_Send@data,3951	;volatile
  6324  001D94                     l375:
  6325  001D94  B06D               	btfsc	109,0,c	;volatile
  6326  001D96  EFCF  F00E         	goto	u3571
  6327  001D9A  EFD1  F00E         	goto	u3570
  6328  001D9E                     u3571:
  6329  001D9E  EFCA  F00E         	goto	l375
  6330  001DA2                     u3570:
  6331  001DA2                     l378:
  6332  001DA2  AEA4               	btfss	4004,7,c	;volatile
  6333  001DA4  EFD6  F00E         	goto	u3581
  6334  001DA8  EFD8  F00E         	goto	u3580
  6335  001DAC                     u3581:
  6336  001DAC  EFD1  F00E         	goto	l378
  6337  001DB0                     u3580:
  6338  001DB0                     
  6339                           ;lcd.c: 93:     SSP2IF = 0;
  6340  001DB0  9EA4               	bcf	4004,7,c	;volatile
  6341  001DB2  0012               	return		;funcret
  6342  001DB4                     __end_of_LCD_Send:
  6343                           	callstack 0
  6344                           
  6345 ;; *************** function _IT_init *****************
  6346 ;; Defined at:
  6347 ;;		line 611 in file "menu.c"
  6348 ;; Parameters:    Size  Location     Type
  6349 ;;		None
  6350 ;; Auto vars:     Size  Location     Type
  6351 ;;		None
  6352 ;; Return value:  Size  Location     Type
  6353 ;;                  1    wreg      void 
  6354 ;; Registers used:
  6355 ;;		None
  6356 ;; Tracked objects:
  6357 ;;		On entry : 0/0
  6358 ;;		On exit  : 0/0
  6359 ;;		Unchanged: 0/0
  6360 ;; Data sizes:     COMRAM   BANK0   BANK1   BANK2   BANK3   BANK4   BANK5   BANK6   BANK7   BANK8   BANK9  BANK10  BANK1
      +1  BANK12  BANK13  BANK14  BANK15
  6361 ;;      Params:         0       0       0       0       0       0       0       0       0       0       0       0       
      +0       0       0       0       0
  6362 ;;      Locals:         0       0       0       0       0       0       0       0       0       0       0       0       
      +0       0       0       0       0
  6363 ;;      Temps:          0       0       0       0       0       0       0       0       0       0       0       0       
      +0       0       0       0       0
  6364 ;;      Totals:         0       0       0       0       0       0       0       0       0       0       0       0       
      +0       0       0       0       0
  6365 ;;Total ram usage:        0 bytes
  6366 ;; Hardware stack levels used: 1
  6367 ;; Hardware stack levels required when called: 2
  6368 ;; This function calls:
  6369 ;;		Nothing
  6370 ;; This function is called by:
  6371 ;;		_main
  6372 ;; This function uses a non-reentrant model
  6373 ;;
  6374                           
  6375                           	psect	text30
  6376  001E4C                     __ptext30:
  6377                           	callstack 0
  6378  001E4C                     _IT_init:
  6379                           	callstack 28
  6380  001E4C  8A9D               	bsf	3997,5,c	;volatile
  6381  001E4E  8CF2               	bsf	4082,6,c	;volatile
  6382  001E50  8EF2               	bsf	4082,7,c	;volatile
  6383  001E52  809D               	bsf	3997,0,c	;volatile
  6384  001E54  0012               	return		;funcret
  6385  001E56                     __end_of_IT_init:
  6386                           	callstack 0
  6387                           
  6388 ;; *************** function _GPIO_init *****************
  6389 ;; Defined at:
  6390 ;;		line 624 in file "menu.c"
  6391 ;; Parameters:    Size  Location     Type
  6392 ;;		None
  6393 ;; Auto vars:     Size  Location     Type
  6394 ;;		None
  6395 ;; Return value:  Size  Location     Type
  6396 ;;                  1    wreg      void 
  6397 ;; Registers used:
  6398 ;;		None
  6399 ;; Tracked objects:
  6400 ;;		On entry : 0/0
  6401 ;;		On exit  : 0/0
  6402 ;;		Unchanged: 0/0
  6403 ;; Data sizes:     COMRAM   BANK0   BANK1   BANK2   BANK3   BANK4   BANK5   BANK6   BANK7   BANK8   BANK9  BANK10  BANK1
      +1  BANK12  BANK13  BANK14  BANK15
  6404 ;;      Params:         0       0       0       0       0       0       0       0       0       0       0       0       
      +0       0       0       0       0
  6405 ;;      Locals:         0       0       0       0       0       0       0       0       0       0       0       0       
      +0       0       0       0       0
  6406 ;;      Temps:          0       0       0       0       0       0       0       0       0       0       0       0       
      +0       0       0       0       0
  6407 ;;      Totals:         0       0       0       0       0       0       0       0       0       0       0       0       
      +0       0       0       0       0
  6408 ;;Total ram usage:        0 bytes
  6409 ;; Hardware stack levels used: 1
  6410 ;; Hardware stack levels required when called: 2
  6411 ;; This function calls:
  6412 ;;		Nothing
  6413 ;; This function is called by:
  6414 ;;		_main
  6415 ;; This function uses a non-reentrant model
  6416 ;;
  6417                           
  6418                           	psect	text31
  6419  001DD8                     __ptext31:
  6420                           	callstack 0
  6421  001DD8                     _GPIO_init:
  6422                           	callstack 28
  6423  001DD8  9495               	bcf	149,2,c	;volatile
  6424  001DDA  9695               	bcf	149,3,c	;volatile
  6425  001DDC  9894               	bcf	148,4,c	;volatile
  6426  001DDE  9895               	bcf	149,4,c	;volatile
  6427  001DE0  9A95               	bcf	149,5,c	;volatile
  6428  001DE2  9C95               	bcf	149,6,c	;volatile
  6429  001DE4  010F               	movlb	15	; () banked
  6430  001DE6  9738               	bcf	56,3,b	;volatile
  6431  001DE8  9538               	bcf	56,2,b	;volatile
  6432  001DEA  8094               	bsf	148,0,c	;volatile
  6433  001DEC  8892               	bsf	146,4,c	;volatile
  6434  001DEE  8692               	bsf	146,3,c	;volatile
  6435  001DF0  8492               	bsf	146,2,c	;volatile
  6436  001DF2                     
  6437                           ; BSR set to: 15
  6438  001DF2  0012               	return		;funcret
  6439  001DF4                     __end_of_GPIO_init:
  6440                           	callstack 0
  6441                           
  6442 ;; *************** function _UART_TMR1_ISR *****************
  6443 ;; Defined at:
  6444 ;;		line 68 in file "menu.c"
  6445 ;; Parameters:    Size  Location     Type
  6446 ;;		None
  6447 ;; Auto vars:     Size  Location     Type
  6448 ;;  tmr_over        2    5[COMRAM] unsigned int 
  6449 ;;  zprava          1    7[COMRAM] unsigned char 
  6450 ;; Return value:  Size  Location     Type
  6451 ;;                  1    wreg      void 
  6452 ;; Registers used:
  6453 ;;		wreg, fsr2l, fsr2h, status,2, status,0, cstack
  6454 ;; Tracked objects:
  6455 ;;		On entry : 0/0
  6456 ;;		On exit  : 0/0
  6457 ;;		Unchanged: 0/0
  6458 ;; Data sizes:     COMRAM   BANK0   BANK1   BANK2   BANK3   BANK4   BANK5   BANK6   BANK7   BANK8   BANK9  BANK10  BANK1
      +1  BANK12  BANK13  BANK14  BANK15
  6459 ;;      Params:         0       0       0       0       0       0       0       0       0       0       0       0       
      +0       0       0       0       0
  6460 ;;      Locals:         3       0       0       0       0       0       0       0       0       0       0       0       
      +0       0       0       0       0
  6461 ;;      Temps:          4       0       0       0       0       0       0       0       0       0       0       0       
      +0       0       0       0       0
  6462 ;;      Totals:         7       0       0       0       0       0       0       0       0       0       0       0       
      +0       0       0       0       0
  6463 ;;Total ram usage:        7 bytes
  6464 ;; Hardware stack levels used: 1
  6465 ;; Hardware stack levels required when called: 1
  6466 ;; This function calls:
  6467 ;;		i2_driveLED
  6468 ;; This function is called by:
  6469 ;;		Interrupt level 2
  6470 ;; This function uses a non-reentrant model
  6471 ;;
  6472                           
  6473                           	psect	intcode
  6474  000008                     __pintcode:
  6475                           	callstack 0
  6476  000008                     _UART_TMR1_ISR:
  6477                           	callstack 21
  6478                           
  6479                           ; BSR set to: 15
  6480                           ;incstack = 0
  6481  000008  8257               	bsf	int$flags,1,c	;set compiler interrupt flag (level 2)
  6482  00000A  CFD9 F004          	movff	fsr2l,??_UART_TMR1_ISR+2
  6483  00000E  CFDA F005          	movff	fsr2h,??_UART_TMR1_ISR+3
  6484  000012                     
  6485                           ;menu.c: 70:     static unsigned char RX_i = 0;;menu.c: 70:                 if(PORTAbits
      +                          .RA2);menu.c: 70:     TRISBbits.TRISB3 = 0;;menu.c: 71:     char zprava;;menu.c: 71:    
      +                                       {;menu.c: 71: ;menu.c: 73:     if(RC1IE && RC1IF);menu.c: 73:              
      +                                 if(PORTAbits.RA2);menu.c: 73: 
  6486  000012  AA9D               	btfss	3997,5,c	;volatile
  6487  000014  EF0E  F000         	goto	i2u251_41
  6488  000018  EF10  F000         	goto	i2u251_40
  6489  00001C                     i2u251_41:
  6490  00001C  EF35  F000         	goto	i2l2666
  6491  000020                     i2u251_40:
  6492  000020  AA9E               	btfss	3998,5,c	;volatile
  6493  000022  EF15  F000         	goto	i2u252_41
  6494  000026  EF17  F000         	goto	i2u252_40
  6495  00002A                     i2u252_41:
  6496  00002A  EF35  F000         	goto	i2l2666
  6497  00002E                     i2u252_40:
  6498  00002E                     
  6499                           ;menu.c: 74:     {;menu.c: 74:                     {;menu.c: 74:     SSP1CON1bits.SSPM =
      +                           0b0010;;menu.c: 75:         zprava = RCREG1;;menu.c: 75:                         menu_p
      +                          osition = 6;;menu.c: 75:     SSP1CON1bits.CKP = 0;
  6500  00002E  CFAE F008          	movff	4014,UART_TMR1_ISR@zprava	;volatile
  6501  000032                     
  6502                           ;menu.c: 76:         if(zprava == '.');menu.c: 76:                         break;;menu.c
      +                          : 76:     SSP1STATbits.CKE = 1;
  6503  000032  0E2E               	movlw	46
  6504  000034  1808               	xorwf	UART_TMR1_ISR@zprava^0,w,c
  6505  000036  A4D8               	btfss	status,2,c
  6506  000038  EF20  F000         	goto	i2u253_41
  6507  00003C  EF22  F000         	goto	i2u253_40
  6508  000040                     i2u253_41:
  6509  000040  EF2C  F000         	goto	i2l2662
  6510  000044                     i2u253_40:
  6511  000044                     
  6512                           ;menu.c: 77:         {;menu.c: 77:                     };menu.c: 77:     SSP1CON1bits.SS
      +                          PEN = 1;;menu.c: 78:             message1.length = RX_i;;menu.c: 78:                 };m
      +                          enu.c: 78: }
  6513  000044  C052  F265         	movff	UART_TMR1_ISR@RX_i,_message1+101	;volatile
  6514  000048  0102               	movlb	2	; () banked
  6515  00004A  6B66               	clrf	(_message1+102)& (0+255),b	;volatile
  6516  00004C                     
  6517                           ; BSR set to: 2
  6518                           ;menu.c: 79:             RX_i = 0;;menu.c: 79:                 };menu.c: 79: 
  6519  00004C  0E00               	movlw	0
  6520  00004E  6E52               	movwf	UART_TMR1_ISR@RX_i^0,c
  6521                           
  6522                           ;menu.c: 80:             message1.full = 1;;menu.c: 80: ;menu.c: 80: void adc_init(void)
      +                          {
  6523  000050  0E01               	movlw	1
  6524  000052  6F64               	movwf	(_message1+100)& (0+255),b	;volatile
  6525                           
  6526                           ;menu.c: 81:         };menu.c: 81:             break;;menu.c: 81:     ANSELAbits.ANSA5 =
      +                           1;
  6527  000054  EF35  F000         	goto	i2l2666
  6528  000058                     i2l2662:
  6529                           
  6530                           ;menu.c: 83:         {;menu.c: 83:         case 4:;menu.c: 83:     ANSELBbits.ANSB5 = 1;
      +                          ;menu.c: 84:             message1.data[RX_i] = zprava;;menu.c: 84: ;menu.c: 84: 
  6531  000058  0E00               	movlw	low _message1
  6532  00005A  2452               	addwf	UART_TMR1_ISR@RX_i^0,w,c
  6533  00005C  6ED9               	movwf	fsr2l,c
  6534  00005E  6ADA               	clrf	fsr2h,c
  6535  000060  0E02               	movlw	high _message1
  6536  000062  22DA               	addwfc	fsr2h,f,c
  6537  000064  C008  FFDF         	movff	UART_TMR1_ISR@zprava,indf2
  6538  000068                     
  6539                           ;menu.c: 85:             RX_i++;;menu.c: 85:                 LCD_Clear();;menu.c: 85:   
      +                            TRISAbits.RA5 = 1;
  6540  000068  2A52               	incf	UART_TMR1_ISR@RX_i^0,f,c
  6541  00006A                     i2l2666:
  6542                           
  6543                           ;menu.c: 89:     if (TX1IE && TX1IF);menu.c: 89:                 unsigned int pot1, pot2
      +                          ;;menu.c: 89:     ADCON2bits.ADFM = 1;
  6544  00006A  A89D               	btfss	3997,4,c	;volatile
  6545  00006C  EF3A  F000         	goto	i2u254_41
  6546  000070  EF3C  F000         	goto	i2u254_40
  6547  000074                     i2u254_41:
  6548  000074  EF5B  F000         	goto	i2l2678
  6549  000078                     i2u254_40:
  6550  000078  A89E               	btfss	3998,4,c	;volatile
  6551  00007A  EF41  F000         	goto	i2u255_41
  6552  00007E  EF43  F000         	goto	i2u255_40
  6553  000082                     i2u255_41:
  6554  000082  EF5B  F000         	goto	i2l2678
  6555  000086                     i2u255_40:
  6556  000086                     
  6557                           ;menu.c: 90:     {;menu.c: 90:                 unsigned int sin_final;;menu.c: 90:     A
      +                          DCON2bits.ADCS = 0b110;;menu.c: 91:         TXREG1 = message1.data[message1.length -1];;
      +                          menu.c: 91:                 uint8_t j = 0;;menu.c: 91:     ADCON2bits.ACQT = 0b110;
  6558  000086  0EFF               	movlw	low (_message1+65535)
  6559  000088  0102               	movlb	2	; () banked
  6560  00008A  2565               	addwf	(_message1+101)& (0+255),w,b	;volatile
  6561  00008C  6ED9               	movwf	fsr2l,c
  6562  00008E  0E01               	movlw	high (_message1+65535)
  6563  000090  2166               	addwfc	(_message1+102)& (0+255),w,b	;volatile
  6564  000092  6EDA               	movwf	fsr2h,c
  6565  000094  50DF               	movf	indf2,w,c
  6566  000096  6EAD               	movwf	173,c	;volatile
  6567  000098                     
  6568                           ; BSR set to: 2
  6569                           ;menu.c: 92:         if(message1.length == 1);menu.c: 92: ;menu.c: 92:     ADCON0bits.AD
      +                          ON = 1;
  6570  000098  0565               	decf	(_message1+101)& (0+255),w,b	;volatile
  6571  00009A  1166               	iorwf	(_message1+102)& (0+255),w,b	;volatile
  6572  00009C  A4D8               	btfss	status,2,c
  6573  00009E  EF53  F000         	goto	i2u256_41
  6574  0000A2  EF55  F000         	goto	i2u256_40
  6575  0000A6                     i2u256_41:
  6576  0000A6  EF58  F000         	goto	i2l2676
  6577  0000AA                     i2u256_40:
  6578  0000AA                     
  6579                           ; BSR set to: 2
  6580                           ;menu.c: 93:         {;menu.c: 93: ;menu.c: 93: };menu.c: 94:             TX1IE = 0;;men
      +                          u.c: 94:                 while(1){;menu.c: 94: 
  6581  0000AA  989D               	bcf	3997,4,c	;volatile
  6582                           
  6583                           ;menu.c: 95:         };menu.c: 95:                     pot1 = adc_read(4);;menu.c: 95: u
      +                          nsigned int adc_read(char channel){
  6584  0000AC  EF5B  F000         	goto	i2l2678
  6585  0000B0                     i2l2676:
  6586                           
  6587                           ; BSR set to: 2
  6588                           ;menu.c: 97:         {;menu.c: 97:                     pot2 = adc_read(5);;menu.c: 97:  
      +                             ADCON0bits.CHS = channel;;menu.c: 98:             message1.length--;;menu.c: 98:     
      +                                          pot2 = pot2/8;;menu.c: 98: 
  6589  0000B0  0765               	decf	(_message1+101)& (0+255),f,b	;volatile
  6590  0000B2  A0D8               	btfss	status,0,c
  6591  0000B4  0766               	decf	(_message1+102)& (0+255),f,b	;volatile
  6592  0000B6                     i2l2678:
  6593                           
  6594                           ;menu.c: 102:     if(TMR1IF && TMR1IE && (game_state == GAME_CONTINUE));menu.c: 102:    
      +                                               SPIWrite(0b10110000, pot1);;menu.c: 102:     return value;
  6595  0000B6  A09E               	btfss	3998,0,c	;volatile
  6596  0000B8  EF60  F000         	goto	i2u257_41
  6597  0000BC  EF62  F000         	goto	i2u257_40
  6598  0000C0                     i2u257_41:
  6599  0000C0  EFAD  F000         	goto	i2l167
  6600  0000C4                     i2u257_40:
  6601  0000C4  A09D               	btfss	3997,0,c	;volatile
  6602  0000C6  EF67  F000         	goto	i2u258_41
  6603  0000CA  EF69  F000         	goto	i2u258_40
  6604  0000CE                     i2u258_41:
  6605  0000CE  EFAD  F000         	goto	i2l167
  6606  0000D2                     i2u258_40:
  6607  0000D2  0E02               	movlw	2
  6608  0000D4  1854               	xorwf	_game_state^0,w,c	;volatile
  6609  0000D6  A4D8               	btfss	status,2,c
  6610  0000D8  EF70  F000         	goto	i2u259_41
  6611  0000DC  EF72  F000         	goto	i2u259_40
  6612  0000E0                     i2u259_41:
  6613  0000E0  EFAD  F000         	goto	i2l167
  6614  0000E4                     i2u259_40:
  6615  0000E4                     
  6616                           ;menu.c: 103:     {;menu.c: 103:                         j++;;menu.c: 103: };menu.c: 104
      +                          :         static unsigned char i = 0;;menu.c: 104:                     };menu.c: 104: ;m
      +                          enu.c: 105:         unsigned int tmr_over = 0xFFFF - delay;;menu.c: 105:                
      +                               else if((tabulka[j] < pot2) && (tabulka[j] < 128));menu.c: 105: void uart_init(void
      +                          ){
  6617  0000E4  1C55               	comf	_delay^0,w,c	;volatile
  6618  0000E6  6E06               	movwf	UART_TMR1_ISR@tmr_over^0,c
  6619  0000E8  1C56               	comf	(_delay+1)^0,w,c	;volatile
  6620  0000EA  6E07               	movwf	(UART_TMR1_ISR@tmr_over+1)^0,c
  6621                           
  6622                           ;menu.c: 106:         led_stateHRA |= (1 << w);;menu.c: 106:                     {;menu.
      +                          c: 106:     ANSELCbits.ANSC6 = 0;
  6623  0000EC  C1D4  F002         	movff	_w,??_UART_TMR1_ISR	;volatile
  6624  0000F0  0E01               	movlw	1
  6625  0000F2  6E03               	movwf	(??_UART_TMR1_ISR+1)^0,c
  6626  0000F4  2A02               	incf	??_UART_TMR1_ISR^0,f,c
  6627  0000F6  EF7F  F000         	goto	i2u260_44
  6628  0000FA                     i2u260_45:
  6629  0000FA  90D8               	bcf	status,0,c
  6630  0000FC  3603               	rlcf	(??_UART_TMR1_ISR+1)^0,f,c
  6631  0000FE                     i2u260_44:
  6632  0000FE  2E02               	decfsz	??_UART_TMR1_ISR^0,f,c
  6633  000100  EF7D  F000         	goto	i2u260_45
  6634  000104  5003               	movf	(??_UART_TMR1_ISR+1)^0,w,c
  6635  000106  1253               	iorwf	_led_stateHRA^0,f,c	;volatile
  6636  000108                     
  6637                           ;menu.c: 107:         driveLED(led_stateHRA);;menu.c: 107:                         SPIWr
      +                          ite(0b10110000, pot2);;menu.c: 107:     ANSELCbits.ANSC7 = 0;
  6638  000108  5053               	movf	_led_stateHRA^0,w,c	;volatile
  6639  00010A  ECB8  F00C         	call	i2_driveLED
  6640  00010E                     
  6641                           ;menu.c: 108:         if(i>100);menu.c: 108:                         j++;;menu.c: 108:  
      +                             TRISCbits.TRISC6 = 0;
  6642  00010E  0E64               	movlw	100
  6643  000110  6451               	cpfsgt	UART_TMR1_ISR@i^0,c
  6644  000112  EF8D  F000         	goto	i2u261_41
  6645  000116  EF8F  F000         	goto	i2u261_40
  6646  00011A                     i2u261_41:
  6647  00011A  EF94  F000         	goto	i2l2694
  6648  00011E                     i2u261_40:
  6649  00011E                     
  6650                           ;menu.c: 109:         {;menu.c: 109:                     };menu.c: 109:     TRISCbits.TR
      +                          ISC7 = 1;;menu.c: 110:             w++;;menu.c: 110:                     else;menu.c: 11
      +                          0: 
  6651  00011E  0101               	movlb	1	; () banked
  6652  000120  4BD4               	infsnz	_w& (0+255),f,b	;volatile
  6653  000122  2BD5               	incf	(_w+1)& (0+255),f,b	;volatile
  6654  000124                     
  6655                           ; BSR set to: 1
  6656                           ;menu.c: 111:             i=0;;menu.c: 111:                     {;menu.c: 111: 
  6657  000124  0E00               	movlw	0
  6658  000126  6E51               	movwf	UART_TMR1_ISR@i^0,c
  6659  000128                     i2l2694:
  6660                           
  6661                           ;menu.c: 113:         i++;;menu.c: 113:                     };menu.c: 113:     RCSTA1bit
      +                          s.SPEN = 1;
  6662  000128  2A51               	incf	UART_TMR1_ISR@i^0,f,c
  6663  00012A                     
  6664                           ;menu.c: 114:         TMR1 = tmr_over;;menu.c: 114:                     if(j == 128) j=0
      +                          ;;menu.c: 114:     TXSTA1bits.SYNC = 0;
  6665  00012A  C006  FFCE         	movff	UART_TMR1_ISR@tmr_over,4046	;volatile
  6666  00012E  C007  FFCF         	movff	UART_TMR1_ISR@tmr_over+1,4047	;volatile
  6667  000132                     
  6668                           ;menu.c: 115:         TMR1IF = 0;;menu.c: 115: ;menu.c: 115:     TXSTA1bits.TXEN = 1;
  6669  000132  909E               	bcf	3998,0,c	;volatile
  6670  000134                     
  6671                           ;menu.c: 117:         if(w == 6);menu.c: 117:                     printf("%u\r",sin_fina
      +                          l);;menu.c: 117: }
  6672  000134  0E06               	movlw	6
  6673  000136  0101               	movlb	1	; () banked
  6674  000138  19D4               	xorwf	_w& (0+255),w,b	;volatile
  6675  00013A  11D5               	iorwf	(_w+1)& (0+255),w,b	;volatile
  6676  00013C  A4D8               	btfss	status,2,c
  6677  00013E  EFA3  F000         	goto	i2u262_41
  6678  000142  EFA5  F000         	goto	i2u262_40
  6679  000146                     i2u262_41:
  6680  000146  EFAE  F000         	goto	i2l173
  6681  00014A                     i2u262_40:
  6682  00014A                     
  6683                           ; BSR set to: 1
  6684                           ;menu.c: 118:         {;menu.c: 118:                     _delay((unsigned long)((1)*(32e
      +                          6/4000.0)));;menu.c: 118: ;menu.c: 119:             led_stateHRA = 0;;menu.c: 119: ;menu
      +                          .c: 119: void IT_init(void)
  6685  00014A  0E00               	movlw	0
  6686  00014C  6E53               	movwf	_led_stateHRA^0,c	;volatile
  6687  00014E                     
  6688                           ; BSR set to: 1
  6689                           ;menu.c: 120:             w = -1;;menu.c: 120:                 if(PORTAbits.RA2);menu.c:
      +                           120: {
  6690  00014E  69D4               	setf	_w& (0+255),b	;volatile
  6691  000150  69D5               	setf	(_w+1)& (0+255),b	;volatile
  6692                           
  6693                           ;menu.c: 121:             game_state = GAME_STOP;;menu.c: 121:                 {;menu.c:
      +                           121:     RC1IE = 1;
  6694  000152  0E01               	movlw	1
  6695  000154  6E54               	movwf	_game_state^0,c	;volatile
  6696  000156  EFAE  F000         	goto	i2l173
  6697  00015A                     i2l167:
  6698                           
  6699                           ;menu.c: 125:     {;menu.c: 125:                         menu_position = 6;;menu.c: 125:
      +                           };menu.c: 126:         TMR1IF = 0;;menu.c: 126:                         break;;menu.c: 
      +                          126: 
  6700  00015A  909E               	bcf	3998,0,c	;volatile
  6701  00015C                     i2l173:
  6702  00015C  C005  FFDA         	movff	??_UART_TMR1_ISR+3,fsr2h
  6703  000160  C004  FFD9         	movff	??_UART_TMR1_ISR+2,fsr2l
  6704  000164  9257               	bcf	int$flags,1,c	;clear compiler interrupt flag (level 2)
  6705  000166  0011               	retfie		f
  6706  000168                     __end_of_UART_TMR1_ISR:
  6707                           	callstack 0
  6708                           
  6709 ;; *************** function i2_driveLED *****************
  6710 ;; Defined at:
  6711 ;;		line 528 in file "menu.c"
  6712 ;; Parameters:    Size  Location     Type
  6713 ;;  in              1    wreg     unsigned char 
  6714 ;; Auto vars:     Size  Location     Type
  6715 ;;  in              1    0[COMRAM] unsigned char 
  6716 ;; Return value:  Size  Location     Type
  6717 ;;                  1    wreg      void 
  6718 ;; Registers used:
  6719 ;;		wreg
  6720 ;; Tracked objects:
  6721 ;;		On entry : 0/0
  6722 ;;		On exit  : 0/0
  6723 ;;		Unchanged: 0/0
  6724 ;; Data sizes:     COMRAM   BANK0   BANK1   BANK2   BANK3   BANK4   BANK5   BANK6   BANK7   BANK8   BANK9  BANK10  BANK1
      +1  BANK12  BANK13  BANK14  BANK15
  6725 ;;      Params:         0       0       0       0       0       0       0       0       0       0       0       0       
      +0       0       0       0       0
  6726 ;;      Locals:         1       0       0       0       0       0       0       0       0       0       0       0       
      +0       0       0       0       0
  6727 ;;      Temps:          0       0       0       0       0       0       0       0       0       0       0       0       
      +0       0       0       0       0
  6728 ;;      Totals:         1       0       0       0       0       0       0       0       0       0       0       0       
      +0       0       0       0       0
  6729 ;;Total ram usage:        1 bytes
  6730 ;; Hardware stack levels used: 1
  6731 ;; This function calls:
  6732 ;;		Nothing
  6733 ;; This function is called by:
  6734 ;;		_UART_TMR1_ISR
  6735 ;; This function uses a non-reentrant model
  6736 ;;
  6737                           
  6738                           	psect	text33
  6739  001970                     __ptext33:
  6740                           	callstack 0
  6741  001970                     i2_driveLED:
  6742                           	callstack 21
  6743                           
  6744                           ;incstack = 0
  6745                           ;i2driveLED@in stored from wreg
  6746  001970  6E01               	movwf	i2driveLED@in^0,c
  6747  001972  A001               	btfss	i2driveLED@in^0,0,c
  6748  001974  EFBE  F00C         	goto	i2u239_41
  6749  001978  EFC1  F00C         	goto	i2u239_40
  6750  00197C                     i2u239_41:
  6751  00197C  848C               	bsf	3980,2,c	;volatile
  6752  00197E  EFC2  F00C         	goto	i2u240_45
  6753  001982                     i2u239_40:
  6754  001982  948C               	bcf	3980,2,c	;volatile
  6755  001984                     i2u240_45:
  6756  001984  A201               	btfss	i2driveLED@in^0,1,c
  6757  001986  EFC7  F00C         	goto	i2u241_41
  6758  00198A  EFCA  F00C         	goto	i2u241_40
  6759  00198E                     i2u241_41:
  6760  00198E  868C               	bsf	3980,3,c	;volatile
  6761  001990  EFCB  F00C         	goto	i2u242_45
  6762  001994                     i2u241_40:
  6763  001994  968C               	bcf	3980,3,c	;volatile
  6764  001996                     i2u242_45:
  6765  001996  A401               	btfss	i2driveLED@in^0,2,c
  6766  001998  EFD0  F00C         	goto	i2u243_41
  6767  00199C  EFD3  F00C         	goto	i2u243_40
  6768  0019A0                     i2u243_41:
  6769  0019A0  888B               	bsf	3979,4,c	;volatile
  6770  0019A2  EFD4  F00C         	goto	i2u244_45
  6771  0019A6                     i2u243_40:
  6772  0019A6  988B               	bcf	3979,4,c	;volatile
  6773  0019A8                     i2u244_45:
  6774  0019A8  A601               	btfss	i2driveLED@in^0,3,c
  6775  0019AA  EFD9  F00C         	goto	i2u245_41
  6776  0019AE  EFDC  F00C         	goto	i2u245_40
  6777  0019B2                     i2u245_41:
  6778  0019B2  888C               	bsf	3980,4,c	;volatile
  6779  0019B4  EFDD  F00C         	goto	i2u246_45
  6780  0019B8                     i2u245_40:
  6781  0019B8  988C               	bcf	3980,4,c	;volatile
  6782  0019BA                     i2u246_45:
  6783  0019BA  A801               	btfss	i2driveLED@in^0,4,c
  6784  0019BC  EFE2  F00C         	goto	i2u247_41
  6785  0019C0  EFE5  F00C         	goto	i2u247_40
  6786  0019C4                     i2u247_41:
  6787  0019C4  8A8C               	bsf	3980,5,c	;volatile
  6788  0019C6  EFE6  F00C         	goto	i2u248_45
  6789  0019CA                     i2u247_40:
  6790  0019CA  9A8C               	bcf	3980,5,c	;volatile
  6791  0019CC                     i2u248_45:
  6792  0019CC  AA01               	btfss	i2driveLED@in^0,5,c
  6793  0019CE  EFEB  F00C         	goto	i2u249_41
  6794  0019D2  EFEE  F00C         	goto	i2u249_40
  6795  0019D6                     i2u249_41:
  6796  0019D6  8C8C               	bsf	3980,6,c	;volatile
  6797  0019D8  EFEF  F00C         	goto	i2u250_45
  6798  0019DC                     i2u249_40:
  6799  0019DC  9C8C               	bcf	3980,6,c	;volatile
  6800  0019DE                     i2u250_45:
  6801  0019DE  0012               	return		;funcret
  6802  0019E0                     __end_ofi2_driveLED:
  6803                           	callstack 0
  6804                           
  6805                           	psect	rparam
  6806  0000                     
  6807                           	psect	temp
  6808  000057                     btemp:
  6809                           	callstack 0
  6810  000057                     	ds	1
  6811  0000                     int$flags	set	btemp
  6812  0000                     wtemp8	set	btemp+1
  6813  0000                     ttemp5	set	btemp+1
  6814  0000                     ttemp6	set	btemp+4
  6815  0000                     ttemp7	set	btemp+8
  6816                           
  6817                           	psect	idloc
  6818                           
  6819                           ;Config register IDLOC0 @ 0x200000
  6820                           ;	unspecified, using default values
  6821  200000                     	org	2097152
  6822  200000  FF                 	db	255
  6823                           
  6824                           ;Config register IDLOC1 @ 0x200001
  6825                           ;	unspecified, using default values
  6826  200001                     	org	2097153
  6827  200001  FF                 	db	255
  6828                           
  6829                           ;Config register IDLOC2 @ 0x200002
  6830                           ;	unspecified, using default values
  6831  200002                     	org	2097154
  6832  200002  FF                 	db	255
  6833                           
  6834                           ;Config register IDLOC3 @ 0x200003
  6835                           ;	unspecified, using default values
  6836  200003                     	org	2097155
  6837  200003  FF                 	db	255
  6838                           
  6839                           ;Config register IDLOC4 @ 0x200004
  6840                           ;	unspecified, using default values
  6841  200004                     	org	2097156
  6842  200004  FF                 	db	255
  6843                           
  6844                           ;Config register IDLOC5 @ 0x200005
  6845                           ;	unspecified, using default values
  6846  200005                     	org	2097157
  6847  200005  FF                 	db	255
  6848                           
  6849                           ;Config register IDLOC6 @ 0x200006
  6850                           ;	unspecified, using default values
  6851  200006                     	org	2097158
  6852  200006  FF                 	db	255
  6853                           
  6854                           ;Config register IDLOC7 @ 0x200007
  6855                           ;	unspecified, using default values
  6856  200007                     	org	2097159
  6857  200007  FF                 	db	255
  6858                           
  6859                           	psect	config
  6860                           
  6861                           ; Padding undefined space
  6862  300000                     	org	3145728
  6863  300000  FF                 	db	255
  6864                           
  6865                           ;Config register CONFIG1H @ 0x300001
  6866                           ;	Oscillator Selection bits
  6867                           ;	FOSC = HSMP, HS oscillator (medium power 4-16 MHz)
  6868                           ;	4X PLL Enable
  6869                           ;	PLLCFG = ON, Oscillator multiplied by 4
  6870                           ;	Primary clock enable bit
  6871                           ;	PRICLKEN = 0x1, unprogrammed default
  6872                           ;	Fail-Safe Clock Monitor Enable bit
  6873                           ;	FCMEN = ON, Fail-Safe Clock Monitor enabled
  6874                           ;	Internal/External Oscillator Switchover bit
  6875                           ;	IESO = 0x0, unprogrammed default
  6876  300001                     	org	3145729
  6877  300001  73                 	db	115
  6878                           
  6879                           ;Config register CONFIG2L @ 0x300002
  6880                           ;	unspecified, using default values
  6881                           ;	Power-up Timer Enable bit
  6882                           ;	PWRTEN = 0x1, unprogrammed default
  6883                           ;	Brown-out Reset Enable bits
  6884                           ;	BOREN = 0x3, unprogrammed default
  6885                           ;	Brown Out Reset Voltage bits
  6886                           ;	BORV = 0x3, unprogrammed default
  6887  300002                     	org	3145730
  6888  300002  1F                 	db	31
  6889                           
  6890                           ;Config register CONFIG2H @ 0x300003
  6891                           ;	Watchdog Timer Enable bits
  6892                           ;	WDTEN = OFF, Watch dog timer is always disabled. SWDTEN has no effect.
  6893                           ;	Watchdog Timer Postscale Select bits
  6894                           ;	WDTPS = 0xF, unprogrammed default
  6895  300003                     	org	3145731
  6896  300003  3C                 	db	60
  6897                           
  6898                           ; Padding undefined space
  6899  300004                     	org	3145732
  6900  300004  FF                 	db	255
  6901                           
  6902                           ;Config register CONFIG3H @ 0x300005
  6903                           ;	unspecified, using default values
  6904                           ;	CCP2 MUX bit
  6905                           ;	CCP2MX = 0x1, unprogrammed default
  6906                           ;	PORTB A/D Enable bit
  6907                           ;	PBADEN = 0x1, unprogrammed default
  6908                           ;	P3A/CCP3 Mux bit
  6909                           ;	CCP3MX = 0x1, unprogrammed default
  6910                           ;	HFINTOSC Fast Start-up
  6911                           ;	HFOFST = 0x1, unprogrammed default
  6912                           ;	Timer3 Clock input mux bit
  6913                           ;	T3CMX = 0x1, unprogrammed default
  6914                           ;	ECCP2 B output mux bit
  6915                           ;	P2BMX = 0x1, unprogrammed default
  6916                           ;	MCLR Pin Enable bit
  6917                           ;	MCLRE = 0x1, unprogrammed default
  6918  300005                     	org	3145733
  6919  300005  BF                 	db	191
  6920                           
  6921                           ;Config register CONFIG4L @ 0x300006
  6922                           ;	unspecified, using default values
  6923                           ;	Stack Full/Underflow Reset Enable bit
  6924                           ;	STVREN = 0x1, unprogrammed default
  6925                           ;	Single-Supply ICSP Enable bit
  6926                           ;	LVP = 0x1, unprogrammed default
  6927                           ;	Extended Instruction Set Enable bit
  6928                           ;	XINST = 0x0, unprogrammed default
  6929                           ;	Background Debug
  6930                           ;	DEBUG = 0x1, unprogrammed default
  6931  300006                     	org	3145734
  6932  300006  85                 	db	133
  6933                           
  6934                           ; Padding undefined space
  6935  300007                     	org	3145735
  6936  300007  FF                 	db	255
  6937                           
  6938                           ;Config register CONFIG5L @ 0x300008
  6939                           ;	unspecified, using default values
  6940                           ;	Code Protection Block 0
  6941                           ;	CP0 = 0x1, unprogrammed default
  6942                           ;	Code Protection Block 1
  6943                           ;	CP1 = 0x1, unprogrammed default
  6944                           ;	Code Protection Block 2
  6945                           ;	CP2 = 0x1, unprogrammed default
  6946                           ;	Code Protection Block 3
  6947                           ;	CP3 = 0x1, unprogrammed default
  6948  300008                     	org	3145736
  6949  300008  0F                 	db	15
  6950                           
  6951                           ;Config register CONFIG5H @ 0x300009
  6952                           ;	unspecified, using default values
  6953                           ;	Boot Block Code Protection bit
  6954                           ;	CPB = 0x1, unprogrammed default
  6955                           ;	Data EEPROM Code Protection bit
  6956                           ;	CPD = 0x1, unprogrammed default
  6957  300009                     	org	3145737
  6958  300009  C0                 	db	192
  6959                           
  6960                           ;Config register CONFIG6L @ 0x30000A
  6961                           ;	unspecified, using default values
  6962                           ;	Write Protection Block 0
  6963                           ;	WRT0 = 0x1, unprogrammed default
  6964                           ;	Write Protection Block 1
  6965                           ;	WRT1 = 0x1, unprogrammed default
  6966                           ;	Write Protection Block 2
  6967                           ;	WRT2 = 0x1, unprogrammed default
  6968                           ;	Write Protection Block 3
  6969                           ;	WRT3 = 0x1, unprogrammed default
  6970  30000A                     	org	3145738
  6971  30000A  0F                 	db	15
  6972                           
  6973                           ;Config register CONFIG6H @ 0x30000B
  6974                           ;	unspecified, using default values
  6975                           ;	Configuration Register Write Protection bit
  6976                           ;	WRTC = 0x1, unprogrammed default
  6977                           ;	Boot Block Write Protection bit
  6978                           ;	WRTB = 0x1, unprogrammed default
  6979                           ;	Data EEPROM Write Protection bit
  6980                           ;	WRTD = 0x1, unprogrammed default
  6981  30000B                     	org	3145739
  6982  30000B  E0                 	db	224
  6983                           
  6984                           ;Config register CONFIG7L @ 0x30000C
  6985                           ;	unspecified, using default values
  6986                           ;	Table Read Protection Block 0
  6987                           ;	EBTR0 = 0x1, unprogrammed default
  6988                           ;	Table Read Protection Block 1
  6989                           ;	EBTR1 = 0x1, unprogrammed default
  6990                           ;	Table Read Protection Block 2
  6991                           ;	EBTR2 = 0x1, unprogrammed default
  6992                           ;	Table Read Protection Block 3
  6993                           ;	EBTR3 = 0x1, unprogrammed default
  6994  30000C                     	org	3145740
  6995  30000C  0F                 	db	15
  6996                           
  6997                           ;Config register CONFIG7H @ 0x30000D
  6998                           ;	unspecified, using default values
  6999                           ;	Boot Block Table Read Protection bit
  7000                           ;	EBTRB = 0x1, unprogrammed default
  7001  30000D                     	org	3145741
  7002  30000D  40                 	db	64
  7003                           tosu	equ	0xFFF
  7004                           tosh	equ	0xFFE
  7005                           tosl	equ	0xFFD
  7006                           stkptr	equ	0xFFC
  7007                           pclatu	equ	0xFFB
  7008                           pclath	equ	0xFFA
  7009                           pcl	equ	0xFF9
  7010                           tblptru	equ	0xFF8
  7011                           tblptrh	equ	0xFF7
  7012                           tblptrl	equ	0xFF6
  7013                           tablat	equ	0xFF5
  7014                           prodh	equ	0xFF4
  7015                           prodl	equ	0xFF3
  7016                           indf0	equ	0xFEF
  7017                           postinc0	equ	0xFEE
  7018                           postdec0	equ	0xFED
  7019                           preinc0	equ	0xFEC
  7020                           plusw0	equ	0xFEB
  7021                           fsr0h	equ	0xFEA
  7022                           fsr0l	equ	0xFE9
  7023                           wreg	equ	0xFE8
  7024                           indf1	equ	0xFE7
  7025                           postinc1	equ	0xFE6
  7026                           postdec1	equ	0xFE5
  7027                           preinc1	equ	0xFE4
  7028                           plusw1	equ	0xFE3
  7029                           fsr1h	equ	0xFE2
  7030                           fsr1l	equ	0xFE1
  7031                           bsr	equ	0xFE0
  7032                           indf2	equ	0xFDF
  7033                           postinc2	equ	0xFDE
  7034                           postdec2	equ	0xFDD
  7035                           preinc2	equ	0xFDC
  7036                           plusw2	equ	0xFDB
  7037                           fsr2h	equ	0xFDA
  7038                           fsr2l	equ	0xFD9
  7039                           status	equ	0xFD8

Data Sizes:
    Strings     318
    Constant    128
    Data        49
    BSS         151
    Persistent  0
    Stack       0

Auto Spaces:
    Space          Size  Autos    Used
    COMRAM           94     78      86
    BANK0           160    153     153
    BANK1           256    167     256
    BANK2           256     14     117
    BANK3           256      0       0
    BANK4           256      0       0
    BANK5           256      0       0
    BANK6           256      0       0
    BANK7           256      0       0
    BANK8           256      0       0
    BANK9           256      0       0
    BANK10          256      0       0
    BANK11          256      0       0
    BANK12          256      0       0
    BANK13          256      0       0
    BANK14          256      0       0
    BANK15           56      0       0

Pointer List with Targets:

    strncmp@_r	PTR const unsigned char  size(2) Largest target is 4
		 -> STR_23(CODE[3]), STR_18(CODE[4]), 

    strncmp@r	PTR const unsigned char  size(2) Largest target is 4
		 -> STR_23(CODE[3]), STR_18(CODE[4]), 

    strncmp@_l	PTR const unsigned char  size(2) Largest target is 33
		 -> STR_15(CODE[14]), STR_14(CODE[16]), STR_13(CODE[27]), STR_12(CODE[29]), 
		 -> STR_11(CODE[25]), STR_10(CODE[24]), STR_9(CODE[28]), STR_8(CODE[33]), 
		 -> STR_7(CODE[4]), STR_6(CODE[24]), STR_5(CODE[5]), STR_4(CODE[23]), 
		 -> STR_3(CODE[25]), STR_2(CODE[24]), STR_1(CODE[24]), 

    strncmp@l	PTR const unsigned char  size(2) Largest target is 33
		 -> STR_15(CODE[14]), STR_14(CODE[16]), STR_13(CODE[27]), STR_12(CODE[29]), 
		 -> STR_11(CODE[25]), STR_10(CODE[24]), STR_9(CODE[28]), STR_8(CODE[33]), 
		 -> STR_7(CODE[4]), STR_6(CODE[24]), STR_5(CODE[5]), STR_4(CODE[23]), 
		 -> STR_3(CODE[25]), STR_2(CODE[24]), STR_1(CODE[24]), 

    strlen@s	PTR const unsigned char  size(2) Largest target is 32
		 -> ?_printf(BANK0[2]), dbuf(BANK1[32]), stoa@nuls(COMRAM[7]), ?_sprintf(BANK0[2]), 
		 -> main@cursor(BANK0[3]), main@menu_names(BANK0[35]), 

    strlen@a	PTR const unsigned char  size(2) Largest target is 32
		 -> ?_printf(BANK0[2]), dbuf(BANK1[32]), stoa@nuls(COMRAM[7]), ?_sprintf(BANK0[2]), 
		 -> main@cursor(BANK0[3]), main@menu_names(BANK0[35]), 

    printf@fmt	PTR const unsigned char  size(2) Largest target is 5
		 -> STR_7(CODE[4]), STR_5(CODE[5]), 

    printf@ap	PTR void [1] size(2) Largest target is 2
		 -> ?_printf(BANK0[2]), ?_sprintf(BANK0[2]), 

    fputs@s	PTR const unsigned char  size(2) Largest target is 32
		 -> dbuf(BANK1[32]), 

    fputs@fp	PTR struct _IO_FILE size(2) Largest target is 11
		 -> NULL(NULL[0]), sprintf@f(BANK0[11]), 

    fputc@fp...source	PTR const unsigned char  size(2) Largest target is 0

    fputc@fp...buffer	PTR unsigned char  size(2) Largest target is 0

    fputc@fp	PTR struct _IO_FILE size(2) Largest target is 11
		 -> NULL(NULL[0]), sprintf@f(BANK0[11]), 

    vfprintf@ap	PTR PTR void  size(2) Largest target is 2
		 -> printf@ap(COMRAM[2]), sprintf@ap(BANK0[2]), 

    vfprintf@fp	PTR struct _IO_FILE size(2) Largest target is 11
		 -> NULL(NULL[0]), sprintf@f(BANK0[11]), 

    vfprintf@fmt	PTR const unsigned char  size(2) Largest target is 33
		 -> STR_15(CODE[14]), STR_14(CODE[16]), STR_13(CODE[27]), STR_12(CODE[29]), 
		 -> STR_11(CODE[25]), STR_10(CODE[24]), STR_9(CODE[28]), STR_8(CODE[33]), 
		 -> STR_7(CODE[4]), STR_6(CODE[24]), STR_5(CODE[5]), STR_4(CODE[23]), 
		 -> STR_3(CODE[25]), STR_2(CODE[24]), STR_1(CODE[24]), 

    vfprintf@cfmt	PTR unsigned char  size(2) Largest target is 33
		 -> STR_15(CODE[14]), STR_14(CODE[16]), STR_13(CODE[27]), STR_12(CODE[29]), 
		 -> STR_11(CODE[25]), STR_10(CODE[24]), STR_9(CODE[28]), STR_8(CODE[33]), 
		 -> STR_7(CODE[4]), STR_6(CODE[24]), STR_5(CODE[5]), STR_4(CODE[23]), 
		 -> STR_3(CODE[25]), STR_2(CODE[24]), STR_1(CODE[24]), 

    vfpfcnvrt@fp	PTR struct _IO_FILE size(2) Largest target is 11
		 -> NULL(NULL[0]), sprintf@f(BANK0[11]), 

    vfpfcnvrt@ap	PTR PTR void  size(2) Largest target is 2
		 -> printf@ap(COMRAM[2]), sprintf@ap(BANK0[2]), 

    vfpfcnvrt@cp	PTR unsigned char  size(2) Largest target is 2
		 -> ?_printf(BANK0[2]), ?_sprintf(BANK0[2]), main@cursor(BANK0[3]), main@menu_names(BANK0[35]), 

    vfpfcnvrt@fmt	PTR PTR unsigned char  size(2) Largest target is 2
		 -> vfprintf@cfmt(COMRAM[2]), 

    utoa@fp	PTR struct _IO_FILE size(2) Largest target is 11
		 -> NULL(NULL[0]), sprintf@f(BANK0[11]), 

    stoa@fp	PTR struct _IO_FILE size(2) Largest target is 11
		 -> NULL(NULL[0]), sprintf@f(BANK0[11]), 

    stoa@s	PTR unsigned char  size(2) Largest target is 2
		 -> ?_printf(BANK0[2]), ?_sprintf(BANK0[2]), main@cursor(BANK0[3]), main@menu_names(BANK0[35]), 

    stoa@cp	PTR unsigned char  size(2) Largest target is 7
		 -> ?_printf(BANK0[2]), stoa@nuls(COMRAM[7]), ?_sprintf(BANK0[2]), main@cursor(BANK0[3]), 
		 -> main@menu_names(BANK0[35]), 

    pad@fp	PTR struct _IO_FILE size(2) Largest target is 11
		 -> NULL(NULL[0]), sprintf@f(BANK0[11]), 

    pad@buf	PTR unsigned char  size(2) Largest target is 32
		 -> dbuf(BANK1[32]), 

    sprintf@fmt	PTR const unsigned char  size(2) Largest target is 33
		 -> STR_15(CODE[14]), STR_14(CODE[16]), STR_13(CODE[27]), STR_12(CODE[29]), 
		 -> STR_11(CODE[25]), STR_10(CODE[24]), STR_9(CODE[28]), STR_8(CODE[33]), 
		 -> STR_6(CODE[24]), STR_4(CODE[23]), STR_3(CODE[25]), STR_2(CODE[24]), 
		 -> STR_1(CODE[24]), 

    sprintf@s	PTR unsigned char  size(2) Largest target is 17
		 -> main@text2M(BANK0[17]), main@text1M(BANK0[17]), main@textLEVEL(BANK1[17]), main@text1(BANK1[17]), 
		 -> main@text2(BANK1[17]), main@textSTOP2(BANK1[17]), main@textSTOP1(BANK1[17]), main@textSTART(BANK1[17]), 
		 -> main@textDAC(BANK1[17]), main@textADC(BANK1[17]), main@textPWM(BANK1[17]), main@textUART(BANK0[17]), 
		 -> main@textGPIO(BANK0[17]), 

    sprintf@ap	PTR void [1] size(2) Largest target is 2
		 -> ?_printf(BANK0[2]), ?_sprintf(BANK0[2]), 

    S2558$source	PTR const unsigned char  size(2) Largest target is 0

    f...source	PTR const unsigned char  size(2) Largest target is 0

    S2558$buffer	PTR unsigned char  size(2) Largest target is 0

    f...buffer	PTR unsigned char  size(2) Largest target is 0

    LCD_ShowString@textData	PTR unsigned char  size(2) Largest target is 17
		 -> main@text2M(BANK0[17]), main@text1M(BANK0[17]), main@textLEVEL(BANK1[17]), main@text1(BANK1[17]), 
		 -> main@text2(BANK1[17]), main@textSTOP2(BANK1[17]), main@textSTOP1(BANK1[17]), main@textSTART(BANK1[17]), 
		 -> main@textDAC(BANK1[17]), main@textADC(BANK1[17]), main@textPWM(BANK1[17]), main@textUART(BANK0[17]), 
		 -> main@textGPIO(BANK0[17]), 


Critical Paths under _main in COMRAM

    _main->_printf
    _sprintf->_vfprintf
    _rand->___lmul
    _printf->_vfprintf
    _vfprintf->_vfpfcnvrt
    _vfpfcnvrt->_utoa
    _utoa->_pad
    _pad->_fputs
    _fputs->_fputc
    _stoa->_fputc
    _fputc->_putch
    ___awmod->_rand
    _LCD_ShowString->_LCD_Send
    _LCD_Init->_LCD_Send
    _LCD_Clear->_LCD_Send

Critical Paths under _UART_TMR1_ISR in COMRAM

    _UART_TMR1_ISR->i2_driveLED

Critical Paths under _main in BANK0

    _main->_sprintf
    _sprintf->_vfprintf
    _printf->_vfprintf
    _vfprintf->_vfpfcnvrt

Critical Paths under _UART_TMR1_ISR in BANK0

    None.

Critical Paths under _main in BANK1

    None.

Critical Paths under _UART_TMR1_ISR in BANK1

    None.

Critical Paths under _main in BANK2

    None.

Critical Paths under _UART_TMR1_ISR in BANK2

    None.

Critical Paths under _main in BANK3

    None.

Critical Paths under _UART_TMR1_ISR in BANK3

    None.

Critical Paths under _main in BANK4

    None.

Critical Paths under _UART_TMR1_ISR in BANK4

    None.

Critical Paths under _main in BANK5

    None.

Critical Paths under _UART_TMR1_ISR in BANK5

    None.

Critical Paths under _main in BANK6

    None.

Critical Paths under _UART_TMR1_ISR in BANK6

    None.

Critical Paths under _main in BANK7

    None.

Critical Paths under _UART_TMR1_ISR in BANK7

    None.

Critical Paths under _main in BANK8

    None.

Critical Paths under _UART_TMR1_ISR in BANK8

    None.

Critical Paths under _main in BANK9

    None.

Critical Paths under _UART_TMR1_ISR in BANK9

    None.

Critical Paths under _main in BANK10

    None.

Critical Paths under _UART_TMR1_ISR in BANK10

    None.

Critical Paths under _main in BANK11

    None.

Critical Paths under _UART_TMR1_ISR in BANK11

    None.

Critical Paths under _main in BANK12

    None.

Critical Paths under _UART_TMR1_ISR in BANK12

    None.

Critical Paths under _main in BANK13

    None.

Critical Paths under _UART_TMR1_ISR in BANK13

    None.

Critical Paths under _main in BANK14

    None.

Critical Paths under _UART_TMR1_ISR in BANK14

    None.

Critical Paths under _main in BANK15

    None.

Critical Paths under _UART_TMR1_ISR in BANK15

    None.

Call Graph Tables:

 ---------------------------------------------------------------------------------
 (Depth) Function   	        Calls       Base Space   Used Autos Params    Refs
 ---------------------------------------------------------------------------------
 (0) _main                                               289   289      0   36111
                                             45 BANK0    108   108      0
                                              0 BANK1    167   167      0
                                              0 BANK2     14    14      0
                          _GPIO_init
                            _IT_init
                          _LCD_Clear
                           _LCD_Init
                     _LCD_ShowString
                           _PWM_init
                           _SPIWrite
                            _T1_init
                            ___awmod
                             ___lmul
                           _adc_init
                           _adc_read
                           _driveLED
                             _printf
                               _rand
                           _spi_init
                            _sprintf
                          _uart_init
 ---------------------------------------------------------------------------------
 (1) _uart_init                                            0     0      0       0
 ---------------------------------------------------------------------------------
 (1) _sprintf                                             23    15      8   16021
                                             24 BANK0     21    13      8
                           _vfprintf
 ---------------------------------------------------------------------------------
 (1) _spi_init                                             0     0      0       0
 ---------------------------------------------------------------------------------
 (1) _rand                                                 6     4      2     636
                                             20 COMRAM     6     4      2
                             ___lmul
 ---------------------------------------------------------------------------------
 (2) ___lmul                                              12     4      8     636
                                              8 COMRAM    12     4      8
 ---------------------------------------------------------------------------------
 (1) _printf                                              10     4      6   13636
                                             76 COMRAM     2     2      0
                                             24 BANK0      6     0      6
                           _vfprintf
 ---------------------------------------------------------------------------------
 (2) _vfprintf                                             8     2      6   13363
                                             74 COMRAM     2     2      0
                                             18 BANK0      6     0      6
                          _vfpfcnvrt
 ---------------------------------------------------------------------------------
 (3) _vfpfcnvrt                                           47    41      6   12599
                                             68 COMRAM     6     0      6
                                              0 BANK0     18    18      0
                              _fputc
                               _stoa
                            _strncmp
                               _utoa
 ---------------------------------------------------------------------------------
 (4) _utoa                                                32    22     10    6241
                                             36 COMRAM    32    22     10
                            ___lodiv
                            ___lomod
                                _pad
 ---------------------------------------------------------------------------------
 (5) _pad                                                 11     5      6    4649
                                             25 COMRAM    11     5      6
                              _fputc
                              _fputs
                             _strlen
 ---------------------------------------------------------------------------------
 (6) _fputs                                                7     3      4    2108
                                             18 COMRAM     7     3      4
                              _fputc
 ---------------------------------------------------------------------------------
 (5) ___lomod                                             17     1     16     412
                                              8 COMRAM    17     1     16
 ---------------------------------------------------------------------------------
 (5) ___lodiv                                             25     9     16     421
                                              8 COMRAM    25     9     16
 ---------------------------------------------------------------------------------
 (4) _strncmp                                             11     5      6     865
                                              8 COMRAM    11     5      6
 ---------------------------------------------------------------------------------
 (4) _stoa                                                22    18      4    2763
                                             18 COMRAM    22    18      4
                              _fputc
                             _strlen
 ---------------------------------------------------------------------------------
 (6) _strlen                                               4     2      2     310
                                              8 COMRAM     4     2      2
 ---------------------------------------------------------------------------------
 (7) _fputc                                                9     5      4    1608
                                              9 COMRAM     9     5      4
                              _putch
 ---------------------------------------------------------------------------------
 (8) _putch                                                1     1      0      31
                                              8 COMRAM     1     1      0
 ---------------------------------------------------------------------------------
 (1) _driveLED                                             1     1      0     186
                                              8 COMRAM     1     1      0
 ---------------------------------------------------------------------------------
 (1) _adc_read                                             7     5      2      65
                                              8 COMRAM     7     5      2
 ---------------------------------------------------------------------------------
 (1) _adc_init                                             0     0      0       0
 ---------------------------------------------------------------------------------
 (1) ___awmod                                              6     2      4     793
                                             26 COMRAM     6     2      4
                               _rand (ARG)
 ---------------------------------------------------------------------------------
 (1) _T1_init                                              0     0      0       0
 ---------------------------------------------------------------------------------
 (1) _SPIWrite                                             4     3      1     431
                                              8 COMRAM     4     3      1
 ---------------------------------------------------------------------------------
 (1) _PWM_init                                             0     0      0       0
 ---------------------------------------------------------------------------------
 (1) _LCD_ShowString                                       4     2      2    1396
                                              9 COMRAM     4     2      2
                           _LCD_Send
 ---------------------------------------------------------------------------------
 (1) _LCD_Init                                             1     1      0      31
                                              9 COMRAM     1     1      0
                           _LCD_Send
 ---------------------------------------------------------------------------------
 (1) _LCD_Clear                                            0     0      0      31
                           _LCD_Send
 ---------------------------------------------------------------------------------
 (2) _LCD_Send                                             1     1      0      31
                                              8 COMRAM     1     1      0
 ---------------------------------------------------------------------------------
 (1) _IT_init                                              0     0      0       0
 ---------------------------------------------------------------------------------
 (1) _GPIO_init                                            0     0      0       0
 ---------------------------------------------------------------------------------
 Estimated maximum stack depth 8
 ---------------------------------------------------------------------------------
 (Depth) Function   	        Calls       Base Space   Used Autos Params    Refs
 ---------------------------------------------------------------------------------
 (9) _UART_TMR1_ISR                                        7     7      0     200
                                              1 COMRAM     7     7      0
                         i2_driveLED
 ---------------------------------------------------------------------------------
 (10) i2_driveLED                                          1     1      0     132
                                              0 COMRAM     1     1      0
 ---------------------------------------------------------------------------------
 Estimated maximum stack depth 10
 ---------------------------------------------------------------------------------

 Call Graph Graphs:

 _main (ROOT)
   _GPIO_init
   _IT_init
   _LCD_Clear
     _LCD_Send
   _LCD_Init
     _LCD_Send
   _LCD_ShowString
     _LCD_Send
   _PWM_init
   _SPIWrite
   _T1_init
   ___awmod
     _rand (ARG)
       ___lmul
   ___lmul
   _adc_init
   _adc_read
   _driveLED
   _printf
     _vfprintf
       _vfpfcnvrt
         _fputc
           _putch
         _stoa
           _fputc
           _strlen
         _strncmp
         _utoa
           ___lodiv
           ___lomod
           _pad
             _fputc
             _fputs
               _fputc
             _strlen
   _rand
   _spi_init
   _sprintf
     _vfprintf
   _uart_init

 _UART_TMR1_ISR (ROOT)
   i2_driveLED

 Address spaces:
Name               Size   Autos  Total    Cost      Usage
BIGRAM             F37      0       0      55        0.0%
EEDATA             400      0       0       0        0.0%
BITBANK14          100      0       0      32        0.0%
BANK14             100      0       0      33        0.0%
BITBANK13          100      0       0      30        0.0%
BANK13             100      0       0      31        0.0%
BITBANK12          100      0       0      28        0.0%
BANK12             100      0       0      29        0.0%
BITBANK11          100      0       0      26        0.0%
BANK11             100      0       0      27        0.0%
BITBANK10          100      0       0      24        0.0%
BANK10             100      0       0      25        0.0%
BITBANK9           100      0       0      22        0.0%
BANK9              100      0       0      23        0.0%
BITBANK8           100      0       0      20        0.0%
BANK8              100      0       0      21        0.0%
BITBANK7           100      0       0      18        0.0%
BANK7              100      0       0      19        0.0%
BITBANK6           100      0       0      16        0.0%
BANK6              100      0       0      17        0.0%
BITBANK5           100      0       0      14        0.0%
BANK5              100      0       0      15        0.0%
BITBANK4           100      0       0      12        0.0%
BANK4              100      0       0      13        0.0%
BITBANK3           100      0       0      10        0.0%
BANK3              100      0       0      11        0.0%
BITBANK2           100      0       0       8        0.0%
BANK2              100      E      75       9       45.7%
BITBANK1           100      0       0       6        0.0%
BANK1              100     A7     100       7      100.0%
BITBANK0            A0      0       0       4        0.0%
BANK0               A0     99      99       5       95.6%
BITCOMRAM           5E      0       0       0        0.0%
COMRAM              5E     4E      56       1       91.5%
BITBANK15           38      0       0      34        0.0%
BANK15              38      0       0      35        0.0%
BITBIGSFRhhhl       22      0       0      37        0.0%
BITBIGSFRllllhh     21      0       0      52        0.0%
BITBIGSFRllllhh     10      0       0      51        0.0%
BITBIGSFRhhhh        D      0       0      36        0.0%
BITBIGSFRllllhl      C      0       0      53        0.0%
BITBIGSFRhhllll      A      0       0      44        0.0%
BITBIGSFRhllh        6      0       0      45        0.0%
BITBIGSFRlhhh        6      0       0      47        0.0%
BITBIGSFRllh         6      0       0      49        0.0%
BITBIGSFRlhl         5      0       0      48        0.0%
BITBIGSFRhlll        5      0       0      46        0.0%
BITBIGSFRhhlhhh      3      0       0      38        0.0%
BITBIGSFRhhlllh      1      0       0      43        0.0%
BITBIGSFRhhlhhh      1      0       0      39        0.0%
BITBIGSFRhhllh       1      0       0      42        0.0%
BITBIGSFRhhlhhh      1      0       0      40        0.0%
BITBIGSFRhhlhl       1      0       0      41        0.0%
BITBIGSFRlllh        1      0       0      50        0.0%
BIGSFR               0      0       0     200        0.0%
BITSFR_1             0      0       0     200        0.0%
SFR_1                0      0       0     200        0.0%
BITSFR               0      0       0     200        0.0%
SFR                  0      0       0     200        0.0%
STACK                0      0       0       2        0.0%
NULL                 0      0       0       0        0.0%
ABS                  0      0     264      54        0.0%
DATA                 0      0     264       3        0.0%
CODE                 0      0       0       0        0.0%


Microchip Technology PIC18 Macro Assembler V2.36 build 20220127204148 
Symbol Table                                                                                   Mon May 09 20:34:40 2022

                      _w 01D4                      l203 0342                      l220 044A  
                    l301 1C90                      l310 1E26                      l222 0458  
                    l304 1E0A                      l321 1CC4                      l313 1E38  
                    l217 0412                      l322 1CC8                      l242 0768  
                    l307 1E54                      l316 1DF2                      l260 09F6  
                    l252 094C                      l325 1E4A                      l270 0B8E  
                    l319 1CB6                      l407 1B10                      l191 028C  
                    l352 14B4                      l280 196E                      l408 1B20  
                    l248 0832                      l361 1872                      l249 0834  
                    l354 14C2                      l355 1544                      l363 1880  
                    l283 1C30                      l267 0B3E                      l380 1DB0  
                    l372 18FE                      l292 1E22                      l381 1DB2  
                    l365 18C0                      l285 1C3E                      l390 1D34  
                    l358 1560                      l286 1C44                      l375 1D94  
                    l295 1DD6                      l384 1D02                      l368 18EE  
                    l288 1C52                      l640 186C                      l369 18F0  
                    l289 1C56                      l378 1DA2                      l386 1D10  
                    l298 1C6E                      l387 1D26                      l841 13A8  
                    l834 1388                      l851 1630                      l844 1610  
                    _GIE 007F97                      _PR2 000FBB                      _pad 16FC  
           ___awmod@sign 0020                      prod 000FF3                      wreg 000FE8  
             _TXSTA1bits 000FAC                     l1101 1740                     l1104 1782  
                   l1113 11B8                     l1106 17BC                     l1115 11C0  
                   l1124 1268                     l1205 1CFE                     l1125 12B0  
                   l1134 0F70                     l1144 1136                     l1136 0F78  
                   l1129 12B8                     l1209 1486                     l1074 1BD4  
                   l1155 0F36                     l1163 1B7A                     l1164 1B82  
                   l1191 1D8C                     l1176 16FA                     l1184 1C18  
                   l3200 171E                     l3122 1E26                     l3130 1656  
                   l3210 1764                     l3202 172C                     l3124 1E34  
                   l3132 1660                     l3220 114A                     l3140 1BD6  
                   l3212 1790                     l3204 1738                     l3134 167E  
                   l3126 1632                     l3150 1CD6                     l3230 1188  
                   l3222 1152                     l3310 1438                     l3302 13E0  
                   l3142 1BE2                     l3214 17A4                     l3206 174C  
                   l1199 1A4C                     l3136 16B4                     l3128 1644  
                   l3152 1CDA                     l3240 11FA                     l3232 1196  
                   l3224 1164                     l3312 1462                     l3304 13EE  
                   l3160 12C6                     l3144 1BF4                     l3208 1760  
                   l3320 0C54                     l3400 1B5E                     l3410 14A2  
                   l3402 1902                     l3154 1CF2                     l3250 124A  
                   l3242 1218                     l3226 116C                     l3218 1138  
                   l3306 140A                     l3170 1320                     l3162 12E4  
                   l3146 1BF8                     l3330 0CE8                     l3322 0C66  
                   l3404 1DD8                     l3420 1552                     l3412 14A4  
                   l3500 18DE                     l3148 1CCA                     l3244 1224  
                   l3236 11E2                     l3228 1180                     l3308 1426  
                   l3172 134E                     l3164 12EC                     l3180 1562  
                   l3260 0F38                     l3332 0CF6                     l3324 0C6A  
                   l3316 0C22                     l3414 14B2                     l3406 1488  
                   l3502 1C92                     l3254 127A                     l3246 1242  
                   l3238 11F6                     l3174 136E                     l3166 1300  
                   l3158 12BA                     l3190 15D8                     l3182 1580  
                   l3270 0FA8                     l3262 0F48                     l3350 0E00  
                   l3334 0D00                     l3342 0D58                     l3326 0C8E  
                   l3318 0C46                     l3510 1D66                     l3430 1E06  
                   l3422 1DF4                     l3416 14C4                     l3408 1496  
                   l3504 1C94                     l3520 1C7C                     l3256 128E  
                   l3248 1246                     l3176 1370                     l3168 130E  
                   l3192 15F8                     l3184 1588                     l3280 1038  
                   l3272 0FB0                     l3264 0F4A                     l3360 0EB8  
                   l3352 0E36                     l3344 0D7C                     l3336 0D10  
                   l3328 0CC4                     l3512 1D6E                     l3440 1E0C  
                   l3432 1E08                     l3424 1DFE                     l3600 01C8  
                   l3450 1E4C                     l3418 1542                     l3506 1CB2  
                   l3530 1C2C                     l3434 1DB4                     l3522 1C88  
                   l3258 1292                     l3178 1382                     l3194 160A  
                   l3186 159C                     l3290 1100                     l3274 0FB6  
                   l3282 109C                     l3266 0F64                     l3370 0EF4  
                   l3362 0EC6                     l3346 0DC8                     l3338 0D38  
                   l3442 1E14                     l3426 1E02                     l3610 01F2  
                   l3602 01DE                     l3460 1D12                     l3508 1CB4  
                   l3452 1E3A                     l3540 17C2                     l3436 1DC4  
                   l3516 1C5A                     l3188 15AA                     l3196 16FC  
                   l3284 10AE                     l3292 110E                     l3276 102C  
                   l3268 0FA0                     l3364 0EDA                     l3532 19E0  
                   l3444 1E1C                     l3428 1E04                     l3700 03E0  
                   l3620 020C                     l3612 01F4                     l3604 01EC  
                   l3382 1D90                     l3462 1D24                     l3526 1C1C  
                   l3454 1E46                     l3550 17F2                     l3542 17D0  
                   l3438 1DD4                     l3518 1C6C                     l3198 170A  
                   l3286 10CC                     l3278 1032                     l3358 0E94  
                   l3374 0F00                     l3390 1AE6                     l3534 1A1E  
                   l3446 1E1E                     l3470 1BA6                     l3710 0420  
                   l3702 03E4                     l3630 024C                     l3622 0226  
                   l3614 01F6                     l3606 01EE                     l3480 1882  
                   l3528 1C1E                     l3456 1E48                     l3560 1838  
                   l3552 1804                     l3544 17D8                     l3296 13AA  
                   l3288 10E6                     l3376 0F24                     l3368 0EE6  
                   l3392 1AF0                     l3384 1AB8                     l3448 1E20  
                   l3472 1BC2                     l3464 1B84                     l3800 0776  
                   l3720 0478                     l3712 043E                     l3704 03FA  
                   l3640 0290                     l3624 0234                     l3632 0252  
                   l3616 01F8                     l3608 01F0                     l3458 1D00  
                   l3490 18C6                     l3482 188E                     l3570 1864  
                   l3562 1840                     l3554 180C                     l3546 17DC  
                   l3538 17BE                     l3298 13D4                     l3394 1B22  
                   l3386 1AC8                     l3466 1B96                     l3810 07C8  
                   l3802 0790                     l3730 04EC                     l3722 04A4  
                   l3714 0446                     l3706 0408                     l3650 02CE  
                   l3642 0294                     l3634 0260                     l3626 0246  
                   l3618 01FE                     l3484 189E                     l3476 1870  
                   l3564 1846                     l3556 1814                     l3548 17EA  
                   l3396 1B2A                     l3388 1AD6                     l3468 1B9E  
                   l3900 0B4C                     l3820 0826                     l3812 07D6  
                   l3804 079E                     l3740 0526                     l3724 04C2  
                   l3716 0448                     l3708 0410                     l3660 030A  
                   l3652 02D0                     l3644 02AA                     l3636 027A  
                   l3628 024A                     l3580 0178                     l3486 18A8  
                   l3478 1870                     l3558 1822                     l3566 184C  
                   l3398 1B38                     l3910 0BB6                     l3902 0B5E  
                   l3830 087E                     l3822 082A                     l3814 07F4  
                   l3806 07AC                     l3750 059E                     l3742 052C  
                   l3734 04FE                     l3726 04C4                     l3718 0460  
                   l3670 0338                     l3662 030E                     l3654 02DE  
                   l3646 02B8                     l3590 01A6                     l3582 017C  
                   l3574 016C                     ?_pad 001A                     l3496 18CA  
                   l3488 18BA                     l3568 185C                     l3912 0BC4  
                   l3904 0B78                     l3832 089C                     l3824 0842  
                   l3816 0802                     l3808 07B4                     l3760 0630  
                   l3752 05CC                     l3744 053A                     l3736 0502  
                   l3728 04D2                     l3680 036C                     l3672 0340  
                   l3664 0324                     l3656 02F8                     l3648 02CA  
                   l3592 01B0                     l3584 0184                     l3576 0170  
                   l3498 18DC                     l3906 0B86                     l3850 0974  
                   l3842 08FC                     l3834 08AA                     l3826 0852  
                   l3818 081C                     l3762 0650                     l3770 067C  
                   l3754 05EA                     l3746 056C                     l3738 0518  
                   l3690 03A2                     l3682 037C                     l3674 0350  
                   l3666 0332                     l3594 01B4                     l3586 0188  
                   l3578 0174                     l3908 0B9C                     l3860 09B6  
                   l3844 092C                     l3836 08C4                     l3828 0870  
                   l3780 06C8                     l3772 068E                     l3756 05F4  
                   l3748 057A                     l3692 03A6                     l3676 0360  
                   l3668 0336                     l3916 0BC8                     l3596 01BA  
                   l3588 019A                     l3862 09BC                     l3854 0986  
                   l3846 0944                     l3838 08D4                     l3790 070E  
                   l3782 06D6                     l3774 0692                     l3766 065E  
                   l3758 05FC                     l3694 03B4                     l3686 0382  
                   l3678 0362                     l3598 01C4                     l3872 0A04  
                   l3864 09C0                     l3856 099A                     l3848 095A  
                   l3792 0722                     l3880 0A30                     l3784 06F0  
                   l3776 06A0                     l3696 03CE                     l3688 0392  
                   l3890 0AEC                     l3882 0A6A                     l3874 0A1E  
                   l3866 09C4                     l3858 09A8                     l3794 0730  
                   l3778 06B6                     l3892 0AFA                     l3884 0A9A  
                   l3868 09D4                     l3796 073E                     l3788 0702  
                   l3894 0B0E                     l3886 0AA8                     l3990 0A44  
                   l3798 0760                     l3992 0BE0                     l3896 0B28  
                   l3888 0AE8                     l3898 0B36                     STR_1 FF80  
                   STR_2 FF98                     STR_3 FF4F                     STR_4 FFC8  
                   STR_5 FFEF                     STR_6 FFB0                     STR_7 FFF8  
                   STR_8 FEC1                     STR_9 FEFF                     u3110 1E34  
                   u3111 1E30               i2_driveLED 1970                     u3120 1644  
                   u3200 130E                     u4000 02CA                     u3121 1640  
                   u3201 130A                     u4001 02C6                     u3130 1656  
                   u3210 134E                     u4010 02DE                     u3131 1652  
                   u3211 134A                     u4011 02DA                     u3140 167E  
                   u3300 1164                     u3220 1580                     u4100 0420  
                   u4020 0306                     u3141 167A                     u3301 1160  
                   u3221 157C                     u4101 041C                     u4021 0302  
                   u3150 16B4                     u3310 1196                     u3230 15AA  
                   u4110 0458                     u4030 0350                     u3151 16B0  
                   u3311 1192                     u3231 15A6                     u4111 0454  
                   u4031 034C                     u3320 11B4                     u3240 15D8  
                   u3160 1C18                     u3400 10AE                     u4200 06FE  
                   u4120 04D2                     u4040 0360                     u3321 11B0  
                   u3241 15D4                     u3161 1C14                     u3401 10AA  
                   u4201 06FA                     u4121 04CE                     u4041 035C  
                   u3170 1CF2                     u3330 11DE                     u3250 170A  
                   u3410 10CC                     u4210 073E                     u4130 04FA  
                   u4050 037C                     u3171 1CEE                     u3331 11DA  
                   u3251 1706                     u3411 10C8                     u4211 073A  
                   u4131 04F6                     u4051 0378                     u3340 1218  
                   u3260 172C                     u3420 10E6                     u3500 0C46  
                   u4300 0982                     u4220 0776                     u4140 05CC  
                   u4060 0392                     u3341 1214                     u3181 12C0  
                   u3261 1728                     u3421 10E2                     u3501 0C42  
                   u4301 097E                     u4221 0772                     u4141 05C8  
                   u4061 038E                     u3350 1268                     u3190 12E4  
                   u3270 1782                     u3430 1100                     u3510 0C8E  
                   u4310 09B6                     u4230 079E                     u4150 05EA  
                   u4070 03A2                     u3351 1264                     u3191 12E0  
                   u3271 177E                     u3431 10FC                     u3511 0C8A  
                   u4311 09B2                     u4231 079A                     u4151 05E6  
                   u4071 039E                     u3360 1276                     u3280 1790  
                   u3440 110E                     u3520 0CC4                     u3600 1B10  
                   u4400 0B9C                     u4320 0A04                     u4240 0842  
                   u4160 0630                     u4080 03B4                     u3361 1272  
                   u3281 178C                     u3441 110A                     u3521 0CC0  
                   u3601 1B0C                     u4401 0B98                     u4321 0A00  
                   u4241 083E                     u4161 062C                     u4081 03B0  
                   u3370 12B0                     u3450 13D4                     u3530 0CE8  
                   u3610 1B7A                     u4410 0BC4                     u4330 0A2C  
                   u4250 08C4                     u4170 0650                     u4090 03DC  
                   u3371 12AC                     u3291 1142                     u3451 13D0  
                   u3531 0CE4                     u3611 1B76                     u4411 0BC0  
                   u4331 0A28                     u4251 08C0                     u4171 064C  
                   u4091 03D8                     u3700 195A                     u3620 1912  
                   u3460 140A                     u3380 0F48                     u3540 0D7C  
                   u4340 0AFA                     u4260 08F8                     u4180 068E  
                   u3701 1954                     u3621 190C                     u3461 1406  
                   u3381 0F44                     u3541 0D78                     u4341 0AF6  
                   u4261 08F4                     u4181 068A                     u3470 1426  
                   u3390 0F64                     u3550 0E36                     u4350 0B0E  
                   u4270 092C                     u4190 06D6                     u3471 1422  
                   u3391 0F60                     u3551 0E32                     u4351 0B0A  
                   u4271 0928                     u4191 06D2                     u3800 18BA  
                   u3720 196C                     u3640 1924                     u3480 1438  
                   u3560 0EB8                     u4360 0B36                     u4280 0944  
                   u3801 18B6                     u3721 1966                     u3641 191E  
                   u3481 1434                     u3561 0EB4                     u4361 0B32  
                   u4281 0940                     u3570 1DA2                     u3810 18EE  
                   u3490 1462                     u4370 0B4C                     u4290 095A  
                   u3571 1D9E                     u3811 18EA                     u3715 195C  
                   u3635 1914                     u3491 145E                     u4371 0B48  
                   u4291 0956                     u4507 0782                     u4427 0218  
                   _PEIE 007F96                     u3580 1DB0                     u3740 14C2  
                   u3820 18FE                     u3900 1804                     u3660 1936  
                   u4380 0B5E                     u3581 1DAC                     u3741 14BE  
                   u3821 18FA                     u3901 1800                     u3661 1930  
                   u4381 0B5A                     u4517 080E                     u4437 026C  
                   u3750 1552                     u3830 1CC4                     u3910 1822  
                   u3590 1AD6                     u4390 0B86                     u3751 154E  
                   u3831 1CC0                     u3911 181E                     u3735 196E  
                   u3655 1926                     u3591 1AD2                     u4391 0B82  
                   u4527 0966                     u4447 02EA                     u3760 1D10  
                   u3920 1838                     u3840 1C7C                     u3680 1948  
                   u3761 1D0C                     u3921 1834                     u3841 1C78  
                   u3681 1942                     u4537 0A10                     u4457 03C0  
                   u3770 1D34                     u3850 1C3E                     u3930 185C  
                   u3771 1D30                     u3851 1C3A                     u3931 1858  
                   u3675 1938                     u4547 0B1A                     u4467 046C  
                   u3780 1880                     u3860 1C52                     u3781 187C  
                   u3861 1C4E                     u4557 0B6A                     u4477 04DE  
                   u3941 0192                     u3790 189E                     u3870 1A3E  
                   u3950 020C                     u3791 189A                     u3695 194A  
                   u4567 0BA8                     u4487 06BE                     u3951 0208  
                   u3880 17D0                     u3960 0234                     u4577 14AA  
                   u3881 17CC                     u4497 06E2                     u3961 0230  
                   u3890 17EA                     u3970 0246                     u4587 1558  
                   u3891 17E6                     u3875 1A34                     u3971 0242  
                   u3980 0260                     u3981 025C                     u3990 0288  
                   u3991 0284                     _TMR1 000FCE          __end_of_T1_init 1E4C  
                   _dbuf 01DC                     _main 016C                     _rand 19E0  
                   _seed 01FC                     _prec 01DA              main@textADC 0111  
            main@textDAC 0122                     _nout 01D6                     pad@i 0021  
                   pad@p 001E                     fsr1h 000FE2                     fsr2h 000FDA  
                   indf2 000FDF                     fsr1l 000FE1                     pad@w 0023  
                   fsr2l 000FD9                     _stoa 1138                     btemp 0057  
                   _utoa 0F38              main@textPWM 0100          __end_of_IT_init 1E56  
                   prodh 000FF4                     prodl 000FF3                     start 0168  
           ___param_bank 000000           _LCD_ShowString 186E                    ??_pad 0020  
       __end_of_LCD_Init 1562         __end_of_LCD_Send 1DB4                    ?_main 0001  
                  ?_rand 0015                    STR_10 FF68                    STR_11 FF36  
                  STR_12 FEE2                    STR_21 FFFC                    STR_13 FF1B  
                  STR_14 FFDF                    STR_15 FFE1                    STR_23 FFFC  
                  STR_16 FFF4                    STR_18 FFF4          __end_of___awmod 186E  
                  ?_stoa 0013                    ?_utoa 0025          __end_of___lodiv 13AA  
                  _LATB3 007C53                    _LATC1 007C59                    _LATD2 007C62  
                  _LATC4 007C5C                    _LATD3 007C63                    _RC1IE 007CED  
                  _RC1IF 007CF5                    _LATD4 007C64                    _LATD5 007C65  
                  _LATD6 007C66          __end_of___lomod 1632                    i2l173 015C  
                  i2l167 015A                    i2l280 19DE             vfpfcnvrt@fmt 0047  
           vfpfcnvrt@llu 006A                    _TX1IE 007CEC                    _TX1IF 007CF4  
    ___lmul@multiplicand 000D             main@rand_num 026D                    _delay 0055  
                  _flags 004F                    _fputc 1632                    _fputs 1BD6  
                  pad@fp 001A                    _width 01D8                    _putch 1E24  
                  main@j 0274                    main@k 0267             main@textGPIO 00D4  
        __end_of_tabulka FEC1             main@textUART 00E5         __end_of_SPIWrite 1C58  
                  tablat 000FF5             main@position 0273                    plusw1 000FE3  
                  plusw2 000FDB         __end_of_PWM_init 1CCA                    stoa@i 001F  
                  stoa@l 0027                    stoa@p 0025                    stoa@s 0015  
                  stoa@w 0021                    ttemp5 0058                    ttemp6 005B  
                  ttemp7 005F                    utoa@d 0027                    utoa@i 0043  
                  utoa@n 003B                    utoa@p 0037                    utoa@w 0039  
                  status 000FD8                    wtemp8 0058          __end_of_sprintf 1BD6  
        __end_of_strncmp 1488        main@menu_position 01A6         ___lodiv@dividend 0009  
        __initialization 1A4E   __end_of_LCD_ShowString 1900             __end_of_main 0C22  
           __end_of_rand 1A4E             __end_of_stoa 12BA             __end_of_utoa 1138  
           LCD_Send@data 0009                   ??_main 008D                   ??_rand 0017  
                 ??_stoa 0017                   ??_utoa 002F        __end_of_LCD_Clear 1D36  
          __activetblptr 000002         ___lodiv@quotient 0019        __end_of_GPIO_init 1DF4  
              ??_T1_init 0009            main@led_state 01A5                   ?_fputc 000A  
                 ?_fputs 0013                   _ADRESH 000FC4                   _ADRESL 000FC3  
                 _CCPR1L 000FBE                ??_IT_init 0009                   ?_putch 0001  
            ?i2_driveLED 0001                   _GODONE 007E11         __end_of_adc_init 1DD8  
       __end_of_adc_read 1C92                   i2l2700 0134                   i2l2702 014A  
                 i2l2704 014E                   i2l2650 0012                   i2l2660 004C  
                 i2l2652 0020                   i2l2670 0086                   i2l2662 0058  
                 i2l2654 002E                   i2l2648 1972                   i2l2680 00C4  
                 i2l2672 0098                   i2l2664 0068                   i2l2656 0032  
                 i2l2690 011E                   i2l2682 00D2                   i2l2674 00AA  
                 i2l2658 0044                   i2l2666 006A                   i2l2692 0124  
                 i2l2684 00E4                   i2l2676 00B0                   i2l2668 0078  
                 i2l2694 0128                   i2l2686 0108                   i2l2678 00B6  
                 i2l2696 012A                   i2l2688 010E                   i2l2698 0132  
         UART_TMR1_ISR@i 0051                   _RCREG1 000FAE                   _SPBRG1 000FAF  
                 _TMR1IE 007CE8                   _TMR1IF 007CF0                   _TMR2IF 007CF1  
                 _TMR1ON 007E68                   _TMR2ON 007DD2                   _SSP1IF 007CF3  
                 _SSP2IF 007D27                   _SSPBUF 000FC9                   _TXREG1 000FAD  
  __end_of_UART_TMR1_ISR 0168             _CCPTMRS0bits 000F49             vfprintf@cfmt 004B  
        ?_LCD_ShowString 000A                   ___lmul 1AB8         __end_of_driveLED 1970  
              ??___awmod 001F                ??___lodiv 0019                ??___lomod 0019  
                 clear_0 1A8C                   clear_1 1A98          ___awmod@divisor 001D  
                 isa$std 000001            main@sin_final 01A1          ___awmod@counter 001F  
                 _printf 1D66                   pad@buf 001C            main@textLEVEL 0166  
                 _strlen 1CCA            main@value_out 0199            main@textSTART 0155  
          main@textSTOP1 0177            main@textSTOP2 0188             SPIWrite@data 0009  
                 fputc@c 000A                   fputs@c 0017                   fputs@i 0018  
           __pdataCOMRAM 0055                   fputs@s 0013             __mediumconst FE40  
                 tblptrh 000FF7                   tblptrl 000FF6                   tblptru 000FF8  
       __end_of_spi_init 1E24                   stoa@cp 0023                   stoa@fp 0013  
       __end_of_vfprintf 1B84                   utoa@fp 0025                ??_sprintf 004D  
              ??_strncmp 000F               __accesstop 0060  __end_of__initialization 1AAA  
              ?_LCD_Init 0001                ?_LCD_Send 0001            ___rparam_used 000001  
         __pcstackCOMRAM 0001             __pidataBANK1 1D36            __end_of_fputc 16FC  
          __end_of_fputs 1C1A            __end_of_putch 1E3A                ?_SPIWrite 0009  
              ?_PWM_init 0001    UART_TMR1_ISR@tmr_over 0006                  ??_fputc 000E  
                ??_fputs 0017                  ??_putch 0009               __pbssBANK1 01D6  
             __pbssBANK2 0200       main@potenciometer1 019D       main@potenciometer2 019F  
             ??_LCD_Init 000A               ??_LCD_Send 0009               _game_state 0054  
                ?___lmul 0009             i2driveLED@in 0001           ___lmul@product 0011  
                ?_printf 0078                ?_adc_init 0001                ?_adc_read 0009  
             ??_SPIWrite 000A                  ?_strlen 0009               ??_PWM_init 0009  
                _T1_init 1E3A                  _SSP2ADD 000F6E                  _SSP2BUF 000F6F  
                _IT_init 1E4C         ___lomod@dividend 0009                ?_driveLED 0001  
        LCD_ShowString@i 000D           main@menu_names 008F                  __Hparam 0000  
                __Lparam 0000                ?_spi_init 0001                  ___awmod 17BE  
                ___lodiv 12BA                  ___lomod 1562                ?_vfprintf 0072  
                __pcinit 1A4E                  __ramtop 1000               ??_adc_init 0009  
             ??_adc_read 000B                  __ptext0 016C                  __ptext1 1DF4  
                __ptext2 1B84                  __ptext3 1E0C                  __ptext4 19E0  
                __ptext5 1AB8                  __ptext6 1D66                  __ptext7 1B22  
                __ptext8 0C22                  __ptext9 0F38                _T1CONbits 000FCD  
              _T2CONbits 000FBA         ___awmod@dividend 001B                  _tabulka FE41  
              _LCD_Clear 1D00                  _sprintf 1B84                  _strncmp 13AA  
   end_of_initialization 1AAA             ??i2_driveLED 0001               ??_driveLED 0009  
              _GPIO_init 1DD8        UART_TMR1_ISR@RX_i 0052                  fputc@fp 000C  
          __Lmediumconst FE40                  fputs@fp 0015         ??_LCD_ShowString 000C  
      __end_of_uart_init 1E0C    LCD_ShowString@lineNum 000C        __end_of_vfpfcnvrt 0F38  
                postdec1 000FE5                  postdec2 000FDD               ??_spi_init 0009  
                postinc0 000FEE                  postinc1 000FE6                  postinc2 000FDE  
             ??_vfprintf 004B                  strlen@a 000B                  strlen@s 0009  
              _PORTAbits 000F80                _PORTCbits 000F82       __end_ofi2_driveLED 19E0  
              _TRISAbits 000F92                _TRISBbits 000F93                _TRISCbits 000F94  
              _TRISDbits 000F95                _TRISEbits 000F96               ?_LCD_Clear 0001  
             ?_GPIO_init 0001             _led_stateHRA 0053              _CCP1CONbits 000FBD  
             main@cursor 00F6               main@potHRA 026B               main@text1M 00B2  
             main@text2M 00C3               driveLED@in 0009           __end_of___lmul 1B22  
            vfpfcnvrt@ap 0049              vfpfcnvrt@cp 0066              vfpfcnvrt@fp 0045  
          __pidataCOMRAM 1E56           __end_of_printf 1D8E           __end_of_strlen 1D00  
    start_initialization 1A4E          ___lodiv@divisor 0011          ___lodiv@counter 0021  
            __end_of_pad 17BE              vfprintf@fmt 0074                 ??___lmul 0011  
            __pdataBANK1 01A7              SPIWrite@lsb 000C              SPIWrite@msb 000B  
               ??_printf 004D                 ??_strlen 000B              __pbssCOMRAM 004F  
        adc_read@channel 000D            __pcstackBANK0 0060            __pcstackBANK1 0100  
          __pcstackBANK2 0267              ??_LCD_Clear 000A                 ?_T1_init 0001  
               ?_IT_init 0001              ??_GPIO_init 0009            _UART_TMR1_ISR 0008  
          adc_read@value 000E                __pintcode 0008            __pmediumconst FE40  
               ?___awmod 001B                 ?___lodiv 0009                 ?___lomod 0009  
        ___lomod@divisor 0011          ___lomod@counter 0019                 ?_sprintf 0078  
               ?_strncmp 0009                 _LCD_Init 1488                 _LCD_Send 1D8E  
               _LATAbits 000F89                 _LATBbits 000F8A                 _LATCbits 000F8B  
               _LATDbits 000F8C           ?_UART_TMR1_ISR 0001                 i2u240_45 1984  
               i2u241_40 1994                 i2u241_41 198E                 i2u250_45 19DE  
               i2u242_45 1996                 i2u243_40 19A6                 i2u251_40 0020  
               i2u243_41 19A0                 i2u251_41 001C                 i2u252_40 002E  
               i2u252_41 002A                 i2u260_44 00FE                 i2u244_45 19A8  
               i2u260_45 00FA                 i2u245_40 19B8                 i2u261_40 011E  
               i2u253_40 0044                 i2u245_41 19B2                 i2u261_41 011A  
               i2u253_41 0040                 i2u262_40 014A                 i2u254_40 0078  
               i2u262_41 0146                 i2u254_41 0074                 i2u246_45 19BA  
               i2u247_40 19CA                 i2u239_40 1982                 i2u255_40 0086  
               i2u247_41 19C4                 i2u239_41 197C                 i2u255_41 0082  
               i2u256_40 00AA                 i2u256_41 00A6                 i2u248_45 19CC  
               i2u249_40 19DC                 i2u257_40 00C4                 i2u249_41 19D6  
               i2u257_41 00C0                 i2u258_40 00D2                 i2u258_41 00CE  
               i2u259_40 00E4                 i2u259_41 00E0                main@F6541 01D1  
              main@F6537 01A7                _uart_init 1DF4                _vfpfcnvrt 0C22  
             _ADCON0bits 000FC2                 _SPIWrite 1C1A               _ADCON2bits 000FC0  
               _PWM_init 1C92                main@level 01A3                main@text1 0133  
              main@text2 0144        ___lmul@multiplier 0009                copy_data0 1A62  
               __Hrparam 0000          SPIWrite@channel 000A               vfprintf@ap 0076  
               __Lrparam 0000               vfprintf@fp 0072               ?_uart_init 0001  
             ?_vfpfcnvrt 0045                 _adc_init 1DB4                 _adc_read 1C58  
             _ANSELAbits 000F38               _ANSELBbits 000F39               _ANSELCbits 000F3A  
             _ANSELDbits 000F3B               _ANSELEbits 000F3C               sprintf@fmt 007A  
    UART_TMR1_ISR@zprava 0008                 __ptext10 16FC                 __ptext11 1BD6  
               __ptext20 1C58                 __ptext12 1562                 __ptext21 1DB4  
               __ptext13 12BA                 __ptext30 1E4C                 __ptext22 17BE  
               __ptext14 13AA                 __ptext31 1DD8                 __ptext23 1E3A  
               __ptext15 1138                 __ptext24 1C1A                 __ptext16 1CCA  
               __ptext33 1970                 __ptext25 1C92                 __ptext17 1632  
               __ptext26 186E                 __ptext18 1E24                 __ptext27 1488  
               __ptext19 1900                 __ptext28 1D00                 __ptext29 1D8E  
           _SSP1CON1bits 000FC6             _SSP2CON1bits 000F6C             _SSP2CON2bits 000F6B  
               _driveLED 1900          ??_UART_TMR1_ISR 0002                 _message1 0200  
              stoa@F1142 01CA                 isa$xinst 000000                 _spi_init 1E0C  
               int$flags 0057                 _vfprintf 1B22                printf@fmt 0078  
           _SSP1STATbits 000FC7                 main@pot1 026F                 main@pot2 0271  
           _SSP2STATbits 000F6D                putch@data 0009           _vfpfcnvrt$2669 0068  
               intlevel2 0000                sprintf@ap 0080               _RCSTA1bits 000FAB  
              strncmp@_l 0009                strncmp@_r 000B              ??_uart_init 0009  
               printf@ap 004D              ??_vfpfcnvrt 0060                 stoa@nuls 0018  
 LCD_ShowString@textData 000A                 sprintf@f 0082                 sprintf@s 0078  
               strncmp@l 0010                 strncmp@n 000D                 strncmp@r 0012  
