

Microchip MPLAB XC8 Assembler V2.36 build 20220127204148 
                                                                                               Wed May 04 19:07:46 2022

Microchip MPLAB XC8 C Compiler v2.36 (Free license) build 20220127204148 Og1 
     1                           	processor	18F46K22
     2                           	fnconf	rparam,??,?,0
     3                           	pagewidth 120
     4                           	opt	flic
     5                           	psect	idataCOMRAM,global,class=CODE,delta=1,noexec
     6                           	psect	smallconst,global,reloc=2,class=SMALLCONST,delta=1,noexec
     7                           	psect	cinit,global,reloc=2,class=CODE,delta=1
     8                           	psect	bssCOMRAM,global,class=COMRAM,space=1,delta=1,lowdata,noexec
     9                           	psect	dataCOMRAM,global,class=COMRAM,space=1,delta=1,lowdata,noexec
    10                           	psect	bssBANK0,global,class=BANK0,space=1,delta=1,lowdata,noexec
    11                           	psect	bssBANK1,global,class=BANK1,space=1,delta=1,lowdata,noexec
    12                           	psect	cstackBANK0,global,class=BANK0,space=1,delta=1,lowdata,noexec
    13                           	psect	cstackCOMRAM,global,class=COMRAM,space=1,delta=1,lowdata,noexec
    14                           	psect	text0,global,reloc=2,class=CODE,delta=1
    15                           	psect	text1,global,reloc=2,class=CODE,delta=1,group=3
    16                           	psect	text2,global,reloc=2,class=CODE,delta=1,group=1
    17                           	psect	text3,global,reloc=2,class=CODE,delta=1,group=1
    18                           	psect	text4,global,reloc=2,class=CODE,delta=1,group=1
    19                           	psect	text5,global,reloc=2,class=CODE,delta=1,group=1
    20                           	psect	text6,global,reloc=2,class=CODE,delta=1,group=3
    21                           	psect	text7,global,reloc=2,class=CODE,delta=1,group=3
    22                           	psect	text8,global,reloc=2,class=CODE,delta=1,group=3
    23                           	psect	text9,global,reloc=2,class=CODE,delta=1,group=3
    24                           	psect	text10,global,reloc=2,class=CODE,delta=1,group=2
    25                           	psect	text11,global,reloc=2,class=CODE,delta=1,group=2
    26                           	psect	text12,global,reloc=2,class=CODE,delta=1,group=3
    27                           	psect	text13,global,reloc=2,class=CODE,delta=1,group=2
    28                           	psect	text14,global,reloc=2,class=CODE,delta=1,group=2
    29                           	psect	text15,global,reloc=2,class=CODE,delta=1
    30                           	psect	text16,global,reloc=2,class=CODE,delta=1
    31                           	psect	text17,global,reloc=2,class=CODE,delta=1
    32                           	psect	intcode,global,reloc=2,class=CODE,delta=1
    33                           	psect	text19,global,reloc=2,class=CODE,delta=1
    34                           	psect	intsave_regs,global,class=BIGRAM,space=1,delta=1,noexec
    35                           	psect	rparam,global,class=COMRAM,space=1,delta=1,noexec
    36                           	psect	temp,global,ovrld,common,class=COMRAM,space=1,delta=1
    37                           	psect	idloc,global,abs,ovrld,class=IDLOC,space=5,delta=1,noexec
    38                           	psect	config,global,abs,ovrld,class=CONFIG,space=4,delta=1,noexec
    39  0000                     
    40                           ; Version 2.35
    41                           ; Generated 05/05/2021 GMT
    42                           ; 
    43                           ; Copyright © 2021, Microchip Technology Inc. and its subsidiaries ("Microchip")
    44                           ; All rights reserved.
    45                           ; 
    46                           ; This software is developed by Microchip Technology Inc. and its subsidiaries ("Microch
      +                          ip").
    47                           ; 
    48                           ; Redistribution and use in source and binary forms, with or without modification, are
    49                           ; permitted provided that the following conditions are met:
    50                           ; 
    51                           ;     1. Redistributions of source code must retain the above copyright notice, this lis
      +                          t of
    52                           ;        conditions and the following disclaimer.
    53                           ; 
    54                           ;     2. Redistributions in binary form must reproduce the above copyright notice, this 
      +                          list
    55                           ;        of conditions and the following disclaimer in the documentation and/or other
    56                           ;        materials provided with the distribution. Publication is not required when
    57                           ;        this file is used in an embedded application.
    58                           ; 
    59                           ;     3. Microchip's name may not be used to endorse or promote products derived from th
      +                          is
    60                           ;        software without specific prior written permission.
    61                           ; 
    62                           ; THIS SOFTWARE IS PROVIDED BY MICROCHIP "AS IS" AND ANY EXPRESS OR IMPLIED WARRANTIES,
    63                           ; INCLUDING, BUT NOT LIMITED TO, THE IMPLIED WARRANTIES OF MERCHANTABILITY AND FITNESS F
      +                          OR
    64                           ; PURPOSE ARE DISCLAIMED.  IN NO EVENT SHALL MICROCHIP BE LIABLE FOR ANY DIRECT, INDIREC
      +                          T,
    65                           ; INCIDENTAL, SPECIAL, EXEMPLARY, OR CONSEQUENTIAL DAMAGES (INCLUDING BUT NOT LIMITED TO
    66                           ; PROCUREMENT OF SUBSTITUTE GOODS OR SERVICES; LOSS OF USE, DATA OR PROFITS; OR BUSINESS
    67                           ; INTERRUPTION) HOWSOEVER CAUSED AND ON ANY THEORY OF LIABILITY, WHETHER IN CONTRACT, ST
      +                          RICT
    68                           ; LIABILITY, OR TORT (INCLUDING NEGLIGENCE OR OTHERWISE) ARISING IN ANY WAY OUT OF THE U
      +                          SE OF
    69                           ; THIS SOFTWARE, EVEN IF ADVISED OF THE POSSIBILITY OF SUCH DAMAGE.
    70                           ; 
    71                           ; 
    72                           ; Code-generator required, PIC18F46K22 Definitions
    73                           ; 
    74                           ; SFR Addresses
    75  0000                     
    76                           	psect	idataCOMRAM
    77  001F30                     __pidataCOMRAM:
    78                           	callstack 0
    79                           
    80                           ;initializer for _w
    81  001F30  FFFF               	dw	65535
    82                           
    83                           ;initializer for _delay
    84  001F32  F424               	dw	62500
    85  0000                     _SSP2STATbits	set	3949
    86  0000                     _SSP2ADD	set	3950
    87  0000                     _ADRESL	set	4035
    88  0000                     _ADRESH	set	4036
    89  0000                     _T1CONbits	set	4045
    90  0000                     _LATD6	set	31846
    91  0000                     _LATD5	set	31845
    92  0000                     _LATD4	set	31844
    93  0000                     _LATC4	set	31836
    94  0000                     _LATD3	set	31843
    95  0000                     _LATD2	set	31842
    96  0000                     _GODONE	set	32273
    97  0000                     _TMR1ON	set	32360
    98  0000                     _GIE	set	32663
    99  0000                     _ANSELDbits	set	3899
   100  0000                     _ANSELE	set	3900
   101  0000                     _LATCbits	set	3979
   102  0000                     _LATDbits	set	3980
   103  0000                     _TRISCbits	set	3988
   104  0000                     _TMR1IE	set	31976
   105  0000                     _TMR1IF	set	31984
   106  0000                     _TMR1	set	4046
   107  0000                     _ADCON2bits	set	4032
   108  0000                     _SSP2IF	set	32039
   109  0000                     _PEIE	set	32662
   110  0000                     _TRISDbits	set	3989
   111  0000                     _TRISAbits	set	3986
   112  0000                     _SSP2CON2bits	set	3947
   113  0000                     _SSP2CON1bits	set	3948
   114  0000                     _PORTCbits	set	3970
   115  0000                     _ADCON0bits	set	4034
   116  0000                     _LATAbits	set	3977
   117  0000                     _SSP2BUF	set	3951
   118                           
   119                           	psect	smallconst
   120  001000                     __psmallconst:
   121                           	callstack 0
   122  001000  00                 	db	0
   123  001001                     STR_1:
   124  001001  4E                 	db	78	;'N'
   125  001002  6F                 	db	111	;'o'
   126  001003  76                 	db	118	;'v'
   127  001004  61                 	db	97	;'a'
   128  001005  20                 	db	32
   129  001006  68                 	db	104	;'h'
   130  001007  72                 	db	114	;'r'
   131  001008  61                 	db	97	;'a'
   132  001009  3A                 	db	58	;':'
   133  00100A  42                 	db	66	;'B'
   134  00100B  54                 	db	84	;'T'
   135  00100C  4E                 	db	78	;'N'
   136  00100D  31                 	db	49	;'1'
   137  00100E  20                 	db	32
   138  00100F  20                 	db	32
   139  001010  20                 	db	32
   140  001011  20                 	db	32
   141  001012  20                 	db	32
   142  001013  20                 	db	32
   143  001014  20                 	db	32
   144  001015  20                 	db	32
   145  001016  20                 	db	32
   146  001017  20                 	db	32
   147  001018  20                 	db	32
   148  001019  20                 	db	32
   149  00101A  20                 	db	32
   150  00101B  20                 	db	32
   151  00101C  20                 	db	32
   152  00101D  20                 	db	32
   153  00101E  20                 	db	32
   154  00101F  20                 	db	32
   155  001020  20                 	db	32
   156  001021  00                 	db	0
   157  001022                     STR_5:
   158  001022  61                 	db	97	;'a'
   159  001023  6B                 	db	107	;'k'
   160  001024  74                 	db	116	;'t'
   161  001025  75                 	db	117	;'u'
   162  001026  61                 	db	97	;'a'
   163  001027  6C                 	db	108	;'l'
   164  001028  6E                 	db	110	;'n'
   165  001029  69                 	db	105	;'i'
   166  00102A  3A                 	db	58	;':'
   167  00102B  25                 	db	37
   168  00102C  75                 	db	117	;'u'
   169  00102D  20                 	db	32
   170  00102E  20                 	db	32
   171  00102F  20                 	db	32
   172  001030  20                 	db	32
   173  001031  20                 	db	32
   174  001032  20                 	db	32
   175  001033  20                 	db	32
   176  001034  20                 	db	32
   177  001035  20                 	db	32
   178  001036  20                 	db	32
   179  001037  20                 	db	32
   180  001038  20                 	db	32
   181  001039  20                 	db	32
   182  00103A  20                 	db	32
   183  00103B  20                 	db	32
   184  00103C  20                 	db	32
   185  00103D  20                 	db	32
   186  00103E  00                 	db	0
   187  00103F                     STR_3:
   188  00103F  4E                 	db	78	;'N'
   189  001040  6F                 	db	111	;'o'
   190  001041  76                 	db	118	;'v'
   191  001042  61                 	db	97	;'a'
   192  001043  20                 	db	32
   193  001044  68                 	db	104	;'h'
   194  001045  72                 	db	114	;'r'
   195  001046  61                 	db	97	;'a'
   196  001047  3A                 	db	58	;':'
   197  001048  20                 	db	32
   198  001049  42                 	db	66	;'B'
   199  00104A  54                 	db	84	;'T'
   200  00104B  4E                 	db	78	;'N'
   201  00104C  31                 	db	49	;'1'
   202  00104D  20                 	db	32
   203  00104E  20                 	db	32
   204  00104F  20                 	db	32
   205  001050  20                 	db	32
   206  001051  20                 	db	32
   207  001052  20                 	db	32
   208  001053  20                 	db	32
   209  001054  20                 	db	32
   210  001055  20                 	db	32
   211  001056  20                 	db	32
   212  001057  20                 	db	32
   213  001058  20                 	db	32
   214  001059  20                 	db	32
   215  00105A  20                 	db	32
   216  00105B  00                 	db	0
   217  00105C                     STR_2:
   218  00105C  47                 	db	71	;'G'
   219  00105D  41                 	db	65	;'A'
   220  00105E  4D                 	db	77	;'M'
   221  00105F  45                 	db	69	;'E'
   222  001060  20                 	db	32
   223  001061  4F                 	db	79	;'O'
   224  001062  56                 	db	86	;'V'
   225  001063  45                 	db	69	;'E'
   226  001064  52                 	db	82	;'R'
   227  001065  20                 	db	32
   228  001066  20                 	db	32
   229  001067  20                 	db	32
   230  001068  20                 	db	32
   231  001069  20                 	db	32
   232  00106A  20                 	db	32
   233  00106B  20                 	db	32
   234  00106C  20                 	db	32
   235  00106D  20                 	db	32
   236  00106E  20                 	db	32
   237  00106F  20                 	db	32
   238  001070  20                 	db	32
   239  001071  20                 	db	32
   240  001072  20                 	db	32
   241  001073  20                 	db	32
   242  001074  20                 	db	32
   243  001075  20                 	db	32
   244  001076  20                 	db	32
   245  001077  00                 	db	0
   246  001078                     STR_6:
   247  001078  4E                 	db	78	;'N'
   248  001079  65                 	db	101	;'e'
   249  00107A  78                 	db	120	;'x'
   250  00107B  74                 	db	116	;'t'
   251  00107C  20                 	db	32
   252  00107D  6C                 	db	108	;'l'
   253  00107E  65                 	db	101	;'e'
   254  00107F  76                 	db	118	;'v'
   255  001080  65                 	db	101	;'e'
   256  001081  6C                 	db	108	;'l'
   257  001082  3A                 	db	58	;':'
   258  001083  20                 	db	32
   259  001084  42                 	db	66	;'B'
   260  001085  54                 	db	84	;'T'
   261  001086  4E                 	db	78	;'N'
   262  001087  31                 	db	49	;'1'
   263  001088  20                 	db	32
   264  001089  20                 	db	32
   265  00108A  20                 	db	32
   266  00108B  20                 	db	32
   267  00108C  20                 	db	32
   268  00108D  20                 	db	32
   269  00108E  20                 	db	32
   270  00108F  20                 	db	32
   271  001090  20                 	db	32
   272  001091  20                 	db	32
   273  001092  00                 	db	0
   274  001093                     STR_4:
   275  001093  6F                 	db	111	;'o'
   276  001094  74                 	db	116	;'t'
   277  001095  6F                 	db	111	;'o'
   278  001096  63                 	db	99	;'c'
   279  001097  20                 	db	32
   280  001098  6E                 	db	110	;'n'
   281  001099  61                 	db	97	;'a'
   282  00109A  3A                 	db	58	;':'
   283  00109B  25                 	db	37
   284  00109C  75                 	db	117	;'u'
   285  00109D  20                 	db	32
   286  00109E  20                 	db	32
   287  00109F  20                 	db	32
   288  0010A0  20                 	db	32
   289  0010A1  20                 	db	32
   290  0010A2  20                 	db	32
   291  0010A3  20                 	db	32
   292  0010A4  20                 	db	32
   293  0010A5  20                 	db	32
   294  0010A6  20                 	db	32
   295  0010A7  20                 	db	32
   296  0010A8  20                 	db	32
   297  0010A9  20                 	db	32
   298  0010AA  20                 	db	32
   299  0010AB  00                 	db	0
   300  0010AC  00                 	db	0	; dummy byte at the end
   301  0000                     
   302                           ; #config settings
   303                           
   304                           	psect	cinit
   305  001E46                     __pcinit:
   306                           	callstack 0
   307  001E46                     start_initialization:
   308                           	callstack 0
   309  001E46                     __initialization:
   310                           	callstack 0
   311                           
   312                           ; Initialize objects allocated to COMRAM (4 bytes)
   313                           ; load TBLPTR registers with __pidataCOMRAM
   314  001E46  0E30               	movlw	low __pidataCOMRAM
   315  001E48  6EF6               	movwf	tblptrl,c
   316  001E4A  0E1F               	movlw	high __pidataCOMRAM
   317  001E4C  6EF7               	movwf	tblptrh,c
   318  001E4E  0E00               	movlw	low (__pidataCOMRAM shr (0+16))
   319  001E50  6EF8               	movwf	tblptru,c
   320  001E52  EE00  F053         	lfsr	0,__pdataCOMRAM
   321  001E56  EE10 F004          	lfsr	1,4
   322  001E5A                     copy_data0:
   323  001E5A  0009               	tblrd		*+
   324  001E5C  CFF5 FFEE          	movff	tablat,postinc0
   325  001E60  50E5               	movf	postdec1,w,c
   326  001E62  50E1               	movf	fsr1l,w,c
   327  001E64  E1FA               	bnz	copy_data0
   328                           
   329                           ; Clear objects allocated to BANK1 (32 bytes)
   330  001E66  EE01  F000         	lfsr	0,__pbssBANK1
   331  001E6A  0E20               	movlw	32
   332  001E6C                     clear_0:
   333  001E6C  6AEE               	clrf	postinc0,c
   334  001E6E  06E8               	decf	wreg,f,c
   335  001E70  E1FD               	bnz	clear_0
   336                           
   337                           ; Clear objects allocated to BANK0 (13 bytes)
   338  001E72  EE00  F0EB         	lfsr	0,__pbssBANK0
   339  001E76  0E0D               	movlw	13
   340  001E78                     clear_1:
   341  001E78  6AEE               	clrf	postinc0,c
   342  001E7A  06E8               	decf	wreg,f,c
   343  001E7C  E1FD               	bnz	clear_1
   344                           
   345                           ; Clear objects allocated to COMRAM (2 bytes)
   346  001E7E  6A58               	clrf	(__pbssCOMRAM+1)& (0+255),c
   347  001E80  6A57               	clrf	__pbssCOMRAM& (0+255),c
   348  001E82                     end_of_initialization:
   349                           	callstack 0
   350  001E82                     __end_of__initialization:
   351                           	callstack 0
   352  001E82  9059               	bcf	int$flags,0,c	;clear compiler interrupt flag (level 1)
   353  001E84  9259               	bcf	int$flags,1,c	;clear compiler interrupt flag (level 2)
   354  001E86  0E00               	movlw	low (__Lmediumconst shr (0+16))
   355  001E88  6EF8               	movwf	tblptru,c
   356  001E8A  0100               	movlb	0
   357  001E8C  EF57  F008         	goto	_main	;jump to C main() function
   358                           
   359                           	psect	bssCOMRAM
   360  000057                     __pbssCOMRAM:
   361                           	callstack 0
   362  000057                     _led_state:
   363                           	callstack 0
   364  000057                     	ds	1
   365  000058                     _game_state:
   366                           	callstack 0
   367  000058                     	ds	1
   368                           
   369                           	psect	dataCOMRAM
   370  000053                     __pdataCOMRAM:
   371                           	callstack 0
   372  000053                     _w:
   373                           	callstack 0
   374  000053                     	ds	2
   375  000055                     _delay:
   376                           	callstack 0
   377  000055                     	ds	2
   378                           
   379                           	psect	bssBANK0
   380  0000EB                     __pbssBANK0:
   381                           	callstack 0
   382  0000EB                     _nout:
   383                           	callstack 0
   384  0000EB                     	ds	2
   385  0000ED                     _width:
   386                           	callstack 0
   387  0000ED                     	ds	2
   388  0000EF                     _prec:
   389                           	callstack 0
   390  0000EF                     	ds	2
   391  0000F1                     _flags:
   392                           	callstack 0
   393  0000F1                     	ds	2
   394  0000F3                     T1_ISR_HANDLER@i:
   395                           	callstack 0
   396  0000F3                     	ds	1
   397  0000F4                     _seed:
   398                           	callstack 0
   399  0000F4                     	ds	4
   400                           
   401                           	psect	bssBANK1
   402  000100                     __pbssBANK1:
   403                           	callstack 0
   404  000100                     _dbuf:
   405                           	callstack 0
   406  000100                     	ds	32
   407                           
   408                           	psect	cstackBANK0
   409  000060                     __pcstackBANK0:
   410                           	callstack 0
   411  000060                     ?_vfprintf:
   412                           	callstack 0
   413  000060                     vfprintf@fp:
   414                           	callstack 0
   415                           
   416                           ; 2 bytes @ 0x0
   417  000060                     	ds	2
   418  000062                     vfprintf@fmt:
   419                           	callstack 0
   420                           
   421                           ; 2 bytes @ 0x2
   422  000062                     	ds	2
   423  000064                     vfprintf@ap:
   424                           	callstack 0
   425                           
   426                           ; 2 bytes @ 0x4
   427  000064                     	ds	2
   428  000066                     vfprintf@cfmt:
   429                           	callstack 0
   430                           
   431                           ; 2 bytes @ 0x6
   432  000066                     	ds	2
   433  000068                     ?_sprintf:
   434                           	callstack 0
   435  000068                     sprintf@s:
   436                           	callstack 0
   437                           
   438                           ; 2 bytes @ 0x8
   439  000068                     	ds	2
   440  00006A                     sprintf@fmt:
   441                           	callstack 0
   442                           
   443                           ; 2 bytes @ 0xA
   444  00006A                     	ds	4
   445  00006E                     sprintf@ap:
   446                           	callstack 0
   447                           
   448                           ; 2 bytes @ 0xE
   449  00006E                     	ds	2
   450  000070                     sprintf@f:
   451                           	callstack 0
   452                           
   453                           ; 11 bytes @ 0x10
   454  000070                     	ds	11
   455  00007B                     ??_main:
   456                           
   457                           ; 1 bytes @ 0x1B
   458  00007B                     	ds	2
   459  00007D                     main@text1:
   460                           	callstack 0
   461                           
   462                           ; 17 bytes @ 0x1D
   463  00007D                     	ds	17
   464  00008E                     main@text2:
   465                           	callstack 0
   466                           
   467                           ; 17 bytes @ 0x2E
   468  00008E                     	ds	17
   469  00009F                     main@textSTART:
   470                           	callstack 0
   471                           
   472                           ; 17 bytes @ 0x3F
   473  00009F                     	ds	17
   474  0000B0                     main@textLEVEL:
   475                           	callstack 0
   476                           
   477                           ; 17 bytes @ 0x50
   478  0000B0                     	ds	17
   479  0000C1                     main@textSTOP1:
   480                           	callstack 0
   481                           
   482                           ; 17 bytes @ 0x61
   483  0000C1                     	ds	17
   484  0000D2                     main@textSTOP2:
   485                           	callstack 0
   486                           
   487                           ; 17 bytes @ 0x72
   488  0000D2                     	ds	17
   489  0000E3                     main@k:
   490                           	callstack 0
   491                           
   492                           ; 4 bytes @ 0x83
   493  0000E3                     	ds	4
   494  0000E7                     main@pot:
   495                           	callstack 0
   496                           
   497                           ; 2 bytes @ 0x87
   498  0000E7                     	ds	2
   499  0000E9                     main@rand_num:
   500                           	callstack 0
   501                           
   502                           ; 2 bytes @ 0x89
   503  0000E9                     	ds	2
   504                           
   505                           	psect	cstackCOMRAM
   506  000001                     __pcstackCOMRAM:
   507                           	callstack 0
   508  000001                     driveLED@in:
   509                           	callstack 0
   510  000001                     
   511                           ; 1 bytes @ 0x0
   512  000001                     	ds	1
   513  000002                     ??_T1_ISR_HANDLER:
   514                           
   515                           ; 1 bytes @ 0x1
   516  000002                     	ds	2
   517  000004                     T1_ISR_HANDLER@tmr_over:
   518                           	callstack 0
   519                           
   520                           ; 2 bytes @ 0x3
   521  000004                     	ds	2
   522  000006                     ?_strlen:
   523                           	callstack 0
   524  000006                     ?___lmul:
   525                           	callstack 0
   526  000006                     ?___lodiv:
   527                           	callstack 0
   528  000006                     ?___lomod:
   529                           	callstack 0
   530  000006                     LCD_Send@data:
   531                           	callstack 0
   532  000006                     fputc@c:
   533                           	callstack 0
   534  000006                     strlen@s:
   535                           	callstack 0
   536  000006                     ___lmul@multiplier:
   537                           	callstack 0
   538  000006                     ___lodiv@dividend:
   539                           	callstack 0
   540  000006                     ___lomod@dividend:
   541                           	callstack 0
   542                           
   543                           ; 8 bytes @ 0x5
   544  000006                     	ds	1
   545  000007                     ??_LCD_Init:
   546  000007                     LCD_ShowString@textData:
   547                           	callstack 0
   548                           
   549                           ; 2 bytes @ 0x6
   550  000007                     	ds	1
   551  000008                     fputc@fp:
   552                           	callstack 0
   553  000008                     strlen@a:
   554                           	callstack 0
   555                           
   556                           ; 2 bytes @ 0x7
   557  000008                     	ds	1
   558  000009                     LCD_ShowString@lineNum:
   559                           	callstack 0
   560                           
   561                           ; 1 bytes @ 0x8
   562  000009                     	ds	1
   563  00000A                     ??_fputc:
   564  00000A                     LCD_ShowString@i:
   565                           	callstack 0
   566  00000A                     ___lmul@multiplicand:
   567                           	callstack 0
   568                           
   569                           ; 4 bytes @ 0x9
   570  00000A                     	ds	4
   571  00000E                     ___lmul@product:
   572                           	callstack 0
   573  00000E                     ___lodiv@divisor:
   574                           	callstack 0
   575  00000E                     ___lomod@divisor:
   576                           	callstack 0
   577                           
   578                           ; 8 bytes @ 0xD
   579  00000E                     	ds	1
   580  00000F                     fputs@s:
   581                           	callstack 0
   582                           
   583                           ; 2 bytes @ 0xE
   584  00000F                     	ds	2
   585  000011                     fputs@fp:
   586                           	callstack 0
   587                           
   588                           ; 2 bytes @ 0x10
   589  000011                     	ds	1
   590  000012                     ?_rand:
   591                           	callstack 0
   592                           
   593                           ; 2 bytes @ 0x11
   594  000012                     	ds	1
   595  000013                     fputs@c:
   596                           	callstack 0
   597                           
   598                           ; 1 bytes @ 0x12
   599  000013                     	ds	1
   600  000014                     ??_rand:
   601  000014                     fputs@i:
   602                           	callstack 0
   603                           
   604                           ; 2 bytes @ 0x13
   605  000014                     	ds	2
   606  000016                     ?_pad:
   607                           	callstack 0
   608  000016                     ___lomod@counter:
   609                           	callstack 0
   610  000016                     pad@fp:
   611                           	callstack 0
   612  000016                     ___lodiv@quotient:
   613                           	callstack 0
   614                           
   615                           ; 8 bytes @ 0x15
   616  000016                     	ds	2
   617  000018                     ?___awmod:
   618                           	callstack 0
   619  000018                     ___awmod@dividend:
   620                           	callstack 0
   621  000018                     pad@buf:
   622                           	callstack 0
   623                           
   624                           ; 2 bytes @ 0x17
   625  000018                     	ds	2
   626  00001A                     ___awmod@divisor:
   627                           	callstack 0
   628  00001A                     pad@p:
   629                           	callstack 0
   630                           
   631                           ; 2 bytes @ 0x19
   632  00001A                     	ds	2
   633  00001C                     ??_pad:
   634  00001C                     ___awmod@counter:
   635                           	callstack 0
   636                           
   637                           ; 1 bytes @ 0x1B
   638  00001C                     	ds	1
   639  00001D                     ___awmod@sign:
   640                           	callstack 0
   641  00001D                     pad@i:
   642                           	callstack 0
   643                           
   644                           ; 2 bytes @ 0x1C
   645  00001D                     	ds	1
   646  00001E                     ___lodiv@counter:
   647                           	callstack 0
   648                           
   649                           ; 1 bytes @ 0x1D
   650  00001E                     	ds	1
   651  00001F                     pad@w:
   652                           	callstack 0
   653                           
   654                           ; 2 bytes @ 0x1E
   655  00001F                     	ds	2
   656  000021                     ?_utoa:
   657                           	callstack 0
   658  000021                     utoa@fp:
   659                           	callstack 0
   660                           
   661                           ; 2 bytes @ 0x20
   662  000021                     	ds	2
   663  000023                     utoa@d:
   664                           	callstack 0
   665                           
   666                           ; 8 bytes @ 0x22
   667  000023                     	ds	8
   668  00002B                     ??_utoa:
   669                           
   670                           ; 1 bytes @ 0x2A
   671  00002B                     	ds	8
   672  000033                     utoa@p:
   673                           	callstack 0
   674                           
   675                           ; 2 bytes @ 0x32
   676  000033                     	ds	2
   677  000035                     utoa@w:
   678                           	callstack 0
   679                           
   680                           ; 2 bytes @ 0x34
   681  000035                     	ds	2
   682  000037                     utoa@n:
   683                           	callstack 0
   684                           
   685                           ; 8 bytes @ 0x36
   686  000037                     	ds	8
   687  00003F                     utoa@i:
   688                           	callstack 0
   689                           
   690                           ; 2 bytes @ 0x3E
   691  00003F                     	ds	2
   692  000041                     ?_vfpfcnvrt:
   693                           	callstack 0
   694  000041                     vfpfcnvrt@fp:
   695                           	callstack 0
   696                           
   697                           ; 2 bytes @ 0x40
   698  000041                     	ds	2
   699  000043                     vfpfcnvrt@fmt:
   700                           	callstack 0
   701                           
   702                           ; 2 bytes @ 0x42
   703  000043                     	ds	2
   704  000045                     vfpfcnvrt@ap:
   705                           	callstack 0
   706                           
   707                           ; 2 bytes @ 0x44
   708  000045                     	ds	2
   709  000047                     ??_vfpfcnvrt:
   710                           
   711                           ; 1 bytes @ 0x46
   712  000047                     	ds	4
   713  00004B                     vfpfcnvrt@llu:
   714                           	callstack 0
   715                           
   716                           ; 8 bytes @ 0x4A
   717  00004B                     	ds	8
   718  000053                     
   719                           ; 1 bytes @ 0x52
   720 ;;
   721 ;;Main: autosize = 0, tempsize = 2, incstack = 0, save=0
   722 ;;
   723 ;; *************** function _main *****************
   724 ;; Defined at:
   725 ;;		line 50 in file "HRA.c"
   726 ;; Parameters:    Size  Location     Type
   727 ;;		None
   728 ;; Auto vars:     Size  Location     Type
   729 ;;  k               4  131[BANK0 ] long 
   730 ;;  textSTOP2      17  114[BANK0 ] unsigned char [17]
   731 ;;  textSTOP1      17   97[BANK0 ] unsigned char [17]
   732 ;;  textLEVEL      17   80[BANK0 ] unsigned char [17]
   733 ;;  textSTART      17   63[BANK0 ] unsigned char [17]
   734 ;;  text2          17   46[BANK0 ] unsigned char [17]
   735 ;;  text1          17   29[BANK0 ] unsigned char [17]
   736 ;;  rand_num        2  137[BANK0 ] unsigned int 
   737 ;;  pot             2  135[BANK0 ] unsigned int 
   738 ;; Return value:  Size  Location     Type
   739 ;;                  1    wreg      void 
   740 ;; Registers used:
   741 ;;		wreg, fsr1l, fsr1h, fsr2l, fsr2h, status,2, status,0, tblptrl, tblptrh, tblptru, cstack
   742 ;; Tracked objects:
   743 ;;		On entry : 0/0
   744 ;;		On exit  : 0/0
   745 ;;		Unchanged: 0/0
   746 ;; Data sizes:     COMRAM   BANK0   BANK1   BANK2   BANK3   BANK4   BANK5   BANK6   BANK7   BANK8   BANK9  BANK10  BANK1
      +1  BANK12  BANK13  BANK14  BANK15
   747 ;;      Params:         0       0       0       0       0       0       0       0       0       0       0       0       
      +0       0       0       0       0
   748 ;;      Locals:         0     110       0       0       0       0       0       0       0       0       0       0       
      +0       0       0       0       0
   749 ;;      Temps:          0       2       0       0       0       0       0       0       0       0       0       0       
      +0       0       0       0       0
   750 ;;      Totals:         0     112       0       0       0       0       0       0       0       0       0       0       
      +0       0       0       0       0
   751 ;;Total ram usage:      112 bytes
   752 ;; Hardware stack levels required when called: 10
   753 ;; This function calls:
   754 ;;		_LCD_Init
   755 ;;		_LCD_ShowString
   756 ;;		___awmod
   757 ;;		_rand
   758 ;;		_sprintf
   759 ;; This function is called by:
   760 ;;		Startup code after reset
   761 ;; This function uses a non-reentrant model
   762 ;;
   763                           
   764                           	psect	text0
   765  0010AE                     __ptext0:
   766                           	callstack 0
   767  0010AE                     _main:
   768                           	callstack 21
   769  0010AE                     
   770                           ;HRA.c: 52:     TRISCbits.TRISC0 = 1;
   771  0010AE  8094               	bsf	148,0,c	;volatile
   772                           
   773                           ;HRA.c: 53:     TRISDbits.RD2 = 0;
   774  0010B0  9495               	bcf	149,2,c	;volatile
   775                           
   776                           ;HRA.c: 54:     TRISDbits.RD3 = 0;
   777  0010B2  9695               	bcf	149,3,c	;volatile
   778                           
   779                           ;HRA.c: 55:     TRISCbits.RC4 = 0;
   780  0010B4  9894               	bcf	148,4,c	;volatile
   781                           
   782                           ;HRA.c: 56:     TRISDbits.RD4 = 0;
   783  0010B6  9895               	bcf	149,4,c	;volatile
   784                           
   785                           ;HRA.c: 57:     TRISDbits.RD5 = 0;
   786  0010B8  9A95               	bcf	149,5,c	;volatile
   787                           
   788                           ;HRA.c: 58:     TRISDbits.RD6 = 0;
   789  0010BA  9C95               	bcf	149,6,c	;volatile
   790                           
   791                           ;HRA.c: 60:     LATDbits.LATD2 = 0;
   792  0010BC  948C               	bcf	140,2,c	;volatile
   793                           
   794                           ;HRA.c: 61:     LATDbits.LATD3 = 0;
   795  0010BE  968C               	bcf	140,3,c	;volatile
   796                           
   797                           ;HRA.c: 62:     LATCbits.LATC4 = 0;
   798  0010C0  988B               	bcf	139,4,c	;volatile
   799                           
   800                           ;HRA.c: 63:     LATDbits.LATD4 = 0;
   801  0010C2  988C               	bcf	140,4,c	;volatile
   802                           
   803                           ;HRA.c: 64:     LATDbits.LATD5 = 0;
   804  0010C4  9A8C               	bcf	140,5,c	;volatile
   805                           
   806                           ;HRA.c: 65:     LATDbits.LATD6 = 0;
   807  0010C6  9C8C               	bcf	140,6,c	;volatile
   808  0010C8                     
   809                           ;HRA.c: 67:     LCD_Init();
   810  0010C8  ECE7  F00B         	call	_LCD_Init	;wreg free
   811  0010CC                     
   812                           ;HRA.c: 69:     ANSELE |= (1<<0);
   813  0010CC  010F               	movlb	15	; () banked
   814  0010CE  813C               	bsf	60,0,b	;volatile
   815  0010D0                     
   816                           ; BSR set to: 15
   817                           ;HRA.c: 70:     ADCON2bits.ADFM = 1;
   818  0010D0  8EC0               	bsf	192,7,c	;volatile
   819  0010D2                     
   820                           ; BSR set to: 15
   821                           ;HRA.c: 71:     ADCON2bits.ADCS = 0b110;
   822  0010D2  50C0               	movf	192,w,c	;volatile
   823  0010D4  0BF8               	andlw	-8
   824  0010D6  0906               	iorlw	6
   825  0010D8  6EC0               	movwf	192,c	;volatile
   826  0010DA                     
   827                           ; BSR set to: 15
   828                           ;HRA.c: 72:     ADCON2bits.ACQT = 0b110;
   829  0010DA  50C0               	movf	192,w,c	;volatile
   830  0010DC  0BC7               	andlw	-57
   831  0010DE  0930               	iorlw	48
   832  0010E0  6EC0               	movwf	192,c	;volatile
   833  0010E2                     
   834                           ; BSR set to: 15
   835                           ;HRA.c: 73:     ADCON0bits.ADON = 1;
   836  0010E2  80C2               	bsf	194,0,c	;volatile
   837  0010E4                     
   838                           ; BSR set to: 15
   839                           ;HRA.c: 74:     ADCON0bits.CHS = 5;
   840  0010E4  50C2               	movf	194,w,c	;volatile
   841  0010E6  0B83               	andlw	-125
   842  0010E8  0914               	iorlw	20
   843  0010EA  6EC2               	movwf	194,c	;volatile
   844  0010EC                     
   845                           ; BSR set to: 15
   846                           ;HRA.c: 76:     T1CONbits.TMR1CS = 0b01;
   847  0010EC  50CD               	movf	205,w,c	;volatile
   848  0010EE  0B3F               	andlw	-193
   849  0010F0  0940               	iorlw	64
   850  0010F2  6ECD               	movwf	205,c	;volatile
   851  0010F4                     
   852                           ; BSR set to: 15
   853                           ;HRA.c: 77:     T1CONbits.T1CKPS = 0b11;
   854  0010F4  0E30               	movlw	48
   855  0010F6  12CD               	iorwf	205,f,c	;volatile
   856  0010F8                     
   857                           ; BSR set to: 15
   858                           ;HRA.c: 78:     PEIE = 1;
   859  0010F8  8CF2               	bsf	4082,6,c	;volatile
   860  0010FA                     
   861                           ; BSR set to: 15
   862                           ;HRA.c: 79:     GIE = 1;
   863  0010FA  8EF2               	bsf	4082,7,c	;volatile
   864  0010FC                     
   865                           ; BSR set to: 15
   866                           ;HRA.c: 80:     TMR1IE = 1;
   867  0010FC  809D               	bsf	3997,0,c	;volatile
   868  0010FE                     
   869                           ; BSR set to: 15
   870                           ;HRA.c: 81:     TMR1IF = 0;
   871  0010FE  909E               	bcf	3998,0,c	;volatile
   872  001100                     
   873                           ; BSR set to: 15
   874                           ;HRA.c: 82:     TMR1ON = 1;
   875  001100  80CD               	bsf	4045,0,c	;volatile
   876  001102                     
   877                           ; BSR set to: 15
   878                           ;HRA.c: 84:     unsigned int pot;;HRA.c: 85:     char text1[17];;HRA.c: 86:     char tex
      +                          t2[17];;HRA.c: 87:     char textSTART[17];;HRA.c: 88:     char textLEVEL [17];;HRA.c: 89
      +                          :     char textSTOP1 [17];;HRA.c: 90:     char textSTOP2 [17];;HRA.c: 91:     unsigned i
      +                          nt rand_num;;HRA.c: 93:     game_state = GAME_START;
   879  001102  0E00               	movlw	0
   880  001104  6E58               	movwf	_game_state^0,c	;volatile
   881  001106  EF84  F009         	goto	l1985
   882  00110A                     l1919:
   883                           
   884                           ; BSR set to: 0
   885                           ;HRA.c: 101:                 sprintf(textSTART,"Nova hra:BTN1                   ");
   886  00110A  0E9F               	movlw	low main@textSTART
   887  00110C  6F68               	movwf	sprintf@s& (0+255),b
   888  00110E  0E00               	movlw	high main@textSTART
   889  001110  6F69               	movwf	(sprintf@s+1)& (0+255),b
   890  001112  0E01               	movlw	low STR_1
   891  001114  6F6A               	movwf	sprintf@fmt& (0+255),b
   892  001116  0E10               	movlw	high STR_1
   893  001118  6F6B               	movwf	(sprintf@fmt+1)& (0+255),b
   894  00111A  ECFA  F00E         	call	_sprintf	;wreg free
   895  00111E                     
   896                           ;HRA.c: 102:                 LCD_ShowString(1, textSTART);
   897  00111E  0E9F               	movlw	low main@textSTART
   898  001120  6E07               	movwf	LCD_ShowString@textData^0,c
   899  001122  0E00               	movlw	high main@textSTART
   900  001124  6E08               	movwf	(LCD_ShowString@textData+1)^0,c
   901  001126  0E01               	movlw	1
   902  001128  ECDC  F00D         	call	_LCD_ShowString
   903  00112C                     
   904                           ;HRA.c: 103:                 if(PORTCbits.RC0)
   905  00112C  A082               	btfss	130,0,c	;volatile
   906  00112E  EF9B  F008         	goto	u1481
   907  001132  EF9D  F008         	goto	u1480
   908  001136                     u1481:
   909  001136  EF84  F009         	goto	l1985
   910  00113A                     u1480:
   911  00113A                     
   912                           ;HRA.c: 104:                 {;HRA.c: 105:                     rand_num = 10;
   913  00113A  0E00               	movlw	0
   914  00113C  0100               	movlb	0	; () banked
   915  00113E  6FEA               	movwf	(main@rand_num+1)& (0+255),b
   916  001140  0E0A               	movlw	10
   917  001142  6FE9               	movwf	main@rand_num& (0+255),b
   918                           
   919                           ;HRA.c: 106:                     game_state = GAME_CONTINUE;
   920  001144  0E02               	movlw	2
   921  001146  6E58               	movwf	_game_state^0,c	;volatile
   922  001148  EF84  F009         	goto	l1985
   923  00114C                     l1927:
   924                           
   925                           ; BSR set to: 0
   926                           ;HRA.c: 112:                 delay = 62500;
   927  00114C  0EF4               	movlw	244
   928  00114E  6E56               	movwf	(_delay+1)^0,c	;volatile
   929  001150  0E24               	movlw	36
   930  001152  6E55               	movwf	_delay^0,c	;volatile
   931  001154                     
   932                           ; BSR set to: 0
   933                           ;HRA.c: 113:                 sprintf(textSTOP1,"GAME OVER                  ");
   934  001154  0EC1               	movlw	low main@textSTOP1
   935  001156  6F68               	movwf	sprintf@s& (0+255),b
   936  001158  0E00               	movlw	high main@textSTOP1
   937  00115A  6F69               	movwf	(sprintf@s+1)& (0+255),b
   938  00115C  0E5C               	movlw	low STR_2
   939  00115E  6F6A               	movwf	sprintf@fmt& (0+255),b
   940  001160  0E10               	movlw	high STR_2
   941  001162  6F6B               	movwf	(sprintf@fmt+1)& (0+255),b
   942  001164  ECFA  F00E         	call	_sprintf	;wreg free
   943  001168                     
   944                           ;HRA.c: 114:                 LCD_ShowString(1, textSTOP1);
   945  001168  0EC1               	movlw	low main@textSTOP1
   946  00116A  6E07               	movwf	LCD_ShowString@textData^0,c
   947  00116C  0E00               	movlw	high main@textSTOP1
   948  00116E  6E08               	movwf	(LCD_ShowString@textData+1)^0,c
   949  001170  0E01               	movlw	1
   950  001172  ECDC  F00D         	call	_LCD_ShowString
   951  001176                     
   952                           ;HRA.c: 115:                 sprintf(textSTOP2,"Nova hra: BTN1              ");
   953  001176  0ED2               	movlw	low main@textSTOP2
   954  001178  0100               	movlb	0	; () banked
   955  00117A  6F68               	movwf	sprintf@s& (0+255),b
   956  00117C  0E00               	movlw	high main@textSTOP2
   957  00117E  6F69               	movwf	(sprintf@s+1)& (0+255),b
   958  001180  0E3F               	movlw	low STR_3
   959  001182  6F6A               	movwf	sprintf@fmt& (0+255),b
   960  001184  0E10               	movlw	high STR_3
   961  001186  6F6B               	movwf	(sprintf@fmt+1)& (0+255),b
   962  001188  ECFA  F00E         	call	_sprintf	;wreg free
   963  00118C                     
   964                           ;HRA.c: 116:                 LCD_ShowString(2,textSTOP2);
   965  00118C  0ED2               	movlw	low main@textSTOP2
   966  00118E  6E07               	movwf	LCD_ShowString@textData^0,c
   967  001190  0E00               	movlw	high main@textSTOP2
   968  001192  6E08               	movwf	(LCD_ShowString@textData+1)^0,c
   969  001194  0E02               	movlw	2
   970  001196  ECDC  F00D         	call	_LCD_ShowString
   971  00119A                     
   972                           ;HRA.c: 117:                 if(PORTCbits.RC0)
   973  00119A  A082               	btfss	130,0,c	;volatile
   974  00119C  EFD2  F008         	goto	u1491
   975  0011A0  EFD4  F008         	goto	u1490
   976  0011A4                     u1491:
   977  0011A4  EF84  F009         	goto	l83
   978  0011A8                     u1490:
   979  0011A8                     l1939:
   980                           
   981                           ;HRA.c: 118:                 {;HRA.c: 119:                     rand_num = rand() % 1023;
   982  0011A8  EC5D  F00E         	call	_rand	;wreg free
   983  0011AC  C012  F018         	movff	?_rand,___awmod@dividend
   984  0011B0  C013  F019         	movff	?_rand+1,___awmod@dividend+1
   985  0011B4  0E03               	movlw	3
   986  0011B6  6E1B               	movwf	(___awmod@divisor+1)^0,c
   987  0011B8  681A               	setf	___awmod@divisor^0,c
   988  0011BA  EC84  F00D         	call	___awmod	;wreg free
   989  0011BE  C018  F0E9         	movff	?___awmod,main@rand_num
   990  0011C2  C019  F0EA         	movff	?___awmod+1,main@rand_num+1
   991  0011C6                     
   992                           ;HRA.c: 120:                     game_state = GAME_CONTINUE;
   993  0011C6  0E02               	movlw	2
   994  0011C8  6E58               	movwf	_game_state^0,c	;volatile
   995  0011CA  EF84  F009         	goto	l1985
   996  0011CE                     l89:
   997                           
   998                           ; BSR set to: 0
   999                           ;HRA.c: 127:                 GODONE = 1;
  1000  0011CE  82C2               	bsf	4034,1,c	;volatile
  1001  0011D0                     l90:
  1002  0011D0  B2C2               	btfsc	4034,1,c	;volatile
  1003  0011D2  EFED  F008         	goto	u1501
  1004  0011D6  EFEF  F008         	goto	u1500
  1005  0011DA                     u1501:
  1006  0011DA  EFE8  F008         	goto	l90
  1007  0011DE                     u1500:
  1008  0011DE                     
  1009                           ;HRA.c: 129:                 pot = (unsigned int)(ADRESH << 8) | (unsigned int)ADRESL;
  1010  0011DE  50C4               	movf	196,w,c	;volatile
  1011  0011E0  0100               	movlb	0	; () banked
  1012  0011E2  6F7B               	movwf	??_main& (0+255),b
  1013  0011E4  50C3               	movf	195,w,c	;volatile
  1014  0011E6  6FE7               	movwf	main@pot& (0+255),b
  1015  0011E8  C07B  F0E8         	movff	??_main,main@pot+1
  1016  0011EC                     
  1017                           ; BSR set to: 0
  1018                           ;HRA.c: 131:                 sprintf(text2, "otoc na:%u              ", rand_num);
  1019  0011EC  0E8E               	movlw	low main@text2
  1020  0011EE  6F68               	movwf	sprintf@s& (0+255),b
  1021  0011F0  0E00               	movlw	high main@text2
  1022  0011F2  6F69               	movwf	(sprintf@s+1)& (0+255),b
  1023  0011F4  0E93               	movlw	low STR_4
  1024  0011F6  6F6A               	movwf	sprintf@fmt& (0+255),b
  1025  0011F8  0E10               	movlw	high STR_4
  1026  0011FA  6F6B               	movwf	(sprintf@fmt+1)& (0+255),b
  1027  0011FC  C0E9  F06C         	movff	main@rand_num,?_sprintf+4
  1028  001200  C0EA  F06D         	movff	main@rand_num+1,?_sprintf+5
  1029  001204  ECFA  F00E         	call	_sprintf	;wreg free
  1030  001208                     
  1031                           ;HRA.c: 132:                 LCD_ShowString(1, text2);
  1032  001208  0E8E               	movlw	low main@text2
  1033  00120A  6E07               	movwf	LCD_ShowString@textData^0,c
  1034  00120C  0E00               	movlw	high main@text2
  1035  00120E  6E08               	movwf	(LCD_ShowString@textData+1)^0,c
  1036  001210  0E01               	movlw	1
  1037  001212  ECDC  F00D         	call	_LCD_ShowString
  1038  001216                     
  1039                           ;HRA.c: 134:                 sprintf(text1, "aktualni:%u                 ", pot);
  1040  001216  0E7D               	movlw	low main@text1
  1041  001218  0100               	movlb	0	; () banked
  1042  00121A  6F68               	movwf	sprintf@s& (0+255),b
  1043  00121C  0E00               	movlw	high main@text1
  1044  00121E  6F69               	movwf	(sprintf@s+1)& (0+255),b
  1045  001220  0E22               	movlw	low STR_5
  1046  001222  6F6A               	movwf	sprintf@fmt& (0+255),b
  1047  001224  0E10               	movlw	high STR_5
  1048  001226  6F6B               	movwf	(sprintf@fmt+1)& (0+255),b
  1049  001228  C0E7  F06C         	movff	main@pot,?_sprintf+4
  1050  00122C  C0E8  F06D         	movff	main@pot+1,?_sprintf+5
  1051  001230  ECFA  F00E         	call	_sprintf	;wreg free
  1052  001234                     
  1053                           ;HRA.c: 135:                 LCD_ShowString(2, text1);
  1054  001234  0E7D               	movlw	low main@text1
  1055  001236  6E07               	movwf	LCD_ShowString@textData^0,c
  1056  001238  0E00               	movlw	high main@text1
  1057  00123A  6E08               	movwf	(LCD_ShowString@textData+1)^0,c
  1058  00123C  0E02               	movlw	2
  1059  00123E  ECDC  F00D         	call	_LCD_ShowString
  1060  001242                     
  1061                           ;HRA.c: 137:                 if(pot == rand_num)
  1062  001242  0100               	movlb	0	; () banked
  1063  001244  51E9               	movf	main@rand_num& (0+255),w,b
  1064  001246  19E7               	xorwf	main@pot& (0+255),w,b
  1065  001248  E107               	bnz	u1511
  1066  00124A  51EA               	movf	(main@rand_num+1)& (0+255),w,b
  1067  00124C  19E8               	xorwf	(main@pot+1)& (0+255),w,b
  1068  00124E  A4D8               	btfss	status,2,c
  1069  001250  EF2C  F009         	goto	u1511
  1070  001254  EF2E  F009         	goto	u1510
  1071  001258                     u1511:
  1072  001258  EF84  F009         	goto	l83
  1073  00125C                     u1510:
  1074  00125C                     
  1075                           ; BSR set to: 0
  1076                           ;HRA.c: 138:                 {;HRA.c: 139:                     for(long k=1; k<200000; k
      +                          ++);
  1077  00125C  0E01               	movlw	1
  1078  00125E  6FE3               	movwf	main@k& (0+255),b
  1079  001260  0E00               	movlw	0
  1080  001262  6FE4               	movwf	(main@k+1)& (0+255),b
  1081  001264  0E00               	movlw	0
  1082  001266  6FE5               	movwf	(main@k+2)& (0+255),b
  1083  001268  0E00               	movlw	0
  1084  00126A  6FE6               	movwf	(main@k+3)& (0+255),b
  1085  00126C                     l1961:
  1086                           
  1087                           ; BSR set to: 0
  1088  00126C  0E01               	movlw	1
  1089  00126E  27E3               	addwf	main@k& (0+255),f,b
  1090  001270  0E00               	movlw	0
  1091  001272  23E4               	addwfc	(main@k+1)& (0+255),f,b
  1092  001274  23E5               	addwfc	(main@k+2)& (0+255),f,b
  1093  001276  23E6               	addwfc	(main@k+3)& (0+255),f,b
  1094  001278  BFE6               	btfsc	(main@k+3)& (0+255),7,b
  1095  00127A  EF4C  F009         	goto	u1521
  1096  00127E  51E6               	movf	(main@k+3)& (0+255),w,b
  1097  001280  E10D               	bnz	u1520
  1098  001282  0E40               	movlw	64
  1099  001284  5DE3               	subwf	main@k& (0+255),w,b
  1100  001286  0E0D               	movlw	13
  1101  001288  59E4               	subwfb	(main@k+1)& (0+255),w,b
  1102  00128A  0E03               	movlw	3
  1103  00128C  59E5               	subwfb	(main@k+2)& (0+255),w,b
  1104  00128E  A0D8               	btfss	status,0,c
  1105  001290  EF4C  F009         	goto	u1521
  1106  001294  EF4E  F009         	goto	u1520
  1107  001298                     u1521:
  1108  001298  EF36  F009         	goto	l1961
  1109  00129C                     u1520:
  1110  00129C                     
  1111                           ; BSR set to: 0
  1112                           ;HRA.c: 140:                     if(pot == rand_num)
  1113  00129C  51E9               	movf	main@rand_num& (0+255),w,b
  1114  00129E  19E7               	xorwf	main@pot& (0+255),w,b
  1115  0012A0  E107               	bnz	u1531
  1116  0012A2  51EA               	movf	(main@rand_num+1)& (0+255),w,b
  1117  0012A4  19E8               	xorwf	(main@pot+1)& (0+255),w,b
  1118  0012A6  A4D8               	btfss	status,2,c
  1119  0012A8  EF58  F009         	goto	u1531
  1120  0012AC  EF5A  F009         	goto	u1530
  1121  0012B0                     u1531:
  1122  0012B0  EF84  F009         	goto	l83
  1123  0012B4                     u1530:
  1124  0012B4                     
  1125                           ; BSR set to: 0
  1126                           ;HRA.c: 141:                     {;HRA.c: 142:                         game_state = NEXT
      +                          _LEVEL;
  1127  0012B4  0E03               	movlw	3
  1128  0012B6  6E58               	movwf	_game_state^0,c	;volatile
  1129  0012B8  EF84  F009         	goto	l1985
  1130  0012BC                     l1967:
  1131                           
  1132                           ; BSR set to: 0
  1133                           ;HRA.c: 149:                 sprintf(textLEVEL, "Next level: BTN1          ");
  1134  0012BC  0EB0               	movlw	low main@textLEVEL
  1135  0012BE  6F68               	movwf	sprintf@s& (0+255),b
  1136  0012C0  0E00               	movlw	high main@textLEVEL
  1137  0012C2  6F69               	movwf	(sprintf@s+1)& (0+255),b
  1138  0012C4  0E78               	movlw	low STR_6
  1139  0012C6  6F6A               	movwf	sprintf@fmt& (0+255),b
  1140  0012C8  0E10               	movlw	high STR_6
  1141  0012CA  6F6B               	movwf	(sprintf@fmt+1)& (0+255),b
  1142  0012CC  ECFA  F00E         	call	_sprintf	;wreg free
  1143  0012D0                     
  1144                           ;HRA.c: 150:                 LCD_ShowString(1, textLEVEL);
  1145  0012D0  0EB0               	movlw	low main@textLEVEL
  1146  0012D2  6E07               	movwf	LCD_ShowString@textData^0,c
  1147  0012D4  0E00               	movlw	high main@textLEVEL
  1148  0012D6  6E08               	movwf	(LCD_ShowString@textData+1)^0,c
  1149  0012D8  0E01               	movlw	1
  1150  0012DA  ECDC  F00D         	call	_LCD_ShowString
  1151  0012DE                     
  1152                           ;HRA.c: 151:                 if(PORTCbits.RC0)
  1153  0012DE  A082               	btfss	130,0,c	;volatile
  1154  0012E0  EF74  F009         	goto	u1541
  1155  0012E4  EF76  F009         	goto	u1540
  1156  0012E8                     u1541:
  1157  0012E8  EF84  F009         	goto	l83
  1158  0012EC                     u1540:
  1159  0012EC                     
  1160                           ;HRA.c: 152:                 {;HRA.c: 153:                     w = -1;
  1161  0012EC  6853               	setf	_w^0,c	;volatile
  1162  0012EE  6854               	setf	(_w+1)^0,c	;volatile
  1163  0012F0                     
  1164                           ;HRA.c: 154:                     led_state = 0;
  1165  0012F0  0E00               	movlw	0
  1166  0012F2  6E57               	movwf	_led_state^0,c	;volatile
  1167  0012F4                     
  1168                           ;HRA.c: 155:                     delay = delay/2;
  1169  0012F4  90D8               	bcf	status,0,c
  1170  0012F6  3056               	rrcf	(_delay+1)^0,w,c	;volatile
  1171  0012F8  0100               	movlb	0	; () banked
  1172  0012FA  6F7B               	movwf	??_main& (0+255),b
  1173  0012FC  3055               	rrcf	_delay^0,w,c	;volatile
  1174  0012FE  6E55               	movwf	_delay^0,c	;volatile
  1175  001300  C07B  F056         	movff	??_main,_delay+1	;volatile
  1176  001304  EFD4  F008         	goto	l1939
  1177  001308                     l83:
  1178  001308                     l1985:
  1179  001308  5058               	movf	_game_state^0,w,c	;volatile
  1180  00130A  0100               	movlb	0	; () banked
  1181  00130C  6F7B               	movwf	??_main& (0+255),b
  1182  00130E  6B7C               	clrf	(??_main+1)& (0+255),b
  1183                           
  1184                           ; Switch on 2 bytes has been partitioned into a top level switch of size 1, and 1 sub-sw
      +                          itches
  1185                           ; Switch size 1, requested type "simple"
  1186                           ; Number of cases is 1, Range of values is 0 to 0
  1187                           ; switch strategies available:
  1188                           ; Name         Instructions Cycles
  1189                           ; simple_byte            4     3 (average)
  1190                           ;	Chosen strategy is simple_byte
  1191  001310  517C               	movf	(??_main+1)& (0+255),w,b
  1192  001312  0A00               	xorlw	0	; case 0
  1193  001314  B4D8               	btfsc	status,2,c
  1194  001316  EF8F  F009         	goto	l2023
  1195  00131A  EF84  F009         	goto	l1985
  1196  00131E                     l2023:
  1197                           
  1198                           ; BSR set to: 0
  1199                           ; Switch size 1, requested type "simple"
  1200                           ; Number of cases is 4, Range of values is 0 to 3
  1201                           ; switch strategies available:
  1202                           ; Name         Instructions Cycles
  1203                           ; simple_byte           13     7 (average)
  1204                           ;	Chosen strategy is simple_byte
  1205  00131E  517B               	movf	??_main& (0+255),w,b
  1206  001320  0A00               	xorlw	0	; case 0
  1207  001322  B4D8               	btfsc	status,2,c
  1208  001324  EF85  F008         	goto	l1919
  1209  001328  0A01               	xorlw	1	; case 1
  1210  00132A  B4D8               	btfsc	status,2,c
  1211  00132C  EFA6  F008         	goto	l1927
  1212  001330  0A03               	xorlw	3	; case 2
  1213  001332  B4D8               	btfsc	status,2,c
  1214  001334  EFE7  F008         	goto	l89
  1215  001338  0A01               	xorlw	1	; case 3
  1216  00133A  B4D8               	btfsc	status,2,c
  1217  00133C  EF5E  F009         	goto	l1967
  1218  001340  EF84  F009         	goto	l1985
  1219  001344  EF59  F000         	goto	start
  1220  001348                     __end_of_main:
  1221                           	callstack 0
  1222                           
  1223 ;; *************** function _sprintf *****************
  1224 ;; Defined at:
  1225 ;;		line 9 in file "C:\Program Files\Microchip\xc8\v2.36\pic\sources\c99\common\nf_sprintf.c"
  1226 ;; Parameters:    Size  Location     Type
  1227 ;;  s               2    8[BANK0 ] PTR unsigned char 
  1228 ;;		 -> main@textLEVEL(17), main@text1(17), main@text2(17), main@textSTOP2(17), 
  1229 ;;		 -> main@textSTOP1(17), main@textSTART(17), 
  1230 ;;  fmt             2   10[BANK0 ] PTR const unsigned char 
  1231 ;;		 -> STR_6(27), STR_5(29), STR_4(25), STR_3(29), 
  1232 ;;		 -> STR_2(28), STR_1(33), 
  1233 ;; Auto vars:     Size  Location     Type
  1234 ;;  f              11   16[BANK0 ] struct _IO_FILE
  1235 ;;  ap              2   14[BANK0 ] PTR void [1]
  1236 ;;		 -> ?_sprintf(2), 
  1237 ;;  ret             2    0        int 
  1238 ;; Return value:  Size  Location     Type
  1239 ;;                  2    8[BANK0 ] int 
  1240 ;; Registers used:
  1241 ;;		wreg, fsr1l, fsr1h, fsr2l, fsr2h, status,2, status,0, tblptrl, tblptrh, tblptru, cstack
  1242 ;; Tracked objects:
  1243 ;;		On entry : 0/0
  1244 ;;		On exit  : 0/0
  1245 ;;		Unchanged: 0/0
  1246 ;; Data sizes:     COMRAM   BANK0   BANK1   BANK2   BANK3   BANK4   BANK5   BANK6   BANK7   BANK8   BANK9  BANK10  BANK1
      +1  BANK12  BANK13  BANK14  BANK15
  1247 ;;      Params:         0       6       0       0       0       0       0       0       0       0       0       0       
      +0       0       0       0       0
  1248 ;;      Locals:         0      13       0       0       0       0       0       0       0       0       0       0       
      +0       0       0       0       0
  1249 ;;      Temps:          0       0       0       0       0       0       0       0       0       0       0       0       
      +0       0       0       0       0
  1250 ;;      Totals:         0      19       0       0       0       0       0       0       0       0       0       0       
      +0       0       0       0       0
  1251 ;;Total ram usage:       19 bytes
  1252 ;; Hardware stack levels used: 1
  1253 ;; Hardware stack levels required when called: 9
  1254 ;; This function calls:
  1255 ;;		_vfprintf
  1256 ;; This function is called by:
  1257 ;;		_main
  1258 ;; This function uses a non-reentrant model
  1259 ;;
  1260                           
  1261                           	psect	text1
  1262  001DF4                     __ptext1:
  1263                           	callstack 0
  1264  001DF4                     _sprintf:
  1265                           	callstack 21
  1266  001DF4  0E6C               	movlw	low (?_sprintf+4)
  1267  001DF6  0100               	movlb	0	; () banked
  1268  001DF8  6F6E               	movwf	sprintf@ap& (0+255),b
  1269  001DFA  0E00               	movlw	high (?_sprintf+4)
  1270  001DFC  6F6F               	movwf	(sprintf@ap+1)& (0+255),b
  1271  001DFE  C068  F070         	movff	sprintf@s,sprintf@f
  1272  001E02  C069  F071         	movff	sprintf@s+1,sprintf@f+1
  1273  001E06                     
  1274                           ; BSR set to: 0
  1275  001E06  0E00               	movlw	0
  1276  001E08  6F74               	movwf	(sprintf@f+4)& (0+255),b
  1277  001E0A  0E00               	movlw	0
  1278  001E0C  6F73               	movwf	(sprintf@f+3)& (0+255),b
  1279  001E0E                     
  1280                           ; BSR set to: 0
  1281  001E0E  0E00               	movlw	0
  1282  001E10  6F7A               	movwf	(sprintf@f+10)& (0+255),b
  1283  001E12  0E00               	movlw	0
  1284  001E14  6F79               	movwf	(sprintf@f+9)& (0+255),b
  1285  001E16                     
  1286                           ; BSR set to: 0
  1287  001E16  0E70               	movlw	low sprintf@f
  1288  001E18  6F60               	movwf	vfprintf@fp& (0+255),b
  1289  001E1A  0E00               	movlw	high sprintf@f
  1290  001E1C  6F61               	movwf	(vfprintf@fp+1)& (0+255),b
  1291  001E1E  C06A  F062         	movff	sprintf@fmt,vfprintf@fmt
  1292  001E22  C06B  F063         	movff	sprintf@fmt+1,vfprintf@fmt+1
  1293  001E26  0E6E               	movlw	low sprintf@ap
  1294  001E28  6F64               	movwf	vfprintf@ap& (0+255),b
  1295  001E2A  0E00               	movlw	high sprintf@ap
  1296  001E2C  6F65               	movwf	(vfprintf@ap+1)& (0+255),b
  1297  001E2E  ECC9  F00E         	call	_vfprintf	;wreg free
  1298  001E32  0100               	movlb	0	; () banked
  1299  001E34  5173               	movf	(sprintf@f+3)& (0+255),w,b
  1300  001E36  2568               	addwf	sprintf@s& (0+255),w,b
  1301  001E38  6ED9               	movwf	fsr2l,c
  1302  001E3A  5174               	movf	(sprintf@f+4)& (0+255),w,b
  1303  001E3C  2169               	addwfc	(sprintf@s+1)& (0+255),w,b
  1304  001E3E  6EDA               	movwf	fsr2h,c
  1305  001E40  0E00               	movlw	0
  1306  001E42  6EDF               	movwf	indf2,c
  1307  001E44                     
  1308                           ; BSR set to: 0
  1309  001E44  0012               	return		;funcret
  1310  001E46                     __end_of_sprintf:
  1311                           	callstack 0
  1312                           
  1313 ;; *************** function _vfprintf *****************
  1314 ;; Defined at:
  1315 ;;		line 1390 in file "C:\Program Files\Microchip\xc8\v2.36\pic\sources\c99\common\doprnt.c"
  1316 ;; Parameters:    Size  Location     Type
  1317 ;;  fp              2    0[BANK0 ] PTR struct _IO_FILE
  1318 ;;		 -> sprintf@f(11), 
  1319 ;;  fmt             2    2[BANK0 ] PTR const unsigned char 
  1320 ;;		 -> STR_6(27), STR_5(29), STR_4(25), STR_3(29), 
  1321 ;;		 -> STR_2(28), STR_1(33), 
  1322 ;;  ap              2    4[BANK0 ] PTR PTR void 
  1323 ;;		 -> sprintf@ap(2), 
  1324 ;; Auto vars:     Size  Location     Type
  1325 ;;  cfmt            2    6[BANK0 ] PTR unsigned char 
  1326 ;;		 -> STR_6(27), STR_5(29), STR_4(25), STR_3(29), 
  1327 ;;		 -> STR_2(28), STR_1(33), 
  1328 ;; Return value:  Size  Location     Type
  1329 ;;                  2    0[BANK0 ] int 
  1330 ;; Registers used:
  1331 ;;		wreg, fsr1l, fsr1h, fsr2l, fsr2h, status,2, status,0, tblptrl, tblptrh, tblptru, cstack
  1332 ;; Tracked objects:
  1333 ;;		On entry : 0/0
  1334 ;;		On exit  : 0/0
  1335 ;;		Unchanged: 0/0
  1336 ;; Data sizes:     COMRAM   BANK0   BANK1   BANK2   BANK3   BANK4   BANK5   BANK6   BANK7   BANK8   BANK9  BANK10  BANK1
      +1  BANK12  BANK13  BANK14  BANK15
  1337 ;;      Params:         0       6       0       0       0       0       0       0       0       0       0       0       
      +0       0       0       0       0
  1338 ;;      Locals:         0       2       0       0       0       0       0       0       0       0       0       0       
      +0       0       0       0       0
  1339 ;;      Temps:          0       0       0       0       0       0       0       0       0       0       0       0       
      +0       0       0       0       0
  1340 ;;      Totals:         0       8       0       0       0       0       0       0       0       0       0       0       
      +0       0       0       0       0
  1341 ;;Total ram usage:        8 bytes
  1342 ;; Hardware stack levels used: 1
  1343 ;; Hardware stack levels required when called: 8
  1344 ;; This function calls:
  1345 ;;		_vfpfcnvrt
  1346 ;; This function is called by:
  1347 ;;		_sprintf
  1348 ;; This function uses a non-reentrant model
  1349 ;;
  1350                           
  1351                           	psect	text2
  1352  001D92                     __ptext2:
  1353                           	callstack 0
  1354  001D92                     _vfprintf:
  1355                           	callstack 21
  1356  001D92                     
  1357                           ;C:\Program Files\Microchip\xc8\v2.36\pic\sources\c99\common\doprnt.c: 1390: int vfprint
      +                          f(FILE *fp, const char *fmt, va_list ap);C:\Program Files\Microchip\xc8\v2.36\pic\source
      +                          s\c99\common\doprnt.c: 1391: {;C:\Program Files\Microchip\xc8\v2.36\pic\sources\c99\comm
      +                          on\doprnt.c: 1393:     char *cfmt;;C:\Program Files\Microchip\xc8\v2.36\pic\sources\c99\
      +                          common\doprnt.c: 1395:     cfmt = (char *)fmt;
  1358  001D92  C062  F066         	movff	vfprintf@fmt,vfprintf@cfmt
  1359  001D96  C063  F067         	movff	vfprintf@fmt+1,vfprintf@cfmt+1
  1360  001D9A                     
  1361                           ;C:\Program Files\Microchip\xc8\v2.36\pic\sources\c99\common\doprnt.c: 1396:     nout = 
      +                          0;
  1362  001D9A  0E00               	movlw	0
  1363  001D9C  0100               	movlb	0	; () banked
  1364  001D9E  6FEC               	movwf	(_nout+1)& (0+255),b
  1365  001DA0  0E00               	movlw	0
  1366  001DA2  6FEB               	movwf	_nout& (0+255),b
  1367                           
  1368                           ;C:\Program Files\Microchip\xc8\v2.36\pic\sources\c99\common\doprnt.c: 1397:     while (
      +                          *cfmt) {
  1369  001DA4  EFE7  F00E         	goto	l1873
  1370  001DA8                     l1871:
  1371                           
  1372                           ; BSR set to: 0
  1373                           ;C:\Program Files\Microchip\xc8\v2.36\pic\sources\c99\common\doprnt.c: 1398:         nou
      +                          t += vfpfcnvrt(fp, &cfmt, ap);
  1374  001DA8  C060  F041         	movff	vfprintf@fp,vfpfcnvrt@fp
  1375  001DAC  C061  F042         	movff	vfprintf@fp+1,vfpfcnvrt@fp+1
  1376  001DB0  0E66               	movlw	low vfprintf@cfmt
  1377  001DB2  6E43               	movwf	vfpfcnvrt@fmt^0,c
  1378  001DB4  0E00               	movlw	high vfprintf@cfmt
  1379  001DB6  6E44               	movwf	(vfpfcnvrt@fmt+1)^0,c
  1380  001DB8  C064  F045         	movff	vfprintf@ap,vfpfcnvrt@ap
  1381  001DBC  C065  F046         	movff	vfprintf@ap+1,vfpfcnvrt@ap+1
  1382  001DC0  ECA6  F00A         	call	_vfpfcnvrt	;wreg free
  1383  001DC4  5041               	movf	?_vfpfcnvrt^0,w,c
  1384  001DC6  0100               	movlb	0	; () banked
  1385  001DC8  27EB               	addwf	_nout& (0+255),f,b
  1386  001DCA  5042               	movf	(?_vfpfcnvrt+1)^0,w,c
  1387  001DCC  23EC               	addwfc	(_nout+1)& (0+255),f,b
  1388  001DCE                     l1873:
  1389                           
  1390                           ; BSR set to: 0
  1391                           ;C:\Program Files\Microchip\xc8\v2.36\pic\sources\c99\common\doprnt.c: 1397:     while (
      +                          *cfmt) {
  1392  001DCE  C066  FFF6         	movff	vfprintf@cfmt,tblptrl
  1393  001DD2  C067  FFF7         	movff	vfprintf@cfmt+1,tblptrh
  1394  001DD6                     	if	0	;tblptru may be non-zero
  1395  001DD6                     	endif
  1396  001DD6                     	if	0	;tblptru may be non-zero
  1397  001DD6                     	endif
  1398  001DD6  0008               	tblrd		*
  1399  001DD8  50F5               	movf	tablat,w,c
  1400  001DDA  0900               	iorlw	0
  1401  001DDC  A4D8               	btfss	status,2,c
  1402  001DDE  EFF3  F00E         	goto	u1471
  1403  001DE2  EFF5  F00E         	goto	u1470
  1404  001DE6                     u1471:
  1405  001DE6  EFD4  F00E         	goto	l1871
  1406  001DEA                     u1470:
  1407  001DEA                     
  1408                           ; BSR set to: 0
  1409                           ;C:\Program Files\Microchip\xc8\v2.36\pic\sources\c99\common\doprnt.c: 1400:     return 
      +                          nout;
  1410  001DEA  C0EB  F060         	movff	_nout,?_vfprintf
  1411  001DEE  C0EC  F061         	movff	_nout+1,?_vfprintf+1
  1412  001DF2                     
  1413                           ; BSR set to: 0
  1414  001DF2  0012               	return		;funcret
  1415  001DF4                     __end_of_vfprintf:
  1416                           	callstack 0
  1417                           
  1418 ;; *************** function _vfpfcnvrt *****************
  1419 ;; Defined at:
  1420 ;;		line 692 in file "C:\Program Files\Microchip\xc8\v2.36\pic\sources\c99\common\doprnt.c"
  1421 ;; Parameters:    Size  Location     Type
  1422 ;;  fp              2   64[COMRAM] PTR struct _IO_FILE
  1423 ;;		 -> sprintf@f(11), 
  1424 ;;  fmt             2   66[COMRAM] PTR PTR unsigned char 
  1425 ;;		 -> vfprintf@cfmt(2), 
  1426 ;;  ap              2   68[COMRAM] PTR PTR void 
  1427 ;;		 -> sprintf@ap(2), 
  1428 ;; Auto vars:     Size  Location     Type
  1429 ;;  llu             8   74[COMRAM] unsigned long long 
  1430 ;;  ll              8    0        long long 
  1431 ;;  f               4    0        long long 
  1432 ;;  vp              3    0        PTR void 
  1433 ;;  ct              3    0        unsigned char [3]
  1434 ;;  cp              3    0        PTR unsigned char 
  1435 ;;  i               2    0        int 
  1436 ;;  done            2    0        int 
  1437 ;;  c               1    0        unsigned char 
  1438 ;; Return value:  Size  Location     Type
  1439 ;;                  2   64[COMRAM] int 
  1440 ;; Registers used:
  1441 ;;		wreg, fsr1l, fsr1h, fsr2l, fsr2h, status,2, status,0, tblptrl, tblptrh, tblptru, cstack
  1442 ;; Tracked objects:
  1443 ;;		On entry : 0/0
  1444 ;;		On exit  : 0/0
  1445 ;;		Unchanged: 0/0
  1446 ;; Data sizes:     COMRAM   BANK0   BANK1   BANK2   BANK3   BANK4   BANK5   BANK6   BANK7   BANK8   BANK9  BANK10  BANK1
      +1  BANK12  BANK13  BANK14  BANK15
  1447 ;;      Params:         6       0       0       0       0       0       0       0       0       0       0       0       
      +0       0       0       0       0
  1448 ;;      Locals:         8       0       0       0       0       0       0       0       0       0       0       0       
      +0       0       0       0       0
  1449 ;;      Temps:          4       0       0       0       0       0       0       0       0       0       0       0       
      +0       0       0       0       0
  1450 ;;      Totals:        18       0       0       0       0       0       0       0       0       0       0       0       
      +0       0       0       0       0
  1451 ;;Total ram usage:       18 bytes
  1452 ;; Hardware stack levels used: 1
  1453 ;; Hardware stack levels required when called: 7
  1454 ;; This function calls:
  1455 ;;		_fputc
  1456 ;;		_utoa
  1457 ;; This function is called by:
  1458 ;;		_vfprintf
  1459 ;; This function uses a non-reentrant model
  1460 ;;
  1461                           
  1462                           	psect	text3
  1463  00154C                     __ptext3:
  1464                           	callstack 0
  1465  00154C                     _vfpfcnvrt:
  1466                           	callstack 21
  1467  00154C                     
  1468                           ;C:\Program Files\Microchip\xc8\v2.36\pic\sources\c99\common\doprnt.c: 692: static int v
      +                          fpfcnvrt(FILE *fp, char *fmt[], va_list ap);C:\Program Files\Microchip\xc8\v2.36\pic\sou
      +                          rces\c99\common\doprnt.c: 693: {;C:\Program Files\Microchip\xc8\v2.36\pic\sources\c99\co
      +                          mmon\doprnt.c: 694:     char c, *cp, ct[3];;C:\Program Files\Microchip\xc8\v2.36\pic\sou
      +                          rces\c99\common\doprnt.c: 695:     int done, i;;C:\Program Files\Microchip\xc8\v2.36\pic
      +                          \sources\c99\common\doprnt.c: 696:     long long ll;;C:\Program Files\Microchip\xc8\v2.3
      +                          6\pic\sources\c99\common\doprnt.c: 697:     unsigned long long llu;
  1469  00154C  C043  FFD9         	movff	vfpfcnvrt@fmt,fsr2l
  1470  001550  C044  FFDA         	movff	vfpfcnvrt@fmt+1,fsr2h
  1471  001554  CFDE FFF6          	movff	postinc2,tblptrl
  1472  001558  CFDD FFF7          	movff	postdec2,tblptrh
  1473  00155C                     	if	0	;tblptru may be non-zero
  1474  00155C                     	endif
  1475  00155C                     	if	0	;tblptru may be non-zero
  1476  00155C                     	endif
  1477  00155C  0008               	tblrd		*
  1478  00155E  50F5               	movf	tablat,w,c
  1479  001560  0A25               	xorlw	37
  1480  001562  A4D8               	btfss	status,2,c
  1481  001564  EFB6  F00A         	goto	u981
  1482  001568  EFB8  F00A         	goto	u980
  1483  00156C                     u981:
  1484  00156C  EF53  F00B         	goto	l1571
  1485  001570                     u980:
  1486  001570                     
  1487                           ;C:\Program Files\Microchip\xc8\v2.36\pic\sources\c99\common\doprnt.c: 703:         ++*f
      +                          mt;
  1488  001570  C043  FFD9         	movff	vfpfcnvrt@fmt,fsr2l
  1489  001574  C044  FFDA         	movff	vfpfcnvrt@fmt+1,fsr2h
  1490  001578  2ADE               	incf	postinc2,f,c
  1491  00157A  0E00               	movlw	0
  1492  00157C  22DD               	addwfc	postdec2,f,c
  1493  00157E                     
  1494                           ;C:\Program Files\Microchip\xc8\v2.36\pic\sources\c99\common\doprnt.c: 705:         flag
      +                          s = width = 0;
  1495  00157E  0E00               	movlw	0
  1496  001580  0100               	movlb	0	; () banked
  1497  001582  6FEE               	movwf	(_width+1)& (0+255),b
  1498  001584  0E00               	movlw	0
  1499  001586  6FED               	movwf	_width& (0+255),b
  1500  001588  C0ED  F0F1         	movff	_width,_flags
  1501  00158C  C0EE  F0F2         	movff	_width+1,_flags+1
  1502  001590                     
  1503                           ; BSR set to: 0
  1504                           ;C:\Program Files\Microchip\xc8\v2.36\pic\sources\c99\common\doprnt.c: 706:         prec
      +                           = -1;
  1505  001590  69EF               	setf	_prec& (0+255),b
  1506  001592  69F0               	setf	(_prec+1)& (0+255),b
  1507  001594                     
  1508                           ; BSR set to: 0
  1509                           ;C:\Program Files\Microchip\xc8\v2.36\pic\sources\c99\common\doprnt.c: 1204:         if 
      +                          (*fmt[0] == 'u') {
  1510  001594  C043  FFD9         	movff	vfpfcnvrt@fmt,fsr2l
  1511  001598  C044  FFDA         	movff	vfpfcnvrt@fmt+1,fsr2h
  1512  00159C  CFDE FFF6          	movff	postinc2,tblptrl
  1513  0015A0  CFDD FFF7          	movff	postdec2,tblptrh
  1514  0015A4                     	if	0	;tblptru may be non-zero
  1515  0015A4                     	endif
  1516  0015A4                     	if	0	;tblptru may be non-zero
  1517  0015A4                     	endif
  1518  0015A4  0008               	tblrd		*
  1519  0015A6  50F5               	movf	tablat,w,c
  1520  0015A8  0A75               	xorlw	117
  1521  0015AA  A4D8               	btfss	status,2,c
  1522  0015AC  EFDA  F00A         	goto	u991
  1523  0015B0  EFDC  F00A         	goto	u990
  1524  0015B4                     u991:
  1525  0015B4  EF1D  F00B         	goto	l1555
  1526  0015B8                     u990:
  1527  0015B8                     
  1528                           ; BSR set to: 0
  1529                           ;C:\Program Files\Microchip\xc8\v2.36\pic\sources\c99\common\doprnt.c: 1206:            
      +                           ++*fmt;
  1530  0015B8  C043  FFD9         	movff	vfpfcnvrt@fmt,fsr2l
  1531  0015BC  C044  FFDA         	movff	vfpfcnvrt@fmt+1,fsr2h
  1532  0015C0  2ADE               	incf	postinc2,f,c
  1533  0015C2  0E00               	movlw	0
  1534  0015C4  22DD               	addwfc	postdec2,f,c
  1535                           
  1536                           ;C:\Program Files\Microchip\xc8\v2.36\pic\sources\c99\common\doprnt.c: 1207:            
      +                           llu = (unsigned long long)(*(unsigned int *)__va_arg(*(unsigned int **)ap, (unsigned in
      +                          t)0));
  1537  0015C6  C045  FFD9         	movff	vfpfcnvrt@ap,fsr2l
  1538  0015CA  C046  FFDA         	movff	vfpfcnvrt@ap+1,fsr2h
  1539  0015CE  CFDF F047          	movff	indf2,??_vfpfcnvrt
  1540  0015D2  0E02               	movlw	2
  1541  0015D4  26DE               	addwf	postinc2,f,c
  1542  0015D6  CFDF F048          	movff	indf2,??_vfpfcnvrt+1
  1543  0015DA  0E00               	movlw	0
  1544  0015DC  22DD               	addwfc	postdec2,f,c
  1545  0015DE  C047  FFD9         	movff	??_vfpfcnvrt,fsr2l
  1546  0015E2  C048  FFDA         	movff	??_vfpfcnvrt+1,fsr2h
  1547  0015E6  CFDE F049          	movff	postinc2,??_vfpfcnvrt+2
  1548  0015EA  CFDD F04A          	movff	postdec2,??_vfpfcnvrt+3
  1549  0015EE  C049  F04B         	movff	??_vfpfcnvrt+2,vfpfcnvrt@llu
  1550  0015F2  C04A  F04C         	movff	??_vfpfcnvrt+3,vfpfcnvrt@llu+1
  1551  0015F6  6A4D               	clrf	(vfpfcnvrt@llu+2)^0,c
  1552  0015F8  6A4E               	clrf	(vfpfcnvrt@llu+3)^0,c
  1553  0015FA  6A4F               	clrf	(vfpfcnvrt@llu+4)^0,c
  1554  0015FC  6A50               	clrf	(vfpfcnvrt@llu+5)^0,c
  1555  0015FE  6A51               	clrf	(vfpfcnvrt@llu+6)^0,c
  1556  001600  6A52               	clrf	(vfpfcnvrt@llu+7)^0,c
  1557  001602                     
  1558                           ; BSR set to: 0
  1559                           ;C:\Program Files\Microchip\xc8\v2.36\pic\sources\c99\common\doprnt.c: 1209:            
      +                           return utoa(fp, llu);
  1560  001602  C041  F021         	movff	vfpfcnvrt@fp,utoa@fp
  1561  001606  C042  F022         	movff	vfpfcnvrt@fp+1,utoa@fp+1
  1562  00160A  C04B  F023         	movff	vfpfcnvrt@llu,utoa@d
  1563  00160E  C04C  F024         	movff	vfpfcnvrt@llu+1,utoa@d+1
  1564  001612  C04D  F025         	movff	vfpfcnvrt@llu+2,utoa@d+2
  1565  001616  C04E  F026         	movff	vfpfcnvrt@llu+3,utoa@d+3
  1566  00161A  C04F  F027         	movff	vfpfcnvrt@llu+4,utoa@d+4
  1567  00161E  C050  F028         	movff	vfpfcnvrt@llu+5,utoa@d+5
  1568  001622  C051  F029         	movff	vfpfcnvrt@llu+6,utoa@d+6
  1569  001626  C052  F02A         	movff	vfpfcnvrt@llu+7,utoa@d+7
  1570  00162A  ECA4  F009         	call	_utoa	;wreg free
  1571  00162E  C021  F041         	movff	?_utoa,?_vfpfcnvrt
  1572  001632  C022  F042         	movff	?_utoa+1,?_vfpfcnvrt+1
  1573  001636  EF6E  F00B         	goto	l903
  1574  00163A                     l1555:
  1575                           
  1576                           ; BSR set to: 0
  1577                           ;C:\Program Files\Microchip\xc8\v2.36\pic\sources\c99\common\doprnt.c: 1372:         if 
      +                          ((*fmt)[0] == '%') {
  1578  00163A  C043  FFD9         	movff	vfpfcnvrt@fmt,fsr2l
  1579  00163E  C044  FFDA         	movff	vfpfcnvrt@fmt+1,fsr2h
  1580  001642  CFDE FFF6          	movff	postinc2,tblptrl
  1581  001646  CFDD FFF7          	movff	postdec2,tblptrh
  1582  00164A                     	if	0	;tblptru may be non-zero
  1583  00164A                     	endif
  1584  00164A                     	if	0	;tblptru may be non-zero
  1585  00164A                     	endif
  1586  00164A  0008               	tblrd		*
  1587  00164C  50F5               	movf	tablat,w,c
  1588  00164E  0A25               	xorlw	37
  1589  001650  A4D8               	btfss	status,2,c
  1590  001652  EF2D  F00B         	goto	u1001
  1591  001656  EF2F  F00B         	goto	u1000
  1592  00165A                     u1001:
  1593  00165A  EF46  F00B         	goto	l1565
  1594  00165E                     u1000:
  1595  00165E                     
  1596                           ; BSR set to: 0
  1597                           ;C:\Program Files\Microchip\xc8\v2.36\pic\sources\c99\common\doprnt.c: 1373:            
      +                           ++*fmt;
  1598  00165E  C043  FFD9         	movff	vfpfcnvrt@fmt,fsr2l
  1599  001662  C044  FFDA         	movff	vfpfcnvrt@fmt+1,fsr2h
  1600  001666  2ADE               	incf	postinc2,f,c
  1601  001668  0E00               	movlw	0
  1602  00166A  22DD               	addwfc	postdec2,f,c
  1603  00166C                     
  1604                           ; BSR set to: 0
  1605                           ;C:\Program Files\Microchip\xc8\v2.36\pic\sources\c99\common\doprnt.c: 1374:            
      +                           fputc((int)'%', fp);
  1606  00166C  0E00               	movlw	0
  1607  00166E  6E07               	movwf	(fputc@c+1)^0,c
  1608  001670  0E25               	movlw	37
  1609  001672  6E06               	movwf	fputc@c^0,c
  1610  001674  C041  F008         	movff	vfpfcnvrt@fp,fputc@fp
  1611  001678  C042  F009         	movff	vfpfcnvrt@fp+1,fputc@fp+1
  1612  00167C  ECBC  F00C         	call	_fputc	;wreg free
  1613  001680                     l1561:
  1614                           
  1615                           ;C:\Program Files\Microchip\xc8\v2.36\pic\sources\c99\common\doprnt.c: 1375:            
      +                           return 1;
  1616  001680  0E00               	movlw	0
  1617  001682  6E42               	movwf	(?_vfpfcnvrt+1)^0,c
  1618  001684  0E01               	movlw	1
  1619  001686  6E41               	movwf	?_vfpfcnvrt^0,c
  1620  001688  EF6E  F00B         	goto	l903
  1621  00168C                     l1565:
  1622                           
  1623                           ; BSR set to: 0
  1624                           ;C:\Program Files\Microchip\xc8\v2.36\pic\sources\c99\common\doprnt.c: 1379:         ++*
      +                          fmt;
  1625  00168C  C043  FFD9         	movff	vfpfcnvrt@fmt,fsr2l
  1626  001690  C044  FFDA         	movff	vfpfcnvrt@fmt+1,fsr2h
  1627  001694  2ADE               	incf	postinc2,f,c
  1628  001696  0E00               	movlw	0
  1629  001698  22DD               	addwfc	postdec2,f,c
  1630  00169A                     
  1631                           ; BSR set to: 0
  1632                           ;C:\Program Files\Microchip\xc8\v2.36\pic\sources\c99\common\doprnt.c: 1380:         ret
      +                          urn 0;
  1633  00169A  0E00               	movlw	0
  1634  00169C  6E42               	movwf	(?_vfpfcnvrt+1)^0,c
  1635  00169E  0E00               	movlw	0
  1636  0016A0  6E41               	movwf	?_vfpfcnvrt^0,c
  1637  0016A2  EF6E  F00B         	goto	l903
  1638  0016A6                     l1571:
  1639                           
  1640                           ;C:\Program Files\Microchip\xc8\v2.36\pic\sources\c99\common\doprnt.c: 1384:     fputc((
      +                          int)(*fmt)[0], fp);
  1641  0016A6  C043  FFD9         	movff	vfpfcnvrt@fmt,fsr2l
  1642  0016AA  C044  FFDA         	movff	vfpfcnvrt@fmt+1,fsr2h
  1643  0016AE  CFDE FFF6          	movff	postinc2,tblptrl
  1644  0016B2  CFDD FFF7          	movff	postdec2,tblptrh
  1645  0016B6                     	if	0	;tblptru may be non-zero
  1646  0016B6                     	endif
  1647  0016B6                     	if	0	;tblptru may be non-zero
  1648  0016B6                     	endif
  1649  0016B6  0008               	tblrd		*
  1650  0016B8  50F5               	movf	tablat,w,c
  1651  0016BA  6E06               	movwf	fputc@c^0,c
  1652  0016BC  6A07               	clrf	(fputc@c+1)^0,c
  1653  0016BE  C041  F008         	movff	vfpfcnvrt@fp,fputc@fp
  1654  0016C2  C042  F009         	movff	vfpfcnvrt@fp+1,fputc@fp+1
  1655  0016C6  ECBC  F00C         	call	_fputc	;wreg free
  1656  0016CA                     
  1657                           ;C:\Program Files\Microchip\xc8\v2.36\pic\sources\c99\common\doprnt.c: 1385:     ++*fmt;
  1658  0016CA  C043  FFD9         	movff	vfpfcnvrt@fmt,fsr2l
  1659  0016CE  C044  FFDA         	movff	vfpfcnvrt@fmt+1,fsr2h
  1660  0016D2  2ADE               	incf	postinc2,f,c
  1661  0016D4  0E00               	movlw	0
  1662  0016D6  22DD               	addwfc	postdec2,f,c
  1663  0016D8  EF40  F00B         	goto	l1561
  1664  0016DC                     l903:
  1665  0016DC  0012               	return		;funcret
  1666  0016DE                     __end_of_vfpfcnvrt:
  1667                           	callstack 0
  1668                           
  1669 ;; *************** function _utoa *****************
  1670 ;; Defined at:
  1671 ;;		line 615 in file "C:\Program Files\Microchip\xc8\v2.36\pic\sources\c99\common\doprnt.c"
  1672 ;; Parameters:    Size  Location     Type
  1673 ;;  fp              2   32[COMRAM] PTR struct _IO_FILE
  1674 ;;		 -> sprintf@f(11), 
  1675 ;;  d               8   34[COMRAM] unsigned long long 
  1676 ;; Auto vars:     Size  Location     Type
  1677 ;;  n               8   54[COMRAM] unsigned long long 
  1678 ;;  i               2   62[COMRAM] int 
  1679 ;;  w               2   52[COMRAM] int 
  1680 ;;  p               2   50[COMRAM] int 
  1681 ;; Return value:  Size  Location     Type
  1682 ;;                  2   32[COMRAM] int 
  1683 ;; Registers used:
  1684 ;;		wreg, fsr1l, fsr1h, fsr2l, fsr2h, status,2, status,0, cstack
  1685 ;; Tracked objects:
  1686 ;;		On entry : 0/0
  1687 ;;		On exit  : 0/0
  1688 ;;		Unchanged: 0/0
  1689 ;; Data sizes:     COMRAM   BANK0   BANK1   BANK2   BANK3   BANK4   BANK5   BANK6   BANK7   BANK8   BANK9  BANK10  BANK1
      +1  BANK12  BANK13  BANK14  BANK15
  1690 ;;      Params:        10       0       0       0       0       0       0       0       0       0       0       0       
      +0       0       0       0       0
  1691 ;;      Locals:        14       0       0       0       0       0       0       0       0       0       0       0       
      +0       0       0       0       0
  1692 ;;      Temps:          8       0       0       0       0       0       0       0       0       0       0       0       
      +0       0       0       0       0
  1693 ;;      Totals:        32       0       0       0       0       0       0       0       0       0       0       0       
      +0       0       0       0       0
  1694 ;;Total ram usage:       32 bytes
  1695 ;; Hardware stack levels used: 1
  1696 ;; Hardware stack levels required when called: 6
  1697 ;; This function calls:
  1698 ;;		___lodiv
  1699 ;;		___lomod
  1700 ;;		_pad
  1701 ;; This function is called by:
  1702 ;;		_vfpfcnvrt
  1703 ;; This function uses a non-reentrant model
  1704 ;;
  1705                           
  1706                           	psect	text4
  1707  001348                     __ptext4:
  1708                           	callstack 0
  1709  001348                     _utoa:
  1710                           	callstack 21
  1711  001348                     
  1712                           ;C:\Program Files\Microchip\xc8\v2.36\pic\sources\c99\common\doprnt.c: 615: static int u
      +                          toa(FILE *fp, unsigned long long d);C:\Program Files\Microchip\xc8\v2.36\pic\sources\c99
      +                          \common\doprnt.c: 616: {;C:\Program Files\Microchip\xc8\v2.36\pic\sources\c99\common\dop
      +                          rnt.c: 617:     int i, p, w;;C:\Program Files\Microchip\xc8\v2.36\pic\sources\c99\common
      +                          \doprnt.c: 618:     unsigned long long n;;C:\Program Files\Microchip\xc8\v2.36\pic\sourc
      +                          es\c99\common\doprnt.c: 621:     if (!(prec < 0)) {
  1713  001348  0100               	movlb	0	; () banked
  1714  00134A  BFF0               	btfsc	(_prec+1)& (0+255),7,b
  1715  00134C  EFAA  F009         	goto	u911
  1716  001350  EFAC  F009         	goto	u910
  1717  001354                     u911:
  1718  001354  EFAD  F009         	goto	l1507
  1719  001358                     u910:
  1720  001358                     
  1721                           ; BSR set to: 0
  1722                           ;C:\Program Files\Microchip\xc8\v2.36\pic\sources\c99\common\doprnt.c: 622:         flag
      +                          s &= ~(1 << 1);
  1723  001358  93F1               	bcf	_flags& (0+255),1,b
  1724  00135A                     l1507:
  1725                           
  1726                           ; BSR set to: 0
  1727                           ;C:\Program Files\Microchip\xc8\v2.36\pic\sources\c99\common\doprnt.c: 624:     p = (0 <
      +                           prec) ? prec : 1;
  1728  00135A  BFF0               	btfsc	(_prec+1)& (0+255),7,b
  1729  00135C  EFBA  F009         	goto	u920
  1730  001360  51F0               	movf	(_prec+1)& (0+255),w,b
  1731  001362  E106               	bnz	u921
  1732  001364  05EF               	decf	_prec& (0+255),w,b
  1733  001366  B0D8               	btfsc	status,0,c
  1734  001368  EFB8  F009         	goto	u921
  1735  00136C  EFBA  F009         	goto	u920
  1736  001370                     u921:
  1737  001370  EFC0  F009         	goto	l888
  1738  001374                     u920:
  1739  001374                     
  1740                           ; BSR set to: 0
  1741  001374  0E00               	movlw	0
  1742  001376  6E34               	movwf	(utoa@p+1)^0,c
  1743  001378  0E01               	movlw	1
  1744  00137A  6E33               	movwf	utoa@p^0,c
  1745  00137C  EFC4  F009         	goto	l890
  1746  001380                     l888:
  1747                           
  1748                           ; BSR set to: 0
  1749  001380  C0EF  F033         	movff	_prec,utoa@p
  1750  001384  C0F0  F034         	movff	_prec+1,utoa@p+1
  1751  001388                     l890:
  1752                           
  1753                           ; BSR set to: 0
  1754                           ;C:\Program Files\Microchip\xc8\v2.36\pic\sources\c99\common\doprnt.c: 625:     w = widt
      +                          h;
  1755  001388  C0ED  F035         	movff	_width,utoa@w
  1756  00138C  C0EE  F036         	movff	_width+1,utoa@w+1
  1757                           
  1758                           ;C:\Program Files\Microchip\xc8\v2.36\pic\sources\c99\common\doprnt.c: 628:     n = d;
  1759  001390  C023  F037         	movff	utoa@d,utoa@n
  1760  001394  C024  F038         	movff	utoa@d+1,utoa@n+1
  1761  001398  C025  F039         	movff	utoa@d+2,utoa@n+2
  1762  00139C  C026  F03A         	movff	utoa@d+3,utoa@n+3
  1763  0013A0  C027  F03B         	movff	utoa@d+4,utoa@n+4
  1764  0013A4  C028  F03C         	movff	utoa@d+5,utoa@n+5
  1765  0013A8  C029  F03D         	movff	utoa@d+6,utoa@n+6
  1766  0013AC  C02A  F03E         	movff	utoa@d+7,utoa@n+7
  1767  0013B0                     
  1768                           ; BSR set to: 0
  1769                           ;C:\Program Files\Microchip\xc8\v2.36\pic\sources\c99\common\doprnt.c: 629:     i = size
      +                          of(dbuf) - 1;
  1770  0013B0  0E00               	movlw	0
  1771  0013B2  6E40               	movwf	(utoa@i+1)^0,c
  1772  0013B4  0E1F               	movlw	31
  1773  0013B6  6E3F               	movwf	utoa@i^0,c
  1774  0013B8                     
  1775                           ; BSR set to: 0
  1776                           ;C:\Program Files\Microchip\xc8\v2.36\pic\sources\c99\common\doprnt.c: 630:     dbuf[i] 
      +                          = '\0';
  1777  0013B8  0E00               	movlw	0
  1778  0013BA  0101               	movlb	1	; () banked
  1779  0013BC  6F1F               	movwf	(_dbuf+31)& (0+255),b
  1780                           
  1781                           ;C:\Program Files\Microchip\xc8\v2.36\pic\sources\c99\common\doprnt.c: 631:     while (i
      +                           && (n || (0 < p) || ((0 < w) && (flags & (1 << 1))))) {
  1782  0013BE  EF57  F00A         	goto	l1525
  1783  0013C2                     l1515:
  1784                           
  1785                           ;C:\Program Files\Microchip\xc8\v2.36\pic\sources\c99\common\doprnt.c: 632:         --i;
  1786  0013C2  063F               	decf	utoa@i^0,f,c
  1787  0013C4  A0D8               	btfss	status,0,c
  1788  0013C6  0640               	decf	(utoa@i+1)^0,f,c
  1789  0013C8                     
  1790                           ;C:\Program Files\Microchip\xc8\v2.36\pic\sources\c99\common\doprnt.c: 633:         dbuf
      +                          [i] = '0' + (n % 10);
  1791  0013C8  0E00               	movlw	low _dbuf
  1792  0013CA  243F               	addwf	utoa@i^0,w,c
  1793  0013CC  6ED9               	movwf	fsr2l,c
  1794  0013CE  0E01               	movlw	high _dbuf
  1795  0013D0  2040               	addwfc	(utoa@i+1)^0,w,c
  1796  0013D2  6EDA               	movwf	fsr2h,c
  1797  0013D4  C037  F006         	movff	utoa@n,___lomod@dividend
  1798  0013D8  C038  F007         	movff	utoa@n+1,___lomod@dividend+1
  1799  0013DC  C039  F008         	movff	utoa@n+2,___lomod@dividend+2
  1800  0013E0  C03A  F009         	movff	utoa@n+3,___lomod@dividend+3
  1801  0013E4  C03B  F00A         	movff	utoa@n+4,___lomod@dividend+4
  1802  0013E8  C03C  F00B         	movff	utoa@n+5,___lomod@dividend+5
  1803  0013EC  C03D  F00C         	movff	utoa@n+6,___lomod@dividend+6
  1804  0013F0  C03E  F00D         	movff	utoa@n+7,___lomod@dividend+7
  1805  0013F4  0E0A               	movlw	10
  1806  0013F6  6E0E               	movwf	___lomod@divisor^0,c
  1807  0013F8  0E00               	movlw	0
  1808  0013FA  6E0F               	movwf	(___lomod@divisor+1)^0,c
  1809  0013FC  0E00               	movlw	0
  1810  0013FE  6E10               	movwf	(___lomod@divisor+2)^0,c
  1811  001400  0E00               	movlw	0
  1812  001402  6E11               	movwf	(___lomod@divisor+3)^0,c
  1813  001404  0E00               	movlw	0
  1814  001406  6E12               	movwf	(___lomod@divisor+4)^0,c
  1815  001408  0E00               	movlw	0
  1816  00140A  6E13               	movwf	(___lomod@divisor+5)^0,c
  1817  00140C  0E00               	movlw	0
  1818  00140E  6E14               	movwf	(___lomod@divisor+6)^0,c
  1819  001410  0E00               	movlw	0
  1820  001412  6E15               	movwf	(___lomod@divisor+7)^0,c
  1821  001414  EC54  F00C         	call	___lomod	;wreg free
  1822  001418  C006  F02B         	movff	?___lomod,??_utoa
  1823  00141C  C007  F02C         	movff	?___lomod+1,??_utoa+1
  1824  001420  C008  F02D         	movff	?___lomod+2,??_utoa+2
  1825  001424  C009  F02E         	movff	?___lomod+3,??_utoa+3
  1826  001428  C00A  F02F         	movff	?___lomod+4,??_utoa+4
  1827  00142C  C00B  F030         	movff	?___lomod+5,??_utoa+5
  1828  001430  C00C  F031         	movff	?___lomod+6,??_utoa+6
  1829  001434  C00D  F032         	movff	?___lomod+7,??_utoa+7
  1830  001438  502B               	movf	??_utoa^0,w,c
  1831  00143A  0F30               	addlw	48
  1832  00143C  6EDF               	movwf	indf2,c
  1833  00143E                     
  1834                           ;C:\Program Files\Microchip\xc8\v2.36\pic\sources\c99\common\doprnt.c: 634:         --p;
  1835  00143E  0633               	decf	utoa@p^0,f,c
  1836  001440  A0D8               	btfss	status,0,c
  1837  001442  0634               	decf	(utoa@p+1)^0,f,c
  1838  001444                     
  1839                           ;C:\Program Files\Microchip\xc8\v2.36\pic\sources\c99\common\doprnt.c: 635:         --w;
  1840  001444  0635               	decf	utoa@w^0,f,c
  1841  001446  A0D8               	btfss	status,0,c
  1842  001448  0636               	decf	(utoa@w+1)^0,f,c
  1843  00144A                     
  1844                           ;C:\Program Files\Microchip\xc8\v2.36\pic\sources\c99\common\doprnt.c: 636:         n = 
      +                          n / 10;
  1845  00144A  C037  F006         	movff	utoa@n,___lodiv@dividend
  1846  00144E  C038  F007         	movff	utoa@n+1,___lodiv@dividend+1
  1847  001452  C039  F008         	movff	utoa@n+2,___lodiv@dividend+2
  1848  001456  C03A  F009         	movff	utoa@n+3,___lodiv@dividend+3
  1849  00145A  C03B  F00A         	movff	utoa@n+4,___lodiv@dividend+4
  1850  00145E  C03C  F00B         	movff	utoa@n+5,___lodiv@dividend+5
  1851  001462  C03D  F00C         	movff	utoa@n+6,___lodiv@dividend+6
  1852  001466  C03E  F00D         	movff	utoa@n+7,___lodiv@dividend+7
  1853  00146A  0E0A               	movlw	10
  1854  00146C  6E0E               	movwf	___lodiv@divisor^0,c
  1855  00146E  0E00               	movlw	0
  1856  001470  6E0F               	movwf	(___lodiv@divisor+1)^0,c
  1857  001472  0E00               	movlw	0
  1858  001474  6E10               	movwf	(___lodiv@divisor+2)^0,c
  1859  001476  0E00               	movlw	0
  1860  001478  6E11               	movwf	(___lodiv@divisor+3)^0,c
  1861  00147A  0E00               	movlw	0
  1862  00147C  6E12               	movwf	(___lodiv@divisor+4)^0,c
  1863  00147E  0E00               	movlw	0
  1864  001480  6E13               	movwf	(___lodiv@divisor+5)^0,c
  1865  001482  0E00               	movlw	0
  1866  001484  6E14               	movwf	(___lodiv@divisor+6)^0,c
  1867  001486  0E00               	movlw	0
  1868  001488  6E15               	movwf	(___lodiv@divisor+7)^0,c
  1869  00148A  EC6F  F00B         	call	___lodiv	;wreg free
  1870  00148E  C006  F037         	movff	?___lodiv,utoa@n
  1871  001492  C007  F038         	movff	?___lodiv+1,utoa@n+1
  1872  001496  C008  F039         	movff	?___lodiv+2,utoa@n+2
  1873  00149A  C009  F03A         	movff	?___lodiv+3,utoa@n+3
  1874  00149E  C00A  F03B         	movff	?___lodiv+4,utoa@n+4
  1875  0014A2  C00B  F03C         	movff	?___lodiv+5,utoa@n+5
  1876  0014A6  C00C  F03D         	movff	?___lodiv+6,utoa@n+6
  1877  0014AA  C00D  F03E         	movff	?___lodiv+7,utoa@n+7
  1878  0014AE                     l1525:
  1879                           
  1880                           ;C:\Program Files\Microchip\xc8\v2.36\pic\sources\c99\common\doprnt.c: 631:     while (i
      +                           && (n || (0 < p) || ((0 < w) && (flags & (1 << 1))))) {
  1881  0014AE  503F               	movf	utoa@i^0,w,c
  1882  0014B0  1040               	iorwf	(utoa@i+1)^0,w,c
  1883  0014B2  B4D8               	btfsc	status,2,c
  1884  0014B4  EF5E  F00A         	goto	u931
  1885  0014B8  EF60  F00A         	goto	u930
  1886  0014BC                     u931:
  1887  0014BC  EF91  F00A         	goto	l1535
  1888  0014C0                     u930:
  1889  0014C0  5037               	movf	utoa@n^0,w,c
  1890  0014C2  1038               	iorwf	(utoa@n+1)^0,w,c
  1891  0014C4  1039               	iorwf	(utoa@n+2)^0,w,c
  1892  0014C6  103A               	iorwf	(utoa@n+3)^0,w,c
  1893  0014C8  103B               	iorwf	(utoa@n+4)^0,w,c
  1894  0014CA  103C               	iorwf	(utoa@n+5)^0,w,c
  1895  0014CC  103D               	iorwf	(utoa@n+6)^0,w,c
  1896  0014CE  103E               	iorwf	(utoa@n+7)^0,w,c
  1897  0014D0  A4D8               	btfss	status,2,c
  1898  0014D2  EF6D  F00A         	goto	u941
  1899  0014D6  EF6F  F00A         	goto	u940
  1900  0014DA                     u941:
  1901  0014DA  EFE1  F009         	goto	l1515
  1902  0014DE                     u940:
  1903  0014DE  BE34               	btfsc	(utoa@p+1)^0,7,c
  1904  0014E0  EF7C  F00A         	goto	u950
  1905  0014E4  5034               	movf	(utoa@p+1)^0,w,c
  1906  0014E6  E106               	bnz	u951
  1907  0014E8  0433               	decf	utoa@p^0,w,c
  1908  0014EA  B0D8               	btfsc	status,0,c
  1909  0014EC  EF7A  F00A         	goto	u951
  1910  0014F0  EF7C  F00A         	goto	u950
  1911  0014F4                     u951:
  1912  0014F4  EFE1  F009         	goto	l1515
  1913  0014F8                     u950:
  1914  0014F8  BE36               	btfsc	(utoa@w+1)^0,7,c
  1915  0014FA  EF87  F00A         	goto	u961
  1916  0014FE  5036               	movf	(utoa@w+1)^0,w,c
  1917  001500  E108               	bnz	u960
  1918  001502  0435               	decf	utoa@w^0,w,c
  1919  001504  A0D8               	btfss	status,0,c
  1920  001506  EF87  F00A         	goto	u961
  1921  00150A  EF89  F00A         	goto	u960
  1922  00150E                     u961:
  1923  00150E  EF91  F00A         	goto	l1535
  1924  001512                     u960:
  1925  001512  0100               	movlb	0	; () banked
  1926  001514  B3F1               	btfsc	_flags& (0+255),1,b
  1927  001516  EF8F  F00A         	goto	u971
  1928  00151A  EF91  F00A         	goto	u970
  1929  00151E                     u971:
  1930  00151E  EFE1  F009         	goto	l1515
  1931  001522                     u970:
  1932  001522                     l1535:
  1933                           
  1934                           ;C:\Program Files\Microchip\xc8\v2.36\pic\sources\c99\common\doprnt.c: 640:     return p
      +                          ad(fp, &dbuf[i], w);
  1935  001522  C021  F016         	movff	utoa@fp,pad@fp
  1936  001526  C022  F017         	movff	utoa@fp+1,pad@fp+1
  1937  00152A  0E00               	movlw	low _dbuf
  1938  00152C  243F               	addwf	utoa@i^0,w,c
  1939  00152E  6E18               	movwf	pad@buf^0,c
  1940  001530  0E01               	movlw	high _dbuf
  1941  001532  2040               	addwfc	(utoa@i+1)^0,w,c
  1942  001534  6E19               	movwf	(pad@buf+1)^0,c
  1943  001536  C035  F01A         	movff	utoa@w,pad@p
  1944  00153A  C036  F01B         	movff	utoa@w+1,pad@p+1
  1945  00153E  EC21  F00D         	call	_pad	;wreg free
  1946  001542  C016  F021         	movff	?_pad,?_utoa
  1947  001546  C017  F022         	movff	?_pad+1,?_utoa+1
  1948  00154A  0012               	return		;funcret
  1949  00154C                     __end_of_utoa:
  1950                           	callstack 0
  1951                           
  1952 ;; *************** function _pad *****************
  1953 ;; Defined at:
  1954 ;;		line 72 in file "C:\Program Files\Microchip\xc8\v2.36\pic\sources\c99\common\doprnt.c"
  1955 ;; Parameters:    Size  Location     Type
  1956 ;;  fp              2   21[COMRAM] PTR struct _IO_FILE
  1957 ;;		 -> sprintf@f(11), 
  1958 ;;  buf             2   23[COMRAM] PTR unsigned char 
  1959 ;;		 -> dbuf(32), 
  1960 ;;  p               2   25[COMRAM] int 
  1961 ;; Auto vars:     Size  Location     Type
  1962 ;;  w               2   30[COMRAM] int 
  1963 ;;  i               2   28[COMRAM] int 
  1964 ;; Return value:  Size  Location     Type
  1965 ;;                  2   21[COMRAM] int 
  1966 ;; Registers used:
  1967 ;;		wreg, fsr1l, fsr1h, fsr2l, fsr2h, status,2, status,0, cstack
  1968 ;; Tracked objects:
  1969 ;;		On entry : 0/0
  1970 ;;		On exit  : 0/0
  1971 ;;		Unchanged: 0/0
  1972 ;; Data sizes:     COMRAM   BANK0   BANK1   BANK2   BANK3   BANK4   BANK5   BANK6   BANK7   BANK8   BANK9  BANK10  BANK1
      +1  BANK12  BANK13  BANK14  BANK15
  1973 ;;      Params:         6       0       0       0       0       0       0       0       0       0       0       0       
      +0       0       0       0       0
  1974 ;;      Locals:         4       0       0       0       0       0       0       0       0       0       0       0       
      +0       0       0       0       0
  1975 ;;      Temps:          1       0       0       0       0       0       0       0       0       0       0       0       
      +0       0       0       0       0
  1976 ;;      Totals:        11       0       0       0       0       0       0       0       0       0       0       0       
      +0       0       0       0       0
  1977 ;;Total ram usage:       11 bytes
  1978 ;; Hardware stack levels used: 1
  1979 ;; Hardware stack levels required when called: 5
  1980 ;; This function calls:
  1981 ;;		_fputc
  1982 ;;		_fputs
  1983 ;;		_strlen
  1984 ;; This function is called by:
  1985 ;;		_utoa
  1986 ;; This function uses a non-reentrant model
  1987 ;;
  1988                           
  1989                           	psect	text5
  1990  001A42                     __ptext5:
  1991                           	callstack 0
  1992  001A42                     _pad:
  1993                           	callstack 21
  1994  001A42                     
  1995                           ;C:\Program Files\Microchip\xc8\v2.36\pic\sources\c99\common\doprnt.c: 72: static int pa
      +                          d(FILE *fp, char *buf, int p);C:\Program Files\Microchip\xc8\v2.36\pic\sources\c99\commo
      +                          n\doprnt.c: 73: {;C:\Program Files\Microchip\xc8\v2.36\pic\sources\c99\common\doprnt.c: 
      +                          74:     int i, w;;C:\Program Files\Microchip\xc8\v2.36\pic\sources\c99\common\doprnt.c: 
      +                          77:     if (flags & (1 << 0)) {
  1996  001A42  0100               	movlb	0	; () banked
  1997  001A44  A1F1               	btfss	_flags& (0+255),0,b
  1998  001A46  EF27  F00D         	goto	u871
  1999  001A4A  EF29  F00D         	goto	u870
  2000  001A4E                     u871:
  2001  001A4E  EF33  F00D         	goto	l1485
  2002  001A52                     u870:
  2003  001A52                     
  2004                           ; BSR set to: 0
  2005                           ;C:\Program Files\Microchip\xc8\v2.36\pic\sources\c99\common\doprnt.c: 78:         fputs
      +                          ((const char *)buf, fp);
  2006  001A52  C018  F00F         	movff	pad@buf,fputs@s
  2007  001A56  C019  F010         	movff	pad@buf+1,fputs@s+1
  2008  001A5A  C016  F011         	movff	pad@fp,fputs@fp
  2009  001A5E  C017  F012         	movff	pad@fp+1,fputs@fp+1
  2010  001A62  EC48  F00F         	call	_fputs	;wreg free
  2011  001A66                     l1485:
  2012                           
  2013                           ;C:\Program Files\Microchip\xc8\v2.36\pic\sources\c99\common\doprnt.c: 82:     w = (p < 
      +                          0) ? 0 : p;
  2014  001A66  BE1B               	btfsc	(pad@p+1)^0,7,c
  2015  001A68  EF38  F00D         	goto	u881
  2016  001A6C  EF3A  F00D         	goto	u880
  2017  001A70                     u881:
  2018  001A70  EF40  F00D         	goto	l1489
  2019  001A74                     u880:
  2020  001A74  C01A  F01F         	movff	pad@p,pad@w
  2021  001A78  C01B  F020         	movff	pad@p+1,pad@w+1
  2022  001A7C  EF44  F00D         	goto	l878
  2023  001A80                     l1489:
  2024  001A80  0E00               	movlw	0
  2025  001A82  6E20               	movwf	(pad@w+1)^0,c
  2026  001A84  0E00               	movlw	0
  2027  001A86  6E1F               	movwf	pad@w^0,c
  2028  001A88                     l878:
  2029                           
  2030                           ;C:\Program Files\Microchip\xc8\v2.36\pic\sources\c99\common\doprnt.c: 83:     i = 0;
  2031  001A88  0E00               	movlw	0
  2032  001A8A  6E1E               	movwf	(pad@i+1)^0,c
  2033  001A8C  0E00               	movlw	0
  2034  001A8E  6E1D               	movwf	pad@i^0,c
  2035                           
  2036                           ;C:\Program Files\Microchip\xc8\v2.36\pic\sources\c99\common\doprnt.c: 84:     while (i 
      +                          < w) {
  2037  001A90  EF56  F00D         	goto	l1495
  2038  001A94                     l1491:
  2039                           
  2040                           ;C:\Program Files\Microchip\xc8\v2.36\pic\sources\c99\common\doprnt.c: 85:         fputc
      +                          (' ', fp);
  2041  001A94  0E00               	movlw	0
  2042  001A96  6E07               	movwf	(fputc@c+1)^0,c
  2043  001A98  0E20               	movlw	32
  2044  001A9A  6E06               	movwf	fputc@c^0,c
  2045  001A9C  C016  F008         	movff	pad@fp,fputc@fp
  2046  001AA0  C017  F009         	movff	pad@fp+1,fputc@fp+1
  2047  001AA4  ECBC  F00C         	call	_fputc	;wreg free
  2048  001AA8                     
  2049                           ;C:\Program Files\Microchip\xc8\v2.36\pic\sources\c99\common\doprnt.c: 86:         ++i;
  2050  001AA8  4A1D               	infsnz	pad@i^0,f,c
  2051  001AAA  2A1E               	incf	(pad@i+1)^0,f,c
  2052  001AAC                     l1495:
  2053                           
  2054                           ;C:\Program Files\Microchip\xc8\v2.36\pic\sources\c99\common\doprnt.c: 84:     while (i 
      +                          < w) {
  2055  001AAC  501F               	movf	pad@w^0,w,c
  2056  001AAE  5C1D               	subwf	pad@i^0,w,c
  2057  001AB0  501E               	movf	(pad@i+1)^0,w,c
  2058  001AB2  0A80               	xorlw	128
  2059  001AB4  6E1C               	movwf	??_pad^0,c
  2060  001AB6  5020               	movf	(pad@w+1)^0,w,c
  2061  001AB8  0A80               	xorlw	128
  2062  001ABA  581C               	subwfb	??_pad^0,w,c
  2063  001ABC  A0D8               	btfss	status,0,c
  2064  001ABE  EF63  F00D         	goto	u891
  2065  001AC2  EF65  F00D         	goto	u890
  2066  001AC6                     u891:
  2067  001AC6  EF4A  F00D         	goto	l1491
  2068  001ACA                     u890:
  2069  001ACA                     
  2070                           ;C:\Program Files\Microchip\xc8\v2.36\pic\sources\c99\common\doprnt.c: 90:     if (!(fla
      +                          gs & (1 << 0))) {
  2071  001ACA  0100               	movlb	0	; () banked
  2072  001ACC  B1F1               	btfsc	_flags& (0+255),0,b
  2073  001ACE  EF6B  F00D         	goto	u901
  2074  001AD2  EF6D  F00D         	goto	u900
  2075  001AD6                     u901:
  2076  001AD6  EF77  F00D         	goto	l1499
  2077  001ADA                     u900:
  2078  001ADA                     
  2079                           ; BSR set to: 0
  2080                           ;C:\Program Files\Microchip\xc8\v2.36\pic\sources\c99\common\doprnt.c: 91:         fputs
      +                          ((const char *)buf, fp);
  2081  001ADA  C018  F00F         	movff	pad@buf,fputs@s
  2082  001ADE  C019  F010         	movff	pad@buf+1,fputs@s+1
  2083  001AE2  C016  F011         	movff	pad@fp,fputs@fp
  2084  001AE6  C017  F012         	movff	pad@fp+1,fputs@fp+1
  2085  001AEA  EC48  F00F         	call	_fputs	;wreg free
  2086  001AEE                     l1499:
  2087                           
  2088                           ;C:\Program Files\Microchip\xc8\v2.36\pic\sources\c99\common\doprnt.c: 94:     return (i
      +                          nt)(strlen(buf) + (size_t)w);
  2089  001AEE  C018  F006         	movff	pad@buf,strlen@s
  2090  001AF2  C019  F007         	movff	pad@buf+1,strlen@s+1
  2091  001AF6  EC6A  F00F         	call	_strlen	;wreg free
  2092  001AFA  501F               	movf	pad@w^0,w,c
  2093  001AFC  2406               	addwf	?_strlen^0,w,c
  2094  001AFE  6E16               	movwf	?_pad^0,c
  2095  001B00  5020               	movf	(pad@w+1)^0,w,c
  2096  001B02  2007               	addwfc	(?_strlen+1)^0,w,c
  2097  001B04  6E17               	movwf	(?_pad+1)^0,c
  2098  001B06  0012               	return		;funcret
  2099  001B08                     __end_of_pad:
  2100                           	callstack 0
  2101                           
  2102 ;; *************** function _strlen *****************
  2103 ;; Defined at:
  2104 ;;		line 5 in file "C:\Program Files\Microchip\xc8\v2.36\pic\sources\c99\common\strlen.c"
  2105 ;; Parameters:    Size  Location     Type
  2106 ;;  s               2    5[COMRAM] PTR const unsigned char 
  2107 ;;		 -> dbuf(32), 
  2108 ;; Auto vars:     Size  Location     Type
  2109 ;;  a               2    7[COMRAM] PTR const unsigned char 
  2110 ;;		 -> dbuf(32), 
  2111 ;; Return value:  Size  Location     Type
  2112 ;;                  2    5[COMRAM] unsigned int 
  2113 ;; Registers used:
  2114 ;;		wreg, fsr2l, fsr2h, status,2, status,0
  2115 ;; Tracked objects:
  2116 ;;		On entry : 0/0
  2117 ;;		On exit  : 0/0
  2118 ;;		Unchanged: 0/0
  2119 ;; Data sizes:     COMRAM   BANK0   BANK1   BANK2   BANK3   BANK4   BANK5   BANK6   BANK7   BANK8   BANK9  BANK10  BANK1
      +1  BANK12  BANK13  BANK14  BANK15
  2120 ;;      Params:         2       0       0       0       0       0       0       0       0       0       0       0       
      +0       0       0       0       0
  2121 ;;      Locals:         2       0       0       0       0       0       0       0       0       0       0       0       
      +0       0       0       0       0
  2122 ;;      Temps:          0       0       0       0       0       0       0       0       0       0       0       0       
      +0       0       0       0       0
  2123 ;;      Totals:         4       0       0       0       0       0       0       0       0       0       0       0       
      +0       0       0       0       0
  2124 ;;Total ram usage:        4 bytes
  2125 ;; Hardware stack levels used: 1
  2126 ;; Hardware stack levels required when called: 2
  2127 ;; This function calls:
  2128 ;;		Nothing
  2129 ;; This function is called by:
  2130 ;;		_pad
  2131 ;; This function uses a non-reentrant model
  2132 ;;
  2133                           
  2134                           	psect	text6
  2135  001ED4                     __ptext6:
  2136                           	callstack 0
  2137  001ED4                     _strlen:
  2138                           	callstack 23
  2139  001ED4  C006  F008         	movff	strlen@s,strlen@a
  2140  001ED8  C007  F009         	movff	strlen@s+1,strlen@a+1
  2141  001EDC  EF72  F00F         	goto	l1437
  2142  001EE0                     l1435:
  2143  001EE0  4A06               	infsnz	strlen@s^0,f,c
  2144  001EE2  2A07               	incf	(strlen@s+1)^0,f,c
  2145  001EE4                     l1437:
  2146  001EE4  C006  FFD9         	movff	strlen@s,fsr2l
  2147  001EE8  C007  FFDA         	movff	strlen@s+1,fsr2h
  2148  001EEC  50DF               	movf	indf2,w,c
  2149  001EEE  A4D8               	btfss	status,2,c
  2150  001EF0  EF7C  F00F         	goto	u791
  2151  001EF4  EF7E  F00F         	goto	u790
  2152  001EF8                     u791:
  2153  001EF8  EF70  F00F         	goto	l1435
  2154  001EFC                     u790:
  2155  001EFC  5008               	movf	strlen@a^0,w,c
  2156  001EFE  5C06               	subwf	strlen@s^0,w,c
  2157  001F00  6E06               	movwf	?_strlen^0,c
  2158  001F02  5009               	movf	(strlen@a+1)^0,w,c
  2159  001F04  5807               	subwfb	(strlen@s+1)^0,w,c
  2160  001F06  6E07               	movwf	(?_strlen+1)^0,c
  2161  001F08  0012               	return		;funcret
  2162  001F0A                     __end_of_strlen:
  2163                           	callstack 0
  2164                           
  2165 ;; *************** function _fputs *****************
  2166 ;; Defined at:
  2167 ;;		line 8 in file "C:\Program Files\Microchip\xc8\v2.36\pic\sources\c99\common\nf_fputs.c"
  2168 ;; Parameters:    Size  Location     Type
  2169 ;;  s               2   14[COMRAM] PTR const unsigned char 
  2170 ;;		 -> dbuf(32), 
  2171 ;;  fp              2   16[COMRAM] PTR struct _IO_FILE
  2172 ;;		 -> sprintf@f(11), 
  2173 ;; Auto vars:     Size  Location     Type
  2174 ;;  i               2   19[COMRAM] int 
  2175 ;;  c               1   18[COMRAM] unsigned char 
  2176 ;; Return value:  Size  Location     Type
  2177 ;;                  2   14[COMRAM] int 
  2178 ;; Registers used:
  2179 ;;		wreg, fsr1l, fsr1h, fsr2l, fsr2h, status,2, status,0, cstack
  2180 ;; Tracked objects:
  2181 ;;		On entry : 0/0
  2182 ;;		On exit  : 0/0
  2183 ;;		Unchanged: 0/0
  2184 ;; Data sizes:     COMRAM   BANK0   BANK1   BANK2   BANK3   BANK4   BANK5   BANK6   BANK7   BANK8   BANK9  BANK10  BANK1
      +1  BANK12  BANK13  BANK14  BANK15
  2185 ;;      Params:         4       0       0       0       0       0       0       0       0       0       0       0       
      +0       0       0       0       0
  2186 ;;      Locals:         3       0       0       0       0       0       0       0       0       0       0       0       
      +0       0       0       0       0
  2187 ;;      Temps:          0       0       0       0       0       0       0       0       0       0       0       0       
      +0       0       0       0       0
  2188 ;;      Totals:         7       0       0       0       0       0       0       0       0       0       0       0       
      +0       0       0       0       0
  2189 ;;Total ram usage:        7 bytes
  2190 ;; Hardware stack levels used: 1
  2191 ;; Hardware stack levels required when called: 4
  2192 ;; This function calls:
  2193 ;;		_fputc
  2194 ;; This function is called by:
  2195 ;;		_pad
  2196 ;; This function uses a non-reentrant model
  2197 ;;
  2198                           
  2199                           	psect	text7
  2200  001E90                     __ptext7:
  2201                           	callstack 0
  2202  001E90                     _fputs:
  2203                           	callstack 21
  2204  001E90  0E00               	movlw	0
  2205  001E92  6E15               	movwf	(fputs@i+1)^0,c
  2206  001E94  0E00               	movlw	0
  2207  001E96  6E14               	movwf	fputs@i^0,c
  2208  001E98  EF59  F00F         	goto	l1431
  2209  001E9C                     l1427:
  2210  001E9C  C013  F006         	movff	fputs@c,fputc@c
  2211  001EA0  6A07               	clrf	(fputc@c+1)^0,c
  2212  001EA2  C011  F008         	movff	fputs@fp,fputc@fp
  2213  001EA6  C012  F009         	movff	fputs@fp+1,fputc@fp+1
  2214  001EAA  ECBC  F00C         	call	_fputc	;wreg free
  2215  001EAE  4A14               	infsnz	fputs@i^0,f,c
  2216  001EB0  2A15               	incf	(fputs@i+1)^0,f,c
  2217  001EB2                     l1431:
  2218  001EB2  5014               	movf	fputs@i^0,w,c
  2219  001EB4  240F               	addwf	fputs@s^0,w,c
  2220  001EB6  6ED9               	movwf	fsr2l,c
  2221  001EB8  5015               	movf	(fputs@i+1)^0,w,c
  2222  001EBA  2010               	addwfc	(fputs@s+1)^0,w,c
  2223  001EBC  6EDA               	movwf	fsr2h,c
  2224  001EBE  50DF               	movf	indf2,w,c
  2225  001EC0  6E13               	movwf	fputs@c^0,c
  2226  001EC2  5013               	movf	fputs@c^0,w,c
  2227  001EC4  A4D8               	btfss	status,2,c
  2228  001EC6  EF67  F00F         	goto	u781
  2229  001ECA  EF69  F00F         	goto	u780
  2230  001ECE                     u781:
  2231  001ECE  EF4E  F00F         	goto	l1427
  2232  001ED2                     u780:
  2233  001ED2  0012               	return		;funcret
  2234  001ED4                     __end_of_fputs:
  2235                           	callstack 0
  2236                           
  2237 ;; *************** function _fputc *****************
  2238 ;; Defined at:
  2239 ;;		line 8 in file "C:\Program Files\Microchip\xc8\v2.36\pic\sources\c99\common\nf_fputc.c"
  2240 ;; Parameters:    Size  Location     Type
  2241 ;;  c               2    5[COMRAM] int 
  2242 ;;  fp              2    7[COMRAM] PTR struct _IO_FILE
  2243 ;;		 -> sprintf@f(11), 
  2244 ;; Auto vars:     Size  Location     Type
  2245 ;;		None
  2246 ;; Return value:  Size  Location     Type
  2247 ;;                  2    5[COMRAM] int 
  2248 ;; Registers used:
  2249 ;;		wreg, fsr1l, fsr1h, fsr2l, fsr2h, status,2, status,0, cstack
  2250 ;; Tracked objects:
  2251 ;;		On entry : 0/0
  2252 ;;		On exit  : 0/0
  2253 ;;		Unchanged: 0/0
  2254 ;; Data sizes:     COMRAM   BANK0   BANK1   BANK2   BANK3   BANK4   BANK5   BANK6   BANK7   BANK8   BANK9  BANK10  BANK1
      +1  BANK12  BANK13  BANK14  BANK15
  2255 ;;      Params:         4       0       0       0       0       0       0       0       0       0       0       0       
      +0       0       0       0       0
  2256 ;;      Locals:         0       0       0       0       0       0       0       0       0       0       0       0       
      +0       0       0       0       0
  2257 ;;      Temps:          5       0       0       0       0       0       0       0       0       0       0       0       
      +0       0       0       0       0
  2258 ;;      Totals:         9       0       0       0       0       0       0       0       0       0       0       0       
      +0       0       0       0       0
  2259 ;;Total ram usage:        9 bytes
  2260 ;; Hardware stack levels used: 1
  2261 ;; Hardware stack levels required when called: 3
  2262 ;; This function calls:
  2263 ;;		_putch
  2264 ;; This function is called by:
  2265 ;;		_pad
  2266 ;;		_vfpfcnvrt
  2267 ;;		_fputs
  2268 ;; This function uses a non-reentrant model
  2269 ;;
  2270                           
  2271                           	psect	text8
  2272  001978                     __ptext8:
  2273                           	callstack 0
  2274  001978                     _fputc:
  2275                           	callstack 21
  2276  001978  5008               	movf	fputc@fp^0,w,c
  2277  00197A  1009               	iorwf	(fputc@fp+1)^0,w,c
  2278  00197C  B4D8               	btfsc	status,2,c
  2279  00197E  EFC3  F00C         	goto	u741
  2280  001982  EFC5  F00C         	goto	u740
  2281  001986                     u741:
  2282  001986  EFCE  F00C         	goto	l1415
  2283  00198A                     u740:
  2284  00198A  5008               	movf	fputc@fp^0,w,c
  2285  00198C  1009               	iorwf	(fputc@fp+1)^0,w,c
  2286  00198E  A4D8               	btfss	status,2,c
  2287  001990  EFCC  F00C         	goto	u751
  2288  001994  EFCE  F00C         	goto	u750
  2289  001998                     u751:
  2290  001998  EFD3  F00C         	goto	l1417
  2291  00199C                     u750:
  2292  00199C                     l1415:
  2293  00199C  5006               	movf	fputc@c^0,w,c
  2294  00199E  EC9A  F00F         	call	_putch
  2295  0019A2  EF20  F00D         	goto	l922
  2296  0019A6                     l1417:
  2297  0019A6  EE20 F009          	lfsr	2,9
  2298  0019AA  5008               	movf	fputc@fp^0,w,c
  2299  0019AC  26D9               	addwf	fsr2l,f,c
  2300  0019AE  5009               	movf	(fputc@fp+1)^0,w,c
  2301  0019B0  22DA               	addwfc	fsr2h,f,c
  2302  0019B2  50DE               	movf	postinc2,w,c
  2303  0019B4  10DE               	iorwf	postinc2,w,c
  2304  0019B6  B4D8               	btfsc	status,2,c
  2305  0019B8  EFE0  F00C         	goto	u761
  2306  0019BC  EFE2  F00C         	goto	u760
  2307  0019C0                     u761:
  2308  0019C0  EFFD  F00C         	goto	l1421
  2309  0019C4                     u760:
  2310  0019C4  EE20 F009          	lfsr	2,9
  2311  0019C8  5008               	movf	fputc@fp^0,w,c
  2312  0019CA  26D9               	addwf	fsr2l,f,c
  2313  0019CC  5009               	movf	(fputc@fp+1)^0,w,c
  2314  0019CE  22DA               	addwfc	fsr2h,f,c
  2315  0019D0  EE10 F003          	lfsr	1,3
  2316  0019D4  5008               	movf	fputc@fp^0,w,c
  2317  0019D6  26E1               	addwf	fsr1l,f,c
  2318  0019D8  5009               	movf	(fputc@fp+1)^0,w,c
  2319  0019DA  22E2               	addwfc	fsr1h,f,c
  2320  0019DC  50DE               	movf	postinc2,w,c
  2321  0019DE  5CE6               	subwf	postinc1,w,c
  2322  0019E0  50E6               	movf	postinc1,w,c
  2323  0019E2  0A80               	xorlw	128
  2324  0019E4  6E0E               	movwf	(??_fputc+4)^0,c
  2325  0019E6  50DE               	movf	postinc2,w,c
  2326  0019E8  0A80               	xorlw	128
  2327  0019EA  580E               	subwfb	(??_fputc+4)^0,w,c
  2328  0019EC  B0D8               	btfsc	status,0,c
  2329  0019EE  EFFB  F00C         	goto	u771
  2330  0019F2  EFFD  F00C         	goto	u770
  2331  0019F6                     u771:
  2332  0019F6  EF20  F00D         	goto	l922
  2333  0019FA                     u770:
  2334  0019FA                     l1421:
  2335  0019FA  EE20 F003          	lfsr	2,3
  2336  0019FE  5008               	movf	fputc@fp^0,w,c
  2337  001A00  26D9               	addwf	fsr2l,f,c
  2338  001A02  5009               	movf	(fputc@fp+1)^0,w,c
  2339  001A04  22DA               	addwfc	fsr2h,f,c
  2340  001A06  CFDE F00A          	movff	postinc2,??_fputc
  2341  001A0A  CFDD F00B          	movff	postdec2,??_fputc+1
  2342  001A0E  C008  FFD9         	movff	fputc@fp,fsr2l
  2343  001A12  C009  FFDA         	movff	fputc@fp+1,fsr2h
  2344  001A16  CFDE F00C          	movff	postinc2,??_fputc+2
  2345  001A1A  CFDD F00D          	movff	postdec2,??_fputc+3
  2346  001A1E  500A               	movf	??_fputc^0,w,c
  2347  001A20  240C               	addwf	(??_fputc+2)^0,w,c
  2348  001A22  6ED9               	movwf	fsr2l,c
  2349  001A24  500B               	movf	(??_fputc+1)^0,w,c
  2350  001A26  200D               	addwfc	(??_fputc+3)^0,w,c
  2351  001A28  6EDA               	movwf	fsr2h,c
  2352  001A2A  C006  FFDF         	movff	fputc@c,indf2
  2353  001A2E  EE20 F003          	lfsr	2,3
  2354  001A32  5008               	movf	fputc@fp^0,w,c
  2355  001A34  26D9               	addwf	fsr2l,f,c
  2356  001A36  5009               	movf	(fputc@fp+1)^0,w,c
  2357  001A38  22DA               	addwfc	fsr2h,f,c
  2358  001A3A  2ADE               	incf	postinc2,f,c
  2359  001A3C  0E00               	movlw	0
  2360  001A3E  22DD               	addwfc	postdec2,f,c
  2361  001A40                     l922:
  2362  001A40  0012               	return		;funcret
  2363  001A42                     __end_of_fputc:
  2364                           	callstack 0
  2365                           
  2366 ;; *************** function _putch *****************
  2367 ;; Defined at:
  2368 ;;		line 7 in file "C:\Program Files\Microchip\xc8\v2.36\pic\sources\c99\common\putch.c"
  2369 ;; Parameters:    Size  Location     Type
  2370 ;;  c               1    wreg     unsigned char 
  2371 ;; Auto vars:     Size  Location     Type
  2372 ;;  c               1    0[COMRAM] unsigned char 
  2373 ;; Return value:  Size  Location     Type
  2374 ;;                  1    wreg      void 
  2375 ;; Registers used:
  2376 ;;		wreg
  2377 ;; Tracked objects:
  2378 ;;		On entry : 0/0
  2379 ;;		On exit  : 0/0
  2380 ;;		Unchanged: 0/0
  2381 ;; Data sizes:     COMRAM   BANK0   BANK1   BANK2   BANK3   BANK4   BANK5   BANK6   BANK7   BANK8   BANK9  BANK10  BANK1
      +1  BANK12  BANK13  BANK14  BANK15
  2382 ;;      Params:         0       0       0       0       0       0       0       0       0       0       0       0       
      +0       0       0       0       0
  2383 ;;      Locals:         0       0       0       0       0       0       0       0       0       0       0       0       
      +0       0       0       0       0
  2384 ;;      Temps:          0       0       0       0       0       0       0       0       0       0       0       0       
      +0       0       0       0       0
  2385 ;;      Totals:         0       0       0       0       0       0       0       0       0       0       0       0       
      +0       0       0       0       0
  2386 ;;Total ram usage:        0 bytes
  2387 ;; Hardware stack levels used: 1
  2388 ;; Hardware stack levels required when called: 2
  2389 ;; This function calls:
  2390 ;;		Nothing
  2391 ;; This function is called by:
  2392 ;;		_fputc
  2393 ;; This function uses a non-reentrant model
  2394 ;;
  2395                           
  2396                           	psect	text9
  2397  001F34                     __ptext9:
  2398                           	callstack 0
  2399  001F34                     _putch:
  2400                           	callstack 21
  2401  001F34  0012               	return		;funcret
  2402  001F36                     __end_of_putch:
  2403                           	callstack 0
  2404                           
  2405 ;; *************** function ___lomod *****************
  2406 ;; Defined at:
  2407 ;;		line 9 in file "C:\Program Files\Microchip\xc8\v2.36\pic\sources\c99\common\lomod.c"
  2408 ;; Parameters:    Size  Location     Type
  2409 ;;  dividend        8    5[COMRAM] unsigned long long 
  2410 ;;  divisor         8   13[COMRAM] unsigned long long 
  2411 ;; Auto vars:     Size  Location     Type
  2412 ;;  counter         1   21[COMRAM] unsigned char 
  2413 ;; Return value:  Size  Location     Type
  2414 ;;                  8    5[COMRAM] unsigned long long 
  2415 ;; Registers used:
  2416 ;;		wreg, status,2, status,0
  2417 ;; Tracked objects:
  2418 ;;		On entry : 0/0
  2419 ;;		On exit  : 0/0
  2420 ;;		Unchanged: 0/0
  2421 ;; Data sizes:     COMRAM   BANK0   BANK1   BANK2   BANK3   BANK4   BANK5   BANK6   BANK7   BANK8   BANK9  BANK10  BANK1
      +1  BANK12  BANK13  BANK14  BANK15
  2422 ;;      Params:        16       0       0       0       0       0       0       0       0       0       0       0       
      +0       0       0       0       0
  2423 ;;      Locals:         1       0       0       0       0       0       0       0       0       0       0       0       
      +0       0       0       0       0
  2424 ;;      Temps:          0       0       0       0       0       0       0       0       0       0       0       0       
      +0       0       0       0       0
  2425 ;;      Totals:        17       0       0       0       0       0       0       0       0       0       0       0       
      +0       0       0       0       0
  2426 ;;Total ram usage:       17 bytes
  2427 ;; Hardware stack levels used: 1
  2428 ;; Hardware stack levels required when called: 2
  2429 ;; This function calls:
  2430 ;;		Nothing
  2431 ;; This function is called by:
  2432 ;;		_utoa
  2433 ;; This function uses a non-reentrant model
  2434 ;;
  2435                           
  2436                           	psect	text10
  2437  0018A8                     __ptext10:
  2438                           	callstack 0
  2439  0018A8                     ___lomod:
  2440                           	callstack 24
  2441  0018A8  500E               	movf	___lomod@divisor^0,w,c
  2442  0018AA  100F               	iorwf	(___lomod@divisor+1)^0,w,c
  2443  0018AC  1010               	iorwf	(___lomod@divisor+2)^0,w,c
  2444  0018AE  1011               	iorwf	(___lomod@divisor+3)^0,w,c
  2445  0018B0  1012               	iorwf	(___lomod@divisor+4)^0,w,c
  2446  0018B2  1013               	iorwf	(___lomod@divisor+5)^0,w,c
  2447  0018B4  1014               	iorwf	(___lomod@divisor+6)^0,w,c
  2448  0018B6  1015               	iorwf	(___lomod@divisor+7)^0,w,c
  2449  0018B8  B4D8               	btfsc	status,2,c
  2450  0018BA  EF61  F00C         	goto	u841
  2451  0018BE  EF63  F00C         	goto	u840
  2452  0018C2                     u841:
  2453  0018C2  EFAB  F00C         	goto	l623
  2454  0018C6                     u840:
  2455  0018C6  0E01               	movlw	1
  2456  0018C8  6E16               	movwf	___lomod@counter^0,c
  2457  0018CA  EF71  F00C         	goto	l1471
  2458  0018CE                     l1469:
  2459  0018CE  90D8               	bcf	status,0,c
  2460  0018D0  360E               	rlcf	___lomod@divisor^0,f,c
  2461  0018D2  360F               	rlcf	(___lomod@divisor+1)^0,f,c
  2462  0018D4  3610               	rlcf	(___lomod@divisor+2)^0,f,c
  2463  0018D6  3611               	rlcf	(___lomod@divisor+3)^0,f,c
  2464  0018D8  3612               	rlcf	(___lomod@divisor+4)^0,f,c
  2465  0018DA  3613               	rlcf	(___lomod@divisor+5)^0,f,c
  2466  0018DC  3614               	rlcf	(___lomod@divisor+6)^0,f,c
  2467  0018DE  3615               	rlcf	(___lomod@divisor+7)^0,f,c
  2468  0018E0  2A16               	incf	___lomod@counter^0,f,c
  2469  0018E2                     l1471:
  2470  0018E2  AE15               	btfss	(___lomod@divisor+7)^0,7,c
  2471  0018E4  EF76  F00C         	goto	u851
  2472  0018E8  EF78  F00C         	goto	u850
  2473  0018EC                     u851:
  2474  0018EC  EF67  F00C         	goto	l1469
  2475  0018F0                     u850:
  2476  0018F0                     l1473:
  2477  0018F0  500E               	movf	___lomod@divisor^0,w,c
  2478  0018F2  5C06               	subwf	___lomod@dividend^0,w,c
  2479  0018F4  500F               	movf	(___lomod@divisor+1)^0,w,c
  2480  0018F6  5807               	subwfb	(___lomod@dividend+1)^0,w,c
  2481  0018F8  5010               	movf	(___lomod@divisor+2)^0,w,c
  2482  0018FA  5808               	subwfb	(___lomod@dividend+2)^0,w,c
  2483  0018FC  5011               	movf	(___lomod@divisor+3)^0,w,c
  2484  0018FE  5809               	subwfb	(___lomod@dividend+3)^0,w,c
  2485  001900  5012               	movf	(___lomod@divisor+4)^0,w,c
  2486  001902  580A               	subwfb	(___lomod@dividend+4)^0,w,c
  2487  001904  5013               	movf	(___lomod@divisor+5)^0,w,c
  2488  001906  580B               	subwfb	(___lomod@dividend+5)^0,w,c
  2489  001908  5014               	movf	(___lomod@divisor+6)^0,w,c
  2490  00190A  580C               	subwfb	(___lomod@dividend+6)^0,w,c
  2491  00190C  5015               	movf	(___lomod@divisor+7)^0,w,c
  2492  00190E  580D               	subwfb	(___lomod@dividend+7)^0,w,c
  2493  001910  A0D8               	btfss	status,0,c
  2494  001912  EF8D  F00C         	goto	u861
  2495  001916  EF8F  F00C         	goto	u860
  2496  00191A                     u861:
  2497  00191A  EF9F  F00C         	goto	l1477
  2498  00191E                     u860:
  2499  00191E  500E               	movf	___lomod@divisor^0,w,c
  2500  001920  5E06               	subwf	___lomod@dividend^0,f,c
  2501  001922  500F               	movf	(___lomod@divisor+1)^0,w,c
  2502  001924  5A07               	subwfb	(___lomod@dividend+1)^0,f,c
  2503  001926  5010               	movf	(___lomod@divisor+2)^0,w,c
  2504  001928  5A08               	subwfb	(___lomod@dividend+2)^0,f,c
  2505  00192A  5011               	movf	(___lomod@divisor+3)^0,w,c
  2506  00192C  5A09               	subwfb	(___lomod@dividend+3)^0,f,c
  2507  00192E  5012               	movf	(___lomod@divisor+4)^0,w,c
  2508  001930  5A0A               	subwfb	(___lomod@dividend+4)^0,f,c
  2509  001932  5013               	movf	(___lomod@divisor+5)^0,w,c
  2510  001934  5A0B               	subwfb	(___lomod@dividend+5)^0,f,c
  2511  001936  5014               	movf	(___lomod@divisor+6)^0,w,c
  2512  001938  5A0C               	subwfb	(___lomod@dividend+6)^0,f,c
  2513  00193A  5015               	movf	(___lomod@divisor+7)^0,w,c
  2514  00193C  5A0D               	subwfb	(___lomod@dividend+7)^0,f,c
  2515  00193E                     l1477:
  2516  00193E  90D8               	bcf	status,0,c
  2517  001940  3215               	rrcf	(___lomod@divisor+7)^0,f,c
  2518  001942  3214               	rrcf	(___lomod@divisor+6)^0,f,c
  2519  001944  3213               	rrcf	(___lomod@divisor+5)^0,f,c
  2520  001946  3212               	rrcf	(___lomod@divisor+4)^0,f,c
  2521  001948  3211               	rrcf	(___lomod@divisor+3)^0,f,c
  2522  00194A  3210               	rrcf	(___lomod@divisor+2)^0,f,c
  2523  00194C  320F               	rrcf	(___lomod@divisor+1)^0,f,c
  2524  00194E  320E               	rrcf	___lomod@divisor^0,f,c
  2525  001950  2E16               	decfsz	___lomod@counter^0,f,c
  2526  001952  EF78  F00C         	goto	l1473
  2527  001956                     l623:
  2528  001956  C006  F006         	movff	___lomod@dividend,?___lomod
  2529  00195A  C007  F007         	movff	___lomod@dividend+1,?___lomod+1
  2530  00195E  C008  F008         	movff	___lomod@dividend+2,?___lomod+2
  2531  001962  C009  F009         	movff	___lomod@dividend+3,?___lomod+3
  2532  001966  C00A  F00A         	movff	___lomod@dividend+4,?___lomod+4
  2533  00196A  C00B  F00B         	movff	___lomod@dividend+5,?___lomod+5
  2534  00196E  C00C  F00C         	movff	___lomod@dividend+6,?___lomod+6
  2535  001972  C00D  F00D         	movff	___lomod@dividend+7,?___lomod+7
  2536  001976  0012               	return		;funcret
  2537  001978                     __end_of___lomod:
  2538                           	callstack 0
  2539                           
  2540 ;; *************** function ___lodiv *****************
  2541 ;; Defined at:
  2542 ;;		line 9 in file "C:\Program Files\Microchip\xc8\v2.36\pic\sources\c99\common\lodiv.c"
  2543 ;; Parameters:    Size  Location     Type
  2544 ;;  dividend        8    5[COMRAM] unsigned long long 
  2545 ;;  divisor         8   13[COMRAM] unsigned long long 
  2546 ;; Auto vars:     Size  Location     Type
  2547 ;;  quotient        8   21[COMRAM] unsigned long long 
  2548 ;;  counter         1   29[COMRAM] unsigned char 
  2549 ;; Return value:  Size  Location     Type
  2550 ;;                  8    5[COMRAM] unsigned long long 
  2551 ;; Registers used:
  2552 ;;		wreg, fsr2l, fsr2h, status,2, status,0
  2553 ;; Tracked objects:
  2554 ;;		On entry : 0/0
  2555 ;;		On exit  : 0/0
  2556 ;;		Unchanged: 0/0
  2557 ;; Data sizes:     COMRAM   BANK0   BANK1   BANK2   BANK3   BANK4   BANK5   BANK6   BANK7   BANK8   BANK9  BANK10  BANK1
      +1  BANK12  BANK13  BANK14  BANK15
  2558 ;;      Params:        16       0       0       0       0       0       0       0       0       0       0       0       
      +0       0       0       0       0
  2559 ;;      Locals:         9       0       0       0       0       0       0       0       0       0       0       0       
      +0       0       0       0       0
  2560 ;;      Temps:          0       0       0       0       0       0       0       0       0       0       0       0       
      +0       0       0       0       0
  2561 ;;      Totals:        25       0       0       0       0       0       0       0       0       0       0       0       
      +0       0       0       0       0
  2562 ;;Total ram usage:       25 bytes
  2563 ;; Hardware stack levels used: 1
  2564 ;; Hardware stack levels required when called: 2
  2565 ;; This function calls:
  2566 ;;		Nothing
  2567 ;; This function is called by:
  2568 ;;		_utoa
  2569 ;; This function uses a non-reentrant model
  2570 ;;
  2571                           
  2572                           	psect	text11
  2573  0016DE                     __ptext11:
  2574                           	callstack 0
  2575  0016DE                     ___lodiv:
  2576                           	callstack 24
  2577  0016DE  EE20  F016         	lfsr	2,___lodiv@quotient
  2578  0016E2  0E07               	movlw	7
  2579  0016E4                     u801:
  2580  0016E4  6ADE               	clrf	postinc2,c
  2581  0016E6  06E8               	decf	wreg,f,c
  2582  0016E8  E2FD               	bc	u801
  2583  0016EA  500E               	movf	___lodiv@divisor^0,w,c
  2584  0016EC  100F               	iorwf	(___lodiv@divisor+1)^0,w,c
  2585  0016EE  1010               	iorwf	(___lodiv@divisor+2)^0,w,c
  2586  0016F0  1011               	iorwf	(___lodiv@divisor+3)^0,w,c
  2587  0016F2  1012               	iorwf	(___lodiv@divisor+4)^0,w,c
  2588  0016F4  1013               	iorwf	(___lodiv@divisor+5)^0,w,c
  2589  0016F6  1014               	iorwf	(___lodiv@divisor+6)^0,w,c
  2590  0016F8  1015               	iorwf	(___lodiv@divisor+7)^0,w,c
  2591  0016FA  B4D8               	btfsc	status,2,c
  2592  0016FC  EF82  F00B         	goto	u811
  2593  001700  EF84  F00B         	goto	u810
  2594  001704                     u811:
  2595  001704  EFD6  F00B         	goto	l613
  2596  001708                     u810:
  2597  001708  0E01               	movlw	1
  2598  00170A  6E1E               	movwf	___lodiv@counter^0,c
  2599  00170C  EF92  F00B         	goto	l1451
  2600  001710                     l1449:
  2601  001710  90D8               	bcf	status,0,c
  2602  001712  360E               	rlcf	___lodiv@divisor^0,f,c
  2603  001714  360F               	rlcf	(___lodiv@divisor+1)^0,f,c
  2604  001716  3610               	rlcf	(___lodiv@divisor+2)^0,f,c
  2605  001718  3611               	rlcf	(___lodiv@divisor+3)^0,f,c
  2606  00171A  3612               	rlcf	(___lodiv@divisor+4)^0,f,c
  2607  00171C  3613               	rlcf	(___lodiv@divisor+5)^0,f,c
  2608  00171E  3614               	rlcf	(___lodiv@divisor+6)^0,f,c
  2609  001720  3615               	rlcf	(___lodiv@divisor+7)^0,f,c
  2610  001722  2A1E               	incf	___lodiv@counter^0,f,c
  2611  001724                     l1451:
  2612  001724  AE15               	btfss	(___lodiv@divisor+7)^0,7,c
  2613  001726  EF97  F00B         	goto	u821
  2614  00172A  EF99  F00B         	goto	u820
  2615  00172E                     u821:
  2616  00172E  EF88  F00B         	goto	l1449
  2617  001732                     u820:
  2618  001732                     l1453:
  2619  001732  90D8               	bcf	status,0,c
  2620  001734  3616               	rlcf	___lodiv@quotient^0,f,c
  2621  001736  3617               	rlcf	(___lodiv@quotient+1)^0,f,c
  2622  001738  3618               	rlcf	(___lodiv@quotient+2)^0,f,c
  2623  00173A  3619               	rlcf	(___lodiv@quotient+3)^0,f,c
  2624  00173C  361A               	rlcf	(___lodiv@quotient+4)^0,f,c
  2625  00173E  361B               	rlcf	(___lodiv@quotient+5)^0,f,c
  2626  001740  361C               	rlcf	(___lodiv@quotient+6)^0,f,c
  2627  001742  361D               	rlcf	(___lodiv@quotient+7)^0,f,c
  2628  001744  500E               	movf	___lodiv@divisor^0,w,c
  2629  001746  5C06               	subwf	___lodiv@dividend^0,w,c
  2630  001748  500F               	movf	(___lodiv@divisor+1)^0,w,c
  2631  00174A  5807               	subwfb	(___lodiv@dividend+1)^0,w,c
  2632  00174C  5010               	movf	(___lodiv@divisor+2)^0,w,c
  2633  00174E  5808               	subwfb	(___lodiv@dividend+2)^0,w,c
  2634  001750  5011               	movf	(___lodiv@divisor+3)^0,w,c
  2635  001752  5809               	subwfb	(___lodiv@dividend+3)^0,w,c
  2636  001754  5012               	movf	(___lodiv@divisor+4)^0,w,c
  2637  001756  580A               	subwfb	(___lodiv@dividend+4)^0,w,c
  2638  001758  5013               	movf	(___lodiv@divisor+5)^0,w,c
  2639  00175A  580B               	subwfb	(___lodiv@dividend+5)^0,w,c
  2640  00175C  5014               	movf	(___lodiv@divisor+6)^0,w,c
  2641  00175E  580C               	subwfb	(___lodiv@dividend+6)^0,w,c
  2642  001760  5015               	movf	(___lodiv@divisor+7)^0,w,c
  2643  001762  580D               	subwfb	(___lodiv@dividend+7)^0,w,c
  2644  001764  A0D8               	btfss	status,0,c
  2645  001766  EFB7  F00B         	goto	u831
  2646  00176A  EFB9  F00B         	goto	u830
  2647  00176E                     u831:
  2648  00176E  EFCA  F00B         	goto	l1461
  2649  001772                     u830:
  2650  001772  500E               	movf	___lodiv@divisor^0,w,c
  2651  001774  5E06               	subwf	___lodiv@dividend^0,f,c
  2652  001776  500F               	movf	(___lodiv@divisor+1)^0,w,c
  2653  001778  5A07               	subwfb	(___lodiv@dividend+1)^0,f,c
  2654  00177A  5010               	movf	(___lodiv@divisor+2)^0,w,c
  2655  00177C  5A08               	subwfb	(___lodiv@dividend+2)^0,f,c
  2656  00177E  5011               	movf	(___lodiv@divisor+3)^0,w,c
  2657  001780  5A09               	subwfb	(___lodiv@dividend+3)^0,f,c
  2658  001782  5012               	movf	(___lodiv@divisor+4)^0,w,c
  2659  001784  5A0A               	subwfb	(___lodiv@dividend+4)^0,f,c
  2660  001786  5013               	movf	(___lodiv@divisor+5)^0,w,c
  2661  001788  5A0B               	subwfb	(___lodiv@dividend+5)^0,f,c
  2662  00178A  5014               	movf	(___lodiv@divisor+6)^0,w,c
  2663  00178C  5A0C               	subwfb	(___lodiv@dividend+6)^0,f,c
  2664  00178E  5015               	movf	(___lodiv@divisor+7)^0,w,c
  2665  001790  5A0D               	subwfb	(___lodiv@dividend+7)^0,f,c
  2666  001792  8016               	bsf	___lodiv@quotient^0,0,c
  2667  001794                     l1461:
  2668  001794  90D8               	bcf	status,0,c
  2669  001796  3215               	rrcf	(___lodiv@divisor+7)^0,f,c
  2670  001798  3214               	rrcf	(___lodiv@divisor+6)^0,f,c
  2671  00179A  3213               	rrcf	(___lodiv@divisor+5)^0,f,c
  2672  00179C  3212               	rrcf	(___lodiv@divisor+4)^0,f,c
  2673  00179E  3211               	rrcf	(___lodiv@divisor+3)^0,f,c
  2674  0017A0  3210               	rrcf	(___lodiv@divisor+2)^0,f,c
  2675  0017A2  320F               	rrcf	(___lodiv@divisor+1)^0,f,c
  2676  0017A4  320E               	rrcf	___lodiv@divisor^0,f,c
  2677  0017A6  2E1E               	decfsz	___lodiv@counter^0,f,c
  2678  0017A8  EF99  F00B         	goto	l1453
  2679  0017AC                     l613:
  2680  0017AC  C016  F006         	movff	___lodiv@quotient,?___lodiv
  2681  0017B0  C017  F007         	movff	___lodiv@quotient+1,?___lodiv+1
  2682  0017B4  C018  F008         	movff	___lodiv@quotient+2,?___lodiv+2
  2683  0017B8  C019  F009         	movff	___lodiv@quotient+3,?___lodiv+3
  2684  0017BC  C01A  F00A         	movff	___lodiv@quotient+4,?___lodiv+4
  2685  0017C0  C01B  F00B         	movff	___lodiv@quotient+5,?___lodiv+5
  2686  0017C4  C01C  F00C         	movff	___lodiv@quotient+6,?___lodiv+6
  2687  0017C8  C01D  F00D         	movff	___lodiv@quotient+7,?___lodiv+7
  2688  0017CC  0012               	return		;funcret
  2689  0017CE                     __end_of___lodiv:
  2690                           	callstack 0
  2691                           
  2692 ;; *************** function _rand *****************
  2693 ;; Defined at:
  2694 ;;		line 11 in file "C:\Program Files\Microchip\xc8\v2.36\pic\sources\c99\common\rand.c"
  2695 ;; Parameters:    Size  Location     Type
  2696 ;;		None
  2697 ;; Auto vars:     Size  Location     Type
  2698 ;;		None
  2699 ;; Return value:  Size  Location     Type
  2700 ;;                  2   17[COMRAM] int 
  2701 ;; Registers used:
  2702 ;;		wreg, status,2, status,0, cstack
  2703 ;; Tracked objects:
  2704 ;;		On entry : 0/0
  2705 ;;		On exit  : 0/0
  2706 ;;		Unchanged: 0/0
  2707 ;; Data sizes:     COMRAM   BANK0   BANK1   BANK2   BANK3   BANK4   BANK5   BANK6   BANK7   BANK8   BANK9  BANK10  BANK1
      +1  BANK12  BANK13  BANK14  BANK15
  2708 ;;      Params:         2       0       0       0       0       0       0       0       0       0       0       0       
      +0       0       0       0       0
  2709 ;;      Locals:         0       0       0       0       0       0       0       0       0       0       0       0       
      +0       0       0       0       0
  2710 ;;      Temps:          4       0       0       0       0       0       0       0       0       0       0       0       
      +0       0       0       0       0
  2711 ;;      Totals:         6       0       0       0       0       0       0       0       0       0       0       0       
      +0       0       0       0       0
  2712 ;;Total ram usage:        6 bytes
  2713 ;; Hardware stack levels used: 1
  2714 ;; Hardware stack levels required when called: 3
  2715 ;; This function calls:
  2716 ;;		___lmul
  2717 ;; This function is called by:
  2718 ;;		_main
  2719 ;; This function uses a non-reentrant model
  2720 ;;
  2721                           
  2722                           	psect	text12
  2723  001CBA                     __ptext12:
  2724                           	callstack 0
  2725  001CBA                     _rand:
  2726                           	callstack 27
  2727  001CBA  C0F4  F006         	movff	_seed,___lmul@multiplier
  2728  001CBE  C0F5  F007         	movff	_seed+1,___lmul@multiplier+1
  2729  001CC2  C0F6  F008         	movff	_seed+2,___lmul@multiplier+2
  2730  001CC6  C0F7  F009         	movff	_seed+3,___lmul@multiplier+3
  2731  001CCA  0E2D               	movlw	45
  2732  001CCC  6E0A               	movwf	___lmul@multiplicand^0,c
  2733  001CCE  0E7F               	movlw	127
  2734  001CD0  6E0B               	movwf	(___lmul@multiplicand+1)^0,c
  2735  001CD2  0E95               	movlw	149
  2736  001CD4  6E0C               	movwf	(___lmul@multiplicand+2)^0,c
  2737  001CD6  0E4C               	movlw	76
  2738  001CD8  6E0D               	movwf	(___lmul@multiplicand+3)^0,c
  2739  001CDA  EC94  F00E         	call	___lmul	;wreg free
  2740  001CDE  0E01               	movlw	1
  2741  001CE0  2406               	addwf	?___lmul^0,w,c
  2742  001CE2  0100               	movlb	0	; () banked
  2743  001CE4  6FF4               	movwf	_seed& (0+255),b
  2744  001CE6  0E00               	movlw	0
  2745  001CE8  2007               	addwfc	(?___lmul+1)^0,w,c
  2746  001CEA  6FF5               	movwf	(_seed+1)& (0+255),b
  2747  001CEC  0E00               	movlw	0
  2748  001CEE  2008               	addwfc	(?___lmul+2)^0,w,c
  2749  001CF0  6FF6               	movwf	(_seed+2)& (0+255),b
  2750  001CF2  0E00               	movlw	0
  2751  001CF4  2009               	addwfc	(?___lmul+3)^0,w,c
  2752  001CF6  6FF7               	movwf	(_seed+3)& (0+255),b
  2753  001CF8                     
  2754                           ; BSR set to: 0
  2755  001CF8  C0F4  F014         	movff	_seed,??_rand
  2756  001CFC  C0F5  F015         	movff	_seed+1,??_rand+1
  2757  001D00  C0F6  F016         	movff	_seed+2,??_rand+2
  2758  001D04  C0F7  F017         	movff	_seed+3,??_rand+3
  2759  001D08  0E12               	movlw	18
  2760  001D0A  EF8C  F00E         	goto	u1250
  2761  001D0E                     u1255:
  2762  001D0E  90D8               	bcf	status,0,c
  2763  001D10  3217               	rrcf	(??_rand+3)^0,f,c
  2764  001D12  3216               	rrcf	(??_rand+2)^0,f,c
  2765  001D14  3215               	rrcf	(??_rand+1)^0,f,c
  2766  001D16  3214               	rrcf	??_rand^0,f,c
  2767  001D18                     u1250:
  2768  001D18  2EE8               	decfsz	wreg,f,c
  2769  001D1A  EF87  F00E         	goto	u1255
  2770  001D1E  C014  F012         	movff	??_rand,?_rand
  2771  001D22  C015  F013         	movff	??_rand+1,?_rand+1
  2772  001D26                     
  2773                           ; BSR set to: 0
  2774  001D26  0012               	return		;funcret
  2775  001D28                     __end_of_rand:
  2776                           	callstack 0
  2777                           
  2778 ;; *************** function ___lmul *****************
  2779 ;; Defined at:
  2780 ;;		line 15 in file "C:\Program Files\Microchip\xc8\v2.36\pic\sources\c99\common\Umul32.c"
  2781 ;; Parameters:    Size  Location     Type
  2782 ;;  multiplier      4    5[COMRAM] unsigned long 
  2783 ;;  multiplicand    4    9[COMRAM] unsigned long 
  2784 ;; Auto vars:     Size  Location     Type
  2785 ;;  product         4   13[COMRAM] unsigned long 
  2786 ;; Return value:  Size  Location     Type
  2787 ;;                  4    5[COMRAM] unsigned long 
  2788 ;; Registers used:
  2789 ;;		wreg, status,2, status,0
  2790 ;; Tracked objects:
  2791 ;;		On entry : 0/0
  2792 ;;		On exit  : 0/0
  2793 ;;		Unchanged: 0/0
  2794 ;; Data sizes:     COMRAM   BANK0   BANK1   BANK2   BANK3   BANK4   BANK5   BANK6   BANK7   BANK8   BANK9  BANK10  BANK1
      +1  BANK12  BANK13  BANK14  BANK15
  2795 ;;      Params:         8       0       0       0       0       0       0       0       0       0       0       0       
      +0       0       0       0       0
  2796 ;;      Locals:         4       0       0       0       0       0       0       0       0       0       0       0       
      +0       0       0       0       0
  2797 ;;      Temps:          0       0       0       0       0       0       0       0       0       0       0       0       
      +0       0       0       0       0
  2798 ;;      Totals:        12       0       0       0       0       0       0       0       0       0       0       0       
      +0       0       0       0       0
  2799 ;;Total ram usage:       12 bytes
  2800 ;; Hardware stack levels used: 1
  2801 ;; Hardware stack levels required when called: 2
  2802 ;; This function calls:
  2803 ;;		Nothing
  2804 ;; This function is called by:
  2805 ;;		_rand
  2806 ;; This function uses a non-reentrant model
  2807 ;;
  2808                           
  2809                           	psect	text13
  2810  001D28                     __ptext13:
  2811                           	callstack 0
  2812  001D28                     ___lmul:
  2813                           	callstack 27
  2814  001D28  0E00               	movlw	0
  2815  001D2A  6E0E               	movwf	___lmul@product^0,c
  2816  001D2C  0E00               	movlw	0
  2817  001D2E  6E0F               	movwf	(___lmul@product+1)^0,c
  2818  001D30  0E00               	movlw	0
  2819  001D32  6E10               	movwf	(___lmul@product+2)^0,c
  2820  001D34  0E00               	movlw	0
  2821  001D36  6E11               	movwf	(___lmul@product+3)^0,c
  2822  001D38                     l1583:
  2823  001D38  A006               	btfss	___lmul@multiplier^0,0,c
  2824  001D3A  EFA1  F00E         	goto	u1031
  2825  001D3E  EFA3  F00E         	goto	u1030
  2826  001D42                     u1031:
  2827  001D42  EFAB  F00E         	goto	l1587
  2828  001D46                     u1030:
  2829  001D46  500A               	movf	___lmul@multiplicand^0,w,c
  2830  001D48  260E               	addwf	___lmul@product^0,f,c
  2831  001D4A  500B               	movf	(___lmul@multiplicand+1)^0,w,c
  2832  001D4C  220F               	addwfc	(___lmul@product+1)^0,f,c
  2833  001D4E  500C               	movf	(___lmul@multiplicand+2)^0,w,c
  2834  001D50  2210               	addwfc	(___lmul@product+2)^0,f,c
  2835  001D52  500D               	movf	(___lmul@multiplicand+3)^0,w,c
  2836  001D54  2211               	addwfc	(___lmul@product+3)^0,f,c
  2837  001D56                     l1587:
  2838  001D56  90D8               	bcf	status,0,c
  2839  001D58  360A               	rlcf	___lmul@multiplicand^0,f,c
  2840  001D5A  360B               	rlcf	(___lmul@multiplicand+1)^0,f,c
  2841  001D5C  360C               	rlcf	(___lmul@multiplicand+2)^0,f,c
  2842  001D5E  360D               	rlcf	(___lmul@multiplicand+3)^0,f,c
  2843  001D60  90D8               	bcf	status,0,c
  2844  001D62  3209               	rrcf	(___lmul@multiplier+3)^0,f,c
  2845  001D64  3208               	rrcf	(___lmul@multiplier+2)^0,f,c
  2846  001D66  3207               	rrcf	(___lmul@multiplier+1)^0,f,c
  2847  001D68  3206               	rrcf	___lmul@multiplier^0,f,c
  2848  001D6A  5006               	movf	___lmul@multiplier^0,w,c
  2849  001D6C  1007               	iorwf	(___lmul@multiplier+1)^0,w,c
  2850  001D6E  1008               	iorwf	(___lmul@multiplier+2)^0,w,c
  2851  001D70  1009               	iorwf	(___lmul@multiplier+3)^0,w,c
  2852  001D72  A4D8               	btfss	status,2,c
  2853  001D74  EFBE  F00E         	goto	u1041
  2854  001D78  EFC0  F00E         	goto	u1040
  2855  001D7C                     u1041:
  2856  001D7C  EF9C  F00E         	goto	l1583
  2857  001D80                     u1040:
  2858  001D80  C00E  F006         	movff	___lmul@product,?___lmul
  2859  001D84  C00F  F007         	movff	___lmul@product+1,?___lmul+1
  2860  001D88  C010  F008         	movff	___lmul@product+2,?___lmul+2
  2861  001D8C  C011  F009         	movff	___lmul@product+3,?___lmul+3
  2862  001D90  0012               	return		;funcret
  2863  001D92                     __end_of___lmul:
  2864                           	callstack 0
  2865                           
  2866 ;; *************** function ___awmod *****************
  2867 ;; Defined at:
  2868 ;;		line 7 in file "C:\Program Files\Microchip\xc8\v2.36\pic\sources\c99\common\awmod.c"
  2869 ;; Parameters:    Size  Location     Type
  2870 ;;  dividend        2   23[COMRAM] int 
  2871 ;;  divisor         2   25[COMRAM] int 
  2872 ;; Auto vars:     Size  Location     Type
  2873 ;;  sign            1   28[COMRAM] unsigned char 
  2874 ;;  counter         1   27[COMRAM] unsigned char 
  2875 ;; Return value:  Size  Location     Type
  2876 ;;                  2   23[COMRAM] int 
  2877 ;; Registers used:
  2878 ;;		wreg, status,2, status,0
  2879 ;; Tracked objects:
  2880 ;;		On entry : 0/0
  2881 ;;		On exit  : 0/0
  2882 ;;		Unchanged: 0/0
  2883 ;; Data sizes:     COMRAM   BANK0   BANK1   BANK2   BANK3   BANK4   BANK5   BANK6   BANK7   BANK8   BANK9  BANK10  BANK1
      +1  BANK12  BANK13  BANK14  BANK15
  2884 ;;      Params:         4       0       0       0       0       0       0       0       0       0       0       0       
      +0       0       0       0       0
  2885 ;;      Locals:         2       0       0       0       0       0       0       0       0       0       0       0       
      +0       0       0       0       0
  2886 ;;      Temps:          0       0       0       0       0       0       0       0       0       0       0       0       
      +0       0       0       0       0
  2887 ;;      Totals:         6       0       0       0       0       0       0       0       0       0       0       0       
      +0       0       0       0       0
  2888 ;;Total ram usage:        6 bytes
  2889 ;; Hardware stack levels used: 1
  2890 ;; Hardware stack levels required when called: 2
  2891 ;; This function calls:
  2892 ;;		Nothing
  2893 ;; This function is called by:
  2894 ;;		_main
  2895 ;; This function uses a non-reentrant model
  2896 ;;
  2897                           
  2898                           	psect	text14
  2899  001B08                     __ptext14:
  2900                           	callstack 0
  2901  001B08                     ___awmod:
  2902                           	callstack 28
  2903  001B08  0E00               	movlw	0
  2904  001B0A  6E1D               	movwf	___awmod@sign^0,c
  2905  001B0C  BE19               	btfsc	(___awmod@dividend+1)^0,7,c
  2906  001B0E  EF8D  F00D         	goto	u1260
  2907  001B12  EF8B  F00D         	goto	u1261
  2908  001B16                     u1261:
  2909  001B16  EF93  F00D         	goto	l1669
  2910  001B1A                     u1260:
  2911  001B1A  6C18               	negf	___awmod@dividend^0,c
  2912  001B1C  1E19               	comf	(___awmod@dividend+1)^0,f,c
  2913  001B1E  B0D8               	btfsc	status,0,c
  2914  001B20  2A19               	incf	(___awmod@dividend+1)^0,f,c
  2915  001B22  0E01               	movlw	1
  2916  001B24  6E1D               	movwf	___awmod@sign^0,c
  2917  001B26                     l1669:
  2918  001B26  BE1B               	btfsc	(___awmod@divisor+1)^0,7,c
  2919  001B28  EF9A  F00D         	goto	u1270
  2920  001B2C  EF98  F00D         	goto	u1271
  2921  001B30                     u1271:
  2922  001B30  EF9E  F00D         	goto	l1673
  2923  001B34                     u1270:
  2924  001B34  6C1A               	negf	___awmod@divisor^0,c
  2925  001B36  1E1B               	comf	(___awmod@divisor+1)^0,f,c
  2926  001B38  B0D8               	btfsc	status,0,c
  2927  001B3A  2A1B               	incf	(___awmod@divisor+1)^0,f,c
  2928  001B3C                     l1673:
  2929  001B3C  501A               	movf	___awmod@divisor^0,w,c
  2930  001B3E  101B               	iorwf	(___awmod@divisor+1)^0,w,c
  2931  001B40  B4D8               	btfsc	status,2,c
  2932  001B42  EFA5  F00D         	goto	u1281
  2933  001B46  EFA7  F00D         	goto	u1280
  2934  001B4A                     u1281:
  2935  001B4A  EFCB  F00D         	goto	l1689
  2936  001B4E                     u1280:
  2937  001B4E  0E01               	movlw	1
  2938  001B50  6E1C               	movwf	___awmod@counter^0,c
  2939  001B52  EFAF  F00D         	goto	l1679
  2940  001B56                     l1677:
  2941  001B56  90D8               	bcf	status,0,c
  2942  001B58  361A               	rlcf	___awmod@divisor^0,f,c
  2943  001B5A  361B               	rlcf	(___awmod@divisor+1)^0,f,c
  2944  001B5C  2A1C               	incf	___awmod@counter^0,f,c
  2945  001B5E                     l1679:
  2946  001B5E  AE1B               	btfss	(___awmod@divisor+1)^0,7,c
  2947  001B60  EFB4  F00D         	goto	u1291
  2948  001B64  EFB6  F00D         	goto	u1290
  2949  001B68                     u1291:
  2950  001B68  EFAB  F00D         	goto	l1677
  2951  001B6C                     u1290:
  2952  001B6C                     l1681:
  2953  001B6C  501A               	movf	___awmod@divisor^0,w,c
  2954  001B6E  5C18               	subwf	___awmod@dividend^0,w,c
  2955  001B70  501B               	movf	(___awmod@divisor+1)^0,w,c
  2956  001B72  5819               	subwfb	(___awmod@dividend+1)^0,w,c
  2957  001B74  A0D8               	btfss	status,0,c
  2958  001B76  EFBF  F00D         	goto	u1301
  2959  001B7A  EFC1  F00D         	goto	u1300
  2960  001B7E                     u1301:
  2961  001B7E  EFC5  F00D         	goto	l1685
  2962  001B82                     u1300:
  2963  001B82  501A               	movf	___awmod@divisor^0,w,c
  2964  001B84  5E18               	subwf	___awmod@dividend^0,f,c
  2965  001B86  501B               	movf	(___awmod@divisor+1)^0,w,c
  2966  001B88  5A19               	subwfb	(___awmod@dividend+1)^0,f,c
  2967  001B8A                     l1685:
  2968  001B8A  90D8               	bcf	status,0,c
  2969  001B8C  321B               	rrcf	(___awmod@divisor+1)^0,f,c
  2970  001B8E  321A               	rrcf	___awmod@divisor^0,f,c
  2971  001B90  2E1C               	decfsz	___awmod@counter^0,f,c
  2972  001B92  EFB6  F00D         	goto	l1681
  2973  001B96                     l1689:
  2974  001B96  501D               	movf	___awmod@sign^0,w,c
  2975  001B98  B4D8               	btfsc	status,2,c
  2976  001B9A  EFD1  F00D         	goto	u1311
  2977  001B9E  EFD3  F00D         	goto	u1310
  2978  001BA2                     u1311:
  2979  001BA2  EFD7  F00D         	goto	l1693
  2980  001BA6                     u1310:
  2981  001BA6  6C18               	negf	___awmod@dividend^0,c
  2982  001BA8  1E19               	comf	(___awmod@dividend+1)^0,f,c
  2983  001BAA  B0D8               	btfsc	status,0,c
  2984  001BAC  2A19               	incf	(___awmod@dividend+1)^0,f,c
  2985  001BAE                     l1693:
  2986  001BAE  C018  F018         	movff	___awmod@dividend,?___awmod
  2987  001BB2  C019  F019         	movff	___awmod@dividend+1,?___awmod+1
  2988  001BB6  0012               	return		;funcret
  2989  001BB8                     __end_of___awmod:
  2990                           	callstack 0
  2991                           
  2992 ;; *************** function _LCD_ShowString *****************
  2993 ;; Defined at:
  2994 ;;		line 58 in file "lcd.c"
  2995 ;; Parameters:    Size  Location     Type
  2996 ;;  lineNum         1    wreg     unsigned char 
  2997 ;;  textData        2    6[COMRAM] PTR unsigned char 
  2998 ;;		 -> main@textLEVEL(17), main@text1(17), main@text2(17), main@textSTOP2(17), 
  2999 ;;		 -> main@textSTOP1(17), main@textSTART(17), 
  3000 ;; Auto vars:     Size  Location     Type
  3001 ;;  lineNum         1    8[COMRAM] unsigned char 
  3002 ;;  i               1    9[COMRAM] unsigned char 
  3003 ;; Return value:  Size  Location     Type
  3004 ;;                  1    wreg      void 
  3005 ;; Registers used:
  3006 ;;		wreg, fsr2l, fsr2h, status,2, status,0, cstack
  3007 ;; Tracked objects:
  3008 ;;		On entry : 0/0
  3009 ;;		On exit  : 0/0
  3010 ;;		Unchanged: 0/0
  3011 ;; Data sizes:     COMRAM   BANK0   BANK1   BANK2   BANK3   BANK4   BANK5   BANK6   BANK7   BANK8   BANK9  BANK10  BANK1
      +1  BANK12  BANK13  BANK14  BANK15
  3012 ;;      Params:         2       0       0       0       0       0       0       0       0       0       0       0       
      +0       0       0       0       0
  3013 ;;      Locals:         2       0       0       0       0       0       0       0       0       0       0       0       
      +0       0       0       0       0
  3014 ;;      Temps:          0       0       0       0       0       0       0       0       0       0       0       0       
      +0       0       0       0       0
  3015 ;;      Totals:         4       0       0       0       0       0       0       0       0       0       0       0       
      +0       0       0       0       0
  3016 ;;Total ram usage:        4 bytes
  3017 ;; Hardware stack levels used: 1
  3018 ;; Hardware stack levels required when called: 3
  3019 ;; This function calls:
  3020 ;;		_LCD_Send
  3021 ;; This function is called by:
  3022 ;;		_main
  3023 ;; This function uses a non-reentrant model
  3024 ;;
  3025                           
  3026                           	psect	text15
  3027  001BB8                     __ptext15:
  3028                           	callstack 0
  3029  001BB8                     _LCD_ShowString:
  3030                           	callstack 27
  3031                           
  3032                           ;incstack = 0
  3033                           ;LCD_ShowString@lineNum stored from wreg
  3034  001BB8  6E09               	movwf	LCD_ShowString@lineNum^0,c
  3035  001BBA                     
  3036                           ;lcd.c: 63:     SSP2CON2bits.SEN = 1;
  3037  001BBA  806B               	bsf	107,0,c	;volatile
  3038  001BBC                     l140:
  3039  001BBC  B06B               	btfsc	107,0,c	;volatile
  3040  001BBE  EFE3  F00D         	goto	u1201
  3041  001BC2  EFE5  F00D         	goto	u1200
  3042  001BC6                     u1201:
  3043  001BC6  EFDE  F00D         	goto	l140
  3044  001BCA                     u1200:
  3045  001BCA                     
  3046                           ;lcd.c: 65:     SSP2IF = 0;
  3047  001BCA  9EA4               	bcf	4004,7,c	;volatile
  3048  001BCC                     
  3049                           ;lcd.c: 67:     LCD_Send(0x7c);
  3050  001BCC  0E7C               	movlw	124
  3051  001BCE  EC85  F00F         	call	_LCD_Send
  3052                           
  3053                           ;lcd.c: 69:     LCD_Send(0x80);
  3054  001BD2  0E80               	movlw	128
  3055  001BD4  EC85  F00F         	call	_LCD_Send
  3056  001BD8                     
  3057                           ;lcd.c: 71:     if(lineNum == 1){
  3058  001BD8  0409               	decf	LCD_ShowString@lineNum^0,w,c
  3059  001BDA  A4D8               	btfss	status,2,c
  3060  001BDC  EFF2  F00D         	goto	u1211
  3061  001BE0  EFF4  F00D         	goto	u1210
  3062  001BE4                     u1211:
  3063  001BE4  EFF9  F00D         	goto	l1639
  3064  001BE8                     u1210:
  3065  001BE8                     
  3066                           ;lcd.c: 72:         LCD_Send(0x80);
  3067  001BE8  0E80               	movlw	128
  3068  001BEA  EC85  F00F         	call	_LCD_Send
  3069                           
  3070                           ;lcd.c: 73:     }
  3071  001BEE  EF05  F00E         	goto	l144
  3072  001BF2                     l1639:
  3073  001BF2  0E02               	movlw	2
  3074  001BF4  1809               	xorwf	LCD_ShowString@lineNum^0,w,c
  3075  001BF6  A4D8               	btfss	status,2,c
  3076  001BF8  EF00  F00E         	goto	u1221
  3077  001BFC  EF02  F00E         	goto	u1220
  3078  001C00                     u1221:
  3079  001C00  EF05  F00E         	goto	l144
  3080  001C04                     u1220:
  3081  001C04                     
  3082                           ;lcd.c: 75:         LCD_Send(0xC0);
  3083  001C04  0EC0               	movlw	192
  3084  001C06  EC85  F00F         	call	_LCD_Send
  3085  001C0A                     l144:
  3086                           
  3087                           ;lcd.c: 78:     LCD_Send(0x40);
  3088  001C0A  0E40               	movlw	64
  3089  001C0C  EC85  F00F         	call	_LCD_Send
  3090  001C10                     
  3091                           ;lcd.c: 80:     for (i = 0; i<16; i++){
  3092  001C10  0E00               	movlw	0
  3093  001C12  6E0A               	movwf	LCD_ShowString@i^0,c
  3094  001C14                     l1649:
  3095                           
  3096                           ;lcd.c: 81:         LCD_Send(textData[i]);
  3097  001C14  500A               	movf	LCD_ShowString@i^0,w,c
  3098  001C16  2407               	addwf	LCD_ShowString@textData^0,w,c
  3099  001C18  6ED9               	movwf	fsr2l,c
  3100  001C1A  0E00               	movlw	0
  3101  001C1C  2008               	addwfc	(LCD_ShowString@textData+1)^0,w,c
  3102  001C1E  6EDA               	movwf	fsr2h,c
  3103  001C20  50DF               	movf	indf2,w,c
  3104  001C22  EC85  F00F         	call	_LCD_Send
  3105  001C26                     
  3106                           ;lcd.c: 82:     }
  3107  001C26  2A0A               	incf	LCD_ShowString@i^0,f,c
  3108  001C28  0E0F               	movlw	15
  3109  001C2A  640A               	cpfsgt	LCD_ShowString@i^0,c
  3110  001C2C  EF1A  F00E         	goto	u1231
  3111  001C30  EF1C  F00E         	goto	u1230
  3112  001C34                     u1231:
  3113  001C34  EF0A  F00E         	goto	l1649
  3114  001C38                     u1230:
  3115  001C38                     
  3116                           ;lcd.c: 84:     SSP2CON2bits.PEN = 1;
  3117  001C38  846B               	bsf	107,2,c	;volatile
  3118  001C3A                     l148:
  3119  001C3A  B46B               	btfsc	107,2,c	;volatile
  3120  001C3C  EF22  F00E         	goto	u1241
  3121  001C40  EF24  F00E         	goto	u1240
  3122  001C44                     u1241:
  3123  001C44  EF1D  F00E         	goto	l148
  3124  001C48                     u1240:
  3125  001C48  0012               	return		;funcret
  3126  001C4A                     __end_of_LCD_ShowString:
  3127                           	callstack 0
  3128                           
  3129 ;; *************** function _LCD_Init *****************
  3130 ;; Defined at:
  3131 ;;		line 6 in file "lcd.c"
  3132 ;; Parameters:    Size  Location     Type
  3133 ;;		None
  3134 ;; Auto vars:     Size  Location     Type
  3135 ;;		None
  3136 ;; Return value:  Size  Location     Type
  3137 ;;                  1    wreg      void 
  3138 ;; Registers used:
  3139 ;;		wreg, status,2, cstack
  3140 ;; Tracked objects:
  3141 ;;		On entry : 0/0
  3142 ;;		On exit  : 0/0
  3143 ;;		Unchanged: 0/0
  3144 ;; Data sizes:     COMRAM   BANK0   BANK1   BANK2   BANK3   BANK4   BANK5   BANK6   BANK7   BANK8   BANK9  BANK10  BANK1
      +1  BANK12  BANK13  BANK14  BANK15
  3145 ;;      Params:         0       0       0       0       0       0       0       0       0       0       0       0       
      +0       0       0       0       0
  3146 ;;      Locals:         0       0       0       0       0       0       0       0       0       0       0       0       
      +0       0       0       0       0
  3147 ;;      Temps:          1       0       0       0       0       0       0       0       0       0       0       0       
      +0       0       0       0       0
  3148 ;;      Totals:         1       0       0       0       0       0       0       0       0       0       0       0       
      +0       0       0       0       0
  3149 ;;Total ram usage:        1 bytes
  3150 ;; Hardware stack levels used: 1
  3151 ;; Hardware stack levels required when called: 3
  3152 ;; This function calls:
  3153 ;;		_LCD_Send
  3154 ;; This function is called by:
  3155 ;;		_main
  3156 ;; This function uses a non-reentrant model
  3157 ;;
  3158                           
  3159                           	psect	text16
  3160  0017CE                     __ptext16:
  3161                           	callstack 0
  3162  0017CE                     _LCD_Init:
  3163                           	callstack 27
  3164  0017CE                     
  3165                           ;lcd.c: 8:     ANSELDbits.ANSD0 = 0;
  3166  0017CE  010F               	movlb	15	; () banked
  3167  0017D0  913B               	bcf	59,0,b	;volatile
  3168                           
  3169                           ;lcd.c: 9:     ANSELDbits.ANSD1 = 0;
  3170  0017D2  933B               	bcf	59,1,b	;volatile
  3171                           
  3172                           ;lcd.c: 11:     TRISDbits.TRISD0 = 1;
  3173  0017D4  8095               	bsf	149,0,c	;volatile
  3174                           
  3175                           ;lcd.c: 12:     TRISDbits.TRISD1 = 1;
  3176  0017D6  8295               	bsf	149,1,c	;volatile
  3177                           
  3178                           ;lcd.c: 13:     TRISAbits.TRISA0 = 0;
  3179  0017D8  9092               	bcf	146,0,c	;volatile
  3180                           
  3181                           ;lcd.c: 14:     LATAbits.LATA0 = 1;
  3182  0017DA  8089               	bsf	137,0,c	;volatile
  3183  0017DC                     
  3184                           ; BSR set to: 15
  3185                           ;lcd.c: 17:     SSP2CON1bits.SSPM = 0b1000;
  3186  0017DC  506C               	movf	108,w,c	;volatile
  3187  0017DE  0BF0               	andlw	-16
  3188  0017E0  0908               	iorlw	8
  3189  0017E2  6E6C               	movwf	108,c	;volatile
  3190                           
  3191                           ;lcd.c: 18:     SSP2ADD = 19;
  3192  0017E4  0E13               	movlw	19
  3193  0017E6  6E6E               	movwf	110,c	;volatile
  3194  0017E8                     
  3195                           ; BSR set to: 15
  3196                           ;lcd.c: 19:     SSP2CON1bits.SSPEN = 1;
  3197  0017E8  8A6C               	bsf	108,5,c	;volatile
  3198  0017EA                     
  3199                           ; BSR set to: 15
  3200                           ;lcd.c: 21:     _delay((unsigned long)((5)*(32E6/4000.0)));
  3201  0017EA  0E34               	movlw	52
  3202  0017EC  6E07               	movwf	??_LCD_Init^0,c
  3203  0017EE  0EF2               	movlw	242
  3204  0017F0                     u1557:
  3205  0017F0  2EE8               	decfsz	wreg,f,c
  3206  0017F2  D7FE               	bra	u1557
  3207  0017F4  2E07               	decfsz	??_LCD_Init^0,f,c
  3208  0017F6  D7FC               	bra	u1557
  3209  0017F8                     
  3210                           ;lcd.c: 23:     SSP2CON2bits.SEN = 1;
  3211  0017F8  806B               	bsf	107,0,c	;volatile
  3212  0017FA                     l131:
  3213  0017FA  B06B               	btfsc	107,0,c	;volatile
  3214  0017FC  EF02  F00C         	goto	u1181
  3215  001800  EF04  F00C         	goto	u1180
  3216  001804                     u1181:
  3217  001804  EFFD  F00B         	goto	l131
  3218  001808                     u1180:
  3219  001808                     
  3220                           ;lcd.c: 25:     SSP2IF = 0;
  3221  001808  9EA4               	bcf	4004,7,c	;volatile
  3222  00180A                     
  3223                           ;lcd.c: 30:     LCD_Send(0x7C);
  3224  00180A  0E7C               	movlw	124
  3225  00180C  EC85  F00F         	call	_LCD_Send
  3226                           
  3227                           ;lcd.c: 31:     LCD_Send(0x80);
  3228  001810  0E80               	movlw	128
  3229  001812  EC85  F00F         	call	_LCD_Send
  3230                           
  3231                           ;lcd.c: 32:     LCD_Send(0x38);
  3232  001816  0E38               	movlw	56
  3233  001818  EC85  F00F         	call	_LCD_Send
  3234                           
  3235                           ;lcd.c: 33:     LCD_Send(0x80);
  3236  00181C  0E80               	movlw	128
  3237  00181E  EC85  F00F         	call	_LCD_Send
  3238                           
  3239                           ;lcd.c: 34:     LCD_Send(0x39);
  3240  001822  0E39               	movlw	57
  3241  001824  EC85  F00F         	call	_LCD_Send
  3242                           
  3243                           ;lcd.c: 35:     LCD_Send(0x80);
  3244  001828  0E80               	movlw	128
  3245  00182A  EC85  F00F         	call	_LCD_Send
  3246                           
  3247                           ;lcd.c: 36:     LCD_Send(0x17);
  3248  00182E  0E17               	movlw	23
  3249  001830  EC85  F00F         	call	_LCD_Send
  3250                           
  3251                           ;lcd.c: 37:     LCD_Send(0x80);
  3252  001834  0E80               	movlw	128
  3253  001836  EC85  F00F         	call	_LCD_Send
  3254                           
  3255                           ;lcd.c: 38:     LCD_Send(0x7A);
  3256  00183A  0E7A               	movlw	122
  3257  00183C  EC85  F00F         	call	_LCD_Send
  3258                           
  3259                           ;lcd.c: 39:     LCD_Send(0x80);
  3260  001840  0E80               	movlw	128
  3261  001842  EC85  F00F         	call	_LCD_Send
  3262                           
  3263                           ;lcd.c: 40:     LCD_Send(0x5E);
  3264  001846  0E5E               	movlw	94
  3265  001848  EC85  F00F         	call	_LCD_Send
  3266                           
  3267                           ;lcd.c: 41:     LCD_Send(0x80);
  3268  00184C  0E80               	movlw	128
  3269  00184E  EC85  F00F         	call	_LCD_Send
  3270                           
  3271                           ;lcd.c: 42:     LCD_Send(0x6B);
  3272  001852  0E6B               	movlw	107
  3273  001854  EC85  F00F         	call	_LCD_Send
  3274                           
  3275                           ;lcd.c: 43:     LCD_Send(0x80);
  3276  001858  0E80               	movlw	128
  3277  00185A  EC85  F00F         	call	_LCD_Send
  3278                           
  3279                           ;lcd.c: 44:     LCD_Send(0x0C);
  3280  00185E  0E0C               	movlw	12
  3281  001860  EC85  F00F         	call	_LCD_Send
  3282                           
  3283                           ;lcd.c: 45:     LCD_Send(0x80);
  3284  001864  0E80               	movlw	128
  3285  001866  EC85  F00F         	call	_LCD_Send
  3286                           
  3287                           ;lcd.c: 46:     LCD_Send(0x01);
  3288  00186A  0E01               	movlw	1
  3289  00186C  EC85  F00F         	call	_LCD_Send
  3290                           
  3291                           ;lcd.c: 47:     LCD_Send(0x80);
  3292  001870  0E80               	movlw	128
  3293  001872  EC85  F00F         	call	_LCD_Send
  3294                           
  3295                           ;lcd.c: 48:     LCD_Send(0x06);
  3296  001876  0E06               	movlw	6
  3297  001878  EC85  F00F         	call	_LCD_Send
  3298                           
  3299                           ;lcd.c: 49:     LCD_Send(0x80);
  3300  00187C  0E80               	movlw	128
  3301  00187E  EC85  F00F         	call	_LCD_Send
  3302                           
  3303                           ;lcd.c: 50:     LCD_Send(0x02);
  3304  001882  0E02               	movlw	2
  3305  001884  EC85  F00F         	call	_LCD_Send
  3306  001888                     
  3307                           ;lcd.c: 52:     SSP2CON2bits.PEN = 1;
  3308  001888  846B               	bsf	107,2,c	;volatile
  3309  00188A                     l134:
  3310  00188A  B46B               	btfsc	107,2,c	;volatile
  3311  00188C  EF4A  F00C         	goto	u1191
  3312  001890  EF4C  F00C         	goto	u1190
  3313  001894                     u1191:
  3314  001894  EF45  F00C         	goto	l134
  3315  001898                     u1190:
  3316  001898                     
  3317                           ;lcd.c: 55:     _delay((unsigned long)((5)*(32E6/4000.0)));
  3318  001898  0E34               	movlw	52
  3319  00189A  6E07               	movwf	??_LCD_Init^0,c
  3320  00189C  0EF2               	movlw	242
  3321  00189E                     u1567:
  3322  00189E  2EE8               	decfsz	wreg,f,c
  3323  0018A0  D7FE               	bra	u1567
  3324  0018A2  2E07               	decfsz	??_LCD_Init^0,f,c
  3325  0018A4  D7FC               	bra	u1567
  3326  0018A6  0012               	return		;funcret
  3327  0018A8                     __end_of_LCD_Init:
  3328                           	callstack 0
  3329                           
  3330 ;; *************** function _LCD_Send *****************
  3331 ;; Defined at:
  3332 ;;		line 88 in file "lcd.c"
  3333 ;; Parameters:    Size  Location     Type
  3334 ;;  data            1    wreg     unsigned char 
  3335 ;; Auto vars:     Size  Location     Type
  3336 ;;  data            1    5[COMRAM] unsigned char 
  3337 ;; Return value:  Size  Location     Type
  3338 ;;                  1    wreg      void 
  3339 ;; Registers used:
  3340 ;;		wreg
  3341 ;; Tracked objects:
  3342 ;;		On entry : 0/0
  3343 ;;		On exit  : 0/0
  3344 ;;		Unchanged: 0/0
  3345 ;; Data sizes:     COMRAM   BANK0   BANK1   BANK2   BANK3   BANK4   BANK5   BANK6   BANK7   BANK8   BANK9  BANK10  BANK1
      +1  BANK12  BANK13  BANK14  BANK15
  3346 ;;      Params:         0       0       0       0       0       0       0       0       0       0       0       0       
      +0       0       0       0       0
  3347 ;;      Locals:         1       0       0       0       0       0       0       0       0       0       0       0       
      +0       0       0       0       0
  3348 ;;      Temps:          0       0       0       0       0       0       0       0       0       0       0       0       
      +0       0       0       0       0
  3349 ;;      Totals:         1       0       0       0       0       0       0       0       0       0       0       0       
      +0       0       0       0       0
  3350 ;;Total ram usage:        1 bytes
  3351 ;; Hardware stack levels used: 1
  3352 ;; Hardware stack levels required when called: 2
  3353 ;; This function calls:
  3354 ;;		Nothing
  3355 ;; This function is called by:
  3356 ;;		_LCD_Init
  3357 ;;		_LCD_ShowString
  3358 ;;		_LCD_Clear
  3359 ;; This function uses a non-reentrant model
  3360 ;;
  3361                           
  3362                           	psect	text17
  3363  001F0A                     __ptext17:
  3364                           	callstack 0
  3365  001F0A                     _LCD_Send:
  3366                           	callstack 27
  3367                           
  3368                           ;incstack = 0
  3369                           ;LCD_Send@data stored from wreg
  3370  001F0A  6E06               	movwf	LCD_Send@data^0,c
  3371  001F0C                     
  3372                           ;lcd.c: 90:     SSP2BUF = data;
  3373  001F0C  C006  FF6F         	movff	LCD_Send@data,3951	;volatile
  3374  001F10                     l154:
  3375  001F10  B06D               	btfsc	109,0,c	;volatile
  3376  001F12  EF8D  F00F         	goto	u1011
  3377  001F16  EF8F  F00F         	goto	u1010
  3378  001F1A                     u1011:
  3379  001F1A  EF88  F00F         	goto	l154
  3380  001F1E                     u1010:
  3381  001F1E                     l157:
  3382  001F1E  AEA4               	btfss	4004,7,c	;volatile
  3383  001F20  EF94  F00F         	goto	u1021
  3384  001F24  EF96  F00F         	goto	u1020
  3385  001F28                     u1021:
  3386  001F28  EF8F  F00F         	goto	l157
  3387  001F2C                     u1020:
  3388  001F2C                     
  3389                           ;lcd.c: 93:     SSP2IF = 0;
  3390  001F2C  9EA4               	bcf	4004,7,c	;volatile
  3391  001F2E  0012               	return		;funcret
  3392  001F30                     __end_of_LCD_Send:
  3393                           	callstack 0
  3394                           
  3395 ;; *************** function _T1_ISR_HANDLER *****************
  3396 ;; Defined at:
  3397 ;;		line 20 in file "HRA.c"
  3398 ;; Parameters:    Size  Location     Type
  3399 ;;		None
  3400 ;; Auto vars:     Size  Location     Type
  3401 ;;  tmr_over        2    3[COMRAM] unsigned int 
  3402 ;; Return value:  Size  Location     Type
  3403 ;;                  1    wreg      void 
  3404 ;; Registers used:
  3405 ;;		wreg, status,2, status,0, cstack
  3406 ;; Tracked objects:
  3407 ;;		On entry : 0/0
  3408 ;;		On exit  : 0/0
  3409 ;;		Unchanged: 0/0
  3410 ;; Data sizes:     COMRAM   BANK0   BANK1   BANK2   BANK3   BANK4   BANK5   BANK6   BANK7   BANK8   BANK9  BANK10  BANK1
      +1  BANK12  BANK13  BANK14  BANK15
  3411 ;;      Params:         0       0       0       0       0       0       0       0       0       0       0       0       
      +0       0       0       0       0
  3412 ;;      Locals:         2       0       0       0       0       0       0       0       0       0       0       0       
      +0       0       0       0       0
  3413 ;;      Temps:          2       0       0       0       0       0       0       0       0       0       0       0       
      +0       0       0       0       0
  3414 ;;      Totals:         4       0       0       0       0       0       0       0       0       0       0       0       
      +0       0       0       0       0
  3415 ;;Total ram usage:        4 bytes
  3416 ;; Hardware stack levels used: 1
  3417 ;; Hardware stack levels required when called: 1
  3418 ;; This function calls:
  3419 ;;		_driveLED
  3420 ;; This function is called by:
  3421 ;;		Interrupt level 2
  3422 ;; This function uses a non-reentrant model
  3423 ;;
  3424                           
  3425                           	psect	intcode
  3426  000008                     __pintcode:
  3427                           	callstack 0
  3428  000008                     _T1_ISR_HANDLER:
  3429                           	callstack 21
  3430                           
  3431                           ;incstack = 0
  3432  000008  8259               	bsf	int$flags,1,c	;set compiler interrupt flag (level 2)
  3433  00000A                     
  3434                           ;HRA.c: 21:     if(TMR1IF && TMR1IE && (game_state == GAME_CONTINUE))
  3435  00000A  A09E               	btfss	3998,0,c	;volatile
  3436  00000C  EF0A  F000         	goto	i2u132_41
  3437  000010  EF0C  F000         	goto	i2u132_40
  3438  000014                     i2u132_41:
  3439  000014  EF56  F000         	goto	i2l71
  3440  000018                     i2u132_40:
  3441  000018  A09D               	btfss	3997,0,c	;volatile
  3442  00001A  EF11  F000         	goto	i2u133_41
  3443  00001E  EF13  F000         	goto	i2u133_40
  3444  000022                     i2u133_41:
  3445  000022  EF56  F000         	goto	i2l71
  3446  000026                     i2u133_40:
  3447  000026  0E02               	movlw	2
  3448  000028  1858               	xorwf	_game_state^0,w,c	;volatile
  3449  00002A  A4D8               	btfss	status,2,c
  3450  00002C  EF1A  F000         	goto	i2u134_41
  3451  000030  EF1C  F000         	goto	i2u134_40
  3452  000034                     i2u134_41:
  3453  000034  EF56  F000         	goto	i2l71
  3454  000038                     i2u134_40:
  3455  000038                     
  3456                           ;HRA.c: 22:     {;HRA.c: 23:         static unsigned char i = 0;;HRA.c: 24:         unsi
      +                          gned int tmr_over = 0xFFFF - delay;
  3457  000038  1C55               	comf	_delay^0,w,c	;volatile
  3458  00003A  6E04               	movwf	T1_ISR_HANDLER@tmr_over^0,c
  3459  00003C  1C56               	comf	(_delay+1)^0,w,c	;volatile
  3460  00003E  6E05               	movwf	(T1_ISR_HANDLER@tmr_over+1)^0,c
  3461                           
  3462                           ;HRA.c: 25:         led_state |= (1 << w);
  3463  000040  C053  F002         	movff	_w,??_T1_ISR_HANDLER	;volatile
  3464  000044  0E01               	movlw	1
  3465  000046  6E03               	movwf	(??_T1_ISR_HANDLER+1)^0,c
  3466  000048  2A02               	incf	??_T1_ISR_HANDLER^0,f,c
  3467  00004A  EF29  F000         	goto	i2u135_44
  3468  00004E                     i2u135_45:
  3469  00004E  90D8               	bcf	status,0,c
  3470  000050  3603               	rlcf	(??_T1_ISR_HANDLER+1)^0,f,c
  3471  000052                     i2u135_44:
  3472  000052  2E02               	decfsz	??_T1_ISR_HANDLER^0,f,c
  3473  000054  EF27  F000         	goto	i2u135_45
  3474  000058  5003               	movf	(??_T1_ISR_HANDLER+1)^0,w,c
  3475  00005A  1257               	iorwf	_led_state^0,f,c	;volatile
  3476  00005C                     
  3477                           ;HRA.c: 26:         driveLED(led_state);
  3478  00005C  5057               	movf	_led_state^0,w,c	;volatile
  3479  00005E  EC25  F00E         	call	_driveLED
  3480  000062                     
  3481                           ;HRA.c: 27:         if(i>100)
  3482  000062  0E64               	movlw	100
  3483  000064  0100               	movlb	0	; () banked
  3484  000066  65F3               	cpfsgt	T1_ISR_HANDLER@i& (0+255),b
  3485  000068  EF38  F000         	goto	i2u136_41
  3486  00006C  EF3A  F000         	goto	i2u136_40
  3487  000070                     i2u136_41:
  3488  000070  EF3E  F000         	goto	i2l1713
  3489  000074                     i2u136_40:
  3490  000074                     
  3491                           ; BSR set to: 0
  3492                           ;HRA.c: 28:         {;HRA.c: 29:             w++;
  3493  000074  4A53               	infsnz	_w^0,f,c	;volatile
  3494  000076  2A54               	incf	(_w+1)^0,f,c	;volatile
  3495  000078                     
  3496                           ; BSR set to: 0
  3497                           ;HRA.c: 30:             i=0;
  3498  000078  0E00               	movlw	0
  3499  00007A  6FF3               	movwf	T1_ISR_HANDLER@i& (0+255),b
  3500  00007C                     i2l1713:
  3501                           
  3502                           ; BSR set to: 0
  3503                           ;HRA.c: 32:         i++;
  3504  00007C  2BF3               	incf	T1_ISR_HANDLER@i& (0+255),f,b
  3505  00007E                     
  3506                           ; BSR set to: 0
  3507                           ;HRA.c: 33:         TMR1 = tmr_over;
  3508  00007E  C004  FFCE         	movff	T1_ISR_HANDLER@tmr_over,4046	;volatile
  3509  000082  C005  FFCF         	movff	T1_ISR_HANDLER@tmr_over+1,4047	;volatile
  3510  000086                     
  3511                           ; BSR set to: 0
  3512                           ;HRA.c: 34:         TMR1IF = 0;
  3513  000086  909E               	bcf	3998,0,c	;volatile
  3514  000088                     
  3515                           ; BSR set to: 0
  3516                           ;HRA.c: 36:         if(w == 6)
  3517  000088  0E06               	movlw	6
  3518  00008A  1853               	xorwf	_w^0,w,c	;volatile
  3519  00008C  1054               	iorwf	(_w+1)^0,w,c	;volatile
  3520  00008E  A4D8               	btfss	status,2,c
  3521  000090  EF4C  F000         	goto	i2u137_41
  3522  000094  EF4E  F000         	goto	i2u137_40
  3523  000098                     i2u137_41:
  3524  000098  EF57  F000         	goto	i2l77
  3525  00009C                     i2u137_40:
  3526  00009C                     
  3527                           ; BSR set to: 0
  3528                           ;HRA.c: 37:         {;HRA.c: 38:             led_state = 0;
  3529  00009C  0E00               	movlw	0
  3530  00009E  6E57               	movwf	_led_state^0,c	;volatile
  3531  0000A0                     
  3532                           ; BSR set to: 0
  3533                           ;HRA.c: 39:             w = -1;
  3534  0000A0  6853               	setf	_w^0,c	;volatile
  3535  0000A2  6854               	setf	(_w+1)^0,c	;volatile
  3536                           
  3537                           ;HRA.c: 40:             game_state = GAME_STOP;
  3538  0000A4  0E01               	movlw	1
  3539  0000A6  6E58               	movwf	_game_state^0,c	;volatile
  3540  0000A8  EF57  F000         	goto	i2l77
  3541  0000AC                     i2l71:
  3542                           
  3543                           ;HRA.c: 44:     {;HRA.c: 45:         TMR1IF = 0;
  3544  0000AC  909E               	bcf	3998,0,c	;volatile
  3545  0000AE                     i2l77:
  3546  0000AE  9259               	bcf	int$flags,1,c	;clear compiler interrupt flag (level 2)
  3547  0000B0  0011               	retfie		f
  3548  0000B2                     __end_of_T1_ISR_HANDLER:
  3549                           	callstack 0
  3550                           
  3551 ;; *************** function _driveLED *****************
  3552 ;; Defined at:
  3553 ;;		line 166 in file "HRA.c"
  3554 ;; Parameters:    Size  Location     Type
  3555 ;;  in              1    wreg     unsigned char 
  3556 ;; Auto vars:     Size  Location     Type
  3557 ;;  in              1    0[COMRAM] unsigned char 
  3558 ;; Return value:  Size  Location     Type
  3559 ;;                  1    wreg      void 
  3560 ;; Registers used:
  3561 ;;		wreg
  3562 ;; Tracked objects:
  3563 ;;		On entry : 0/0
  3564 ;;		On exit  : 0/0
  3565 ;;		Unchanged: 0/0
  3566 ;; Data sizes:     COMRAM   BANK0   BANK1   BANK2   BANK3   BANK4   BANK5   BANK6   BANK7   BANK8   BANK9  BANK10  BANK1
      +1  BANK12  BANK13  BANK14  BANK15
  3567 ;;      Params:         0       0       0       0       0       0       0       0       0       0       0       0       
      +0       0       0       0       0
  3568 ;;      Locals:         1       0       0       0       0       0       0       0       0       0       0       0       
      +0       0       0       0       0
  3569 ;;      Temps:          0       0       0       0       0       0       0       0       0       0       0       0       
      +0       0       0       0       0
  3570 ;;      Totals:         1       0       0       0       0       0       0       0       0       0       0       0       
      +0       0       0       0       0
  3571 ;;Total ram usage:        1 bytes
  3572 ;; Hardware stack levels used: 1
  3573 ;; This function calls:
  3574 ;;		Nothing
  3575 ;; This function is called by:
  3576 ;;		_T1_ISR_HANDLER
  3577 ;; This function uses a non-reentrant model
  3578 ;;
  3579                           
  3580                           	psect	text19
  3581  001C4A                     __ptext19:
  3582                           	callstack 0
  3583  001C4A                     _driveLED:
  3584                           	callstack 21
  3585                           
  3586                           ;incstack = 0
  3587                           ;driveLED@in stored from wreg
  3588  001C4A  6E01               	movwf	driveLED@in^0,c
  3589  001C4C                     
  3590                           ;HRA.c: 167:         LATD2 = in & 1;
  3591  001C4C  B001               	btfsc	driveLED@in^0,0,c
  3592  001C4E  EF2B  F00E         	goto	i2u106_41
  3593  001C52  EF2E  F00E         	goto	i2u106_40
  3594  001C56                     i2u106_41:
  3595  001C56  848C               	bsf	3980,2,c	;volatile
  3596  001C58  EF2F  F00E         	goto	i2u107_45
  3597  001C5C                     i2u106_40:
  3598  001C5C  948C               	bcf	3980,2,c	;volatile
  3599  001C5E                     i2u107_45:
  3600                           
  3601                           ;HRA.c: 168:         LATD3 = in & 2 ? 1 : 0;
  3602  001C5E  B201               	btfsc	driveLED@in^0,1,c
  3603  001C60  EF34  F00E         	goto	i2u108_41
  3604  001C64  EF37  F00E         	goto	i2u108_40
  3605  001C68                     i2u108_41:
  3606  001C68  868C               	bsf	3980,3,c	;volatile
  3607  001C6A  EF38  F00E         	goto	i2u109_45
  3608  001C6E                     i2u108_40:
  3609  001C6E  968C               	bcf	3980,3,c	;volatile
  3610  001C70                     i2u109_45:
  3611                           
  3612                           ;HRA.c: 169:         LATC4 = in & 4 ? 1 : 0;
  3613  001C70  B401               	btfsc	driveLED@in^0,2,c
  3614  001C72  EF3D  F00E         	goto	i2u110_41
  3615  001C76  EF40  F00E         	goto	i2u110_40
  3616  001C7A                     i2u110_41:
  3617  001C7A  888B               	bsf	3979,4,c	;volatile
  3618  001C7C  EF41  F00E         	goto	i2u111_45
  3619  001C80                     i2u110_40:
  3620  001C80  988B               	bcf	3979,4,c	;volatile
  3621  001C82                     i2u111_45:
  3622                           
  3623                           ;HRA.c: 170:         LATD4 = in & 8 ? 1 : 0;
  3624  001C82  B601               	btfsc	driveLED@in^0,3,c
  3625  001C84  EF46  F00E         	goto	i2u112_41
  3626  001C88  EF49  F00E         	goto	i2u112_40
  3627  001C8C                     i2u112_41:
  3628  001C8C  888C               	bsf	3980,4,c	;volatile
  3629  001C8E  EF4A  F00E         	goto	i2u113_45
  3630  001C92                     i2u112_40:
  3631  001C92  988C               	bcf	3980,4,c	;volatile
  3632  001C94                     i2u113_45:
  3633                           
  3634                           ;HRA.c: 171:         LATD5 = in & 16 ? 1 : 0;
  3635  001C94  B801               	btfsc	driveLED@in^0,4,c
  3636  001C96  EF4F  F00E         	goto	i2u114_41
  3637  001C9A  EF52  F00E         	goto	i2u114_40
  3638  001C9E                     i2u114_41:
  3639  001C9E  8A8C               	bsf	3980,5,c	;volatile
  3640  001CA0  EF53  F00E         	goto	i2u115_45
  3641  001CA4                     i2u114_40:
  3642  001CA4  9A8C               	bcf	3980,5,c	;volatile
  3643  001CA6                     i2u115_45:
  3644                           
  3645                           ;HRA.c: 172:         LATD6 = in & 32 ? 1 : 0;
  3646  001CA6  BA01               	btfsc	driveLED@in^0,5,c
  3647  001CA8  EF58  F00E         	goto	i2u116_41
  3648  001CAC  EF5B  F00E         	goto	i2u116_40
  3649  001CB0                     i2u116_41:
  3650  001CB0  8C8C               	bsf	3980,6,c	;volatile
  3651  001CB2  EF5C  F00E         	goto	i2u117_45
  3652  001CB6                     i2u116_40:
  3653  001CB6  9C8C               	bcf	3980,6,c	;volatile
  3654  001CB8                     i2u117_45:
  3655  001CB8  0012               	return		;funcret
  3656  001CBA                     __end_of_driveLED:
  3657                           	callstack 0
  3658                           
  3659                           	psect	rparam
  3660  0000                     
  3661                           	psect	temp
  3662  000059                     btemp:
  3663                           	callstack 0
  3664  000059                     	ds	1
  3665  0000                     int$flags	set	btemp
  3666  0000                     wtemp8	set	btemp+1
  3667  0000                     ttemp5	set	btemp+1
  3668  0000                     ttemp6	set	btemp+4
  3669  0000                     ttemp7	set	btemp+8
  3670                           
  3671                           	psect	idloc
  3672                           
  3673                           ;Config register IDLOC0 @ 0x200000
  3674                           ;	unspecified, using default values
  3675  200000                     	org	2097152
  3676  200000  FF                 	db	255
  3677                           
  3678                           ;Config register IDLOC1 @ 0x200001
  3679                           ;	unspecified, using default values
  3680  200001                     	org	2097153
  3681  200001  FF                 	db	255
  3682                           
  3683                           ;Config register IDLOC2 @ 0x200002
  3684                           ;	unspecified, using default values
  3685  200002                     	org	2097154
  3686  200002  FF                 	db	255
  3687                           
  3688                           ;Config register IDLOC3 @ 0x200003
  3689                           ;	unspecified, using default values
  3690  200003                     	org	2097155
  3691  200003  FF                 	db	255
  3692                           
  3693                           ;Config register IDLOC4 @ 0x200004
  3694                           ;	unspecified, using default values
  3695  200004                     	org	2097156
  3696  200004  FF                 	db	255
  3697                           
  3698                           ;Config register IDLOC5 @ 0x200005
  3699                           ;	unspecified, using default values
  3700  200005                     	org	2097157
  3701  200005  FF                 	db	255
  3702                           
  3703                           ;Config register IDLOC6 @ 0x200006
  3704                           ;	unspecified, using default values
  3705  200006                     	org	2097158
  3706  200006  FF                 	db	255
  3707                           
  3708                           ;Config register IDLOC7 @ 0x200007
  3709                           ;	unspecified, using default values
  3710  200007                     	org	2097159
  3711  200007  FF                 	db	255
  3712                           
  3713                           	psect	config
  3714                           
  3715                           ; Padding undefined space
  3716  300000                     	org	3145728
  3717  300000  FF                 	db	255
  3718                           
  3719                           ;Config register CONFIG1H @ 0x300001
  3720                           ;	Oscillator Selection bits
  3721                           ;	FOSC = HSMP, HS oscillator (medium power 4-16 MHz)
  3722                           ;	4X PLL Enable
  3723                           ;	PLLCFG = ON, Oscillator multiplied by 4
  3724                           ;	Primary clock enable bit
  3725                           ;	PRICLKEN = 0x1, unprogrammed default
  3726                           ;	Fail-Safe Clock Monitor Enable bit
  3727                           ;	FCMEN = ON, Fail-Safe Clock Monitor enabled
  3728                           ;	Internal/External Oscillator Switchover bit
  3729                           ;	IESO = 0x0, unprogrammed default
  3730  300001                     	org	3145729
  3731  300001  73                 	db	115
  3732                           
  3733                           ;Config register CONFIG2L @ 0x300002
  3734                           ;	unspecified, using default values
  3735                           ;	Power-up Timer Enable bit
  3736                           ;	PWRTEN = 0x1, unprogrammed default
  3737                           ;	Brown-out Reset Enable bits
  3738                           ;	BOREN = 0x3, unprogrammed default
  3739                           ;	Brown Out Reset Voltage bits
  3740                           ;	BORV = 0x3, unprogrammed default
  3741  300002                     	org	3145730
  3742  300002  1F                 	db	31
  3743                           
  3744                           ;Config register CONFIG2H @ 0x300003
  3745                           ;	Watchdog Timer Enable bits
  3746                           ;	WDTEN = OFF, Watch dog timer is always disabled. SWDTEN has no effect.
  3747                           ;	Watchdog Timer Postscale Select bits
  3748                           ;	WDTPS = 0xF, unprogrammed default
  3749  300003                     	org	3145731
  3750  300003  3C                 	db	60
  3751                           
  3752                           ; Padding undefined space
  3753  300004                     	org	3145732
  3754  300004  FF                 	db	255
  3755                           
  3756                           ;Config register CONFIG3H @ 0x300005
  3757                           ;	unspecified, using default values
  3758                           ;	CCP2 MUX bit
  3759                           ;	CCP2MX = 0x1, unprogrammed default
  3760                           ;	PORTB A/D Enable bit
  3761                           ;	PBADEN = 0x1, unprogrammed default
  3762                           ;	P3A/CCP3 Mux bit
  3763                           ;	CCP3MX = 0x1, unprogrammed default
  3764                           ;	HFINTOSC Fast Start-up
  3765                           ;	HFOFST = 0x1, unprogrammed default
  3766                           ;	Timer3 Clock input mux bit
  3767                           ;	T3CMX = 0x1, unprogrammed default
  3768                           ;	ECCP2 B output mux bit
  3769                           ;	P2BMX = 0x1, unprogrammed default
  3770                           ;	MCLR Pin Enable bit
  3771                           ;	MCLRE = 0x1, unprogrammed default
  3772  300005                     	org	3145733
  3773  300005  BF                 	db	191
  3774                           
  3775                           ;Config register CONFIG4L @ 0x300006
  3776                           ;	unspecified, using default values
  3777                           ;	Stack Full/Underflow Reset Enable bit
  3778                           ;	STVREN = 0x1, unprogrammed default
  3779                           ;	Single-Supply ICSP Enable bit
  3780                           ;	LVP = 0x1, unprogrammed default
  3781                           ;	Extended Instruction Set Enable bit
  3782                           ;	XINST = 0x0, unprogrammed default
  3783                           ;	Background Debug
  3784                           ;	DEBUG = 0x1, unprogrammed default
  3785  300006                     	org	3145734
  3786  300006  85                 	db	133
  3787                           
  3788                           ; Padding undefined space
  3789  300007                     	org	3145735
  3790  300007  FF                 	db	255
  3791                           
  3792                           ;Config register CONFIG5L @ 0x300008
  3793                           ;	unspecified, using default values
  3794                           ;	Code Protection Block 0
  3795                           ;	CP0 = 0x1, unprogrammed default
  3796                           ;	Code Protection Block 1
  3797                           ;	CP1 = 0x1, unprogrammed default
  3798                           ;	Code Protection Block 2
  3799                           ;	CP2 = 0x1, unprogrammed default
  3800                           ;	Code Protection Block 3
  3801                           ;	CP3 = 0x1, unprogrammed default
  3802  300008                     	org	3145736
  3803  300008  0F                 	db	15
  3804                           
  3805                           ;Config register CONFIG5H @ 0x300009
  3806                           ;	unspecified, using default values
  3807                           ;	Boot Block Code Protection bit
  3808                           ;	CPB = 0x1, unprogrammed default
  3809                           ;	Data EEPROM Code Protection bit
  3810                           ;	CPD = 0x1, unprogrammed default
  3811  300009                     	org	3145737
  3812  300009  C0                 	db	192
  3813                           
  3814                           ;Config register CONFIG6L @ 0x30000A
  3815                           ;	unspecified, using default values
  3816                           ;	Write Protection Block 0
  3817                           ;	WRT0 = 0x1, unprogrammed default
  3818                           ;	Write Protection Block 1
  3819                           ;	WRT1 = 0x1, unprogrammed default
  3820                           ;	Write Protection Block 2
  3821                           ;	WRT2 = 0x1, unprogrammed default
  3822                           ;	Write Protection Block 3
  3823                           ;	WRT3 = 0x1, unprogrammed default
  3824  30000A                     	org	3145738
  3825  30000A  0F                 	db	15
  3826                           
  3827                           ;Config register CONFIG6H @ 0x30000B
  3828                           ;	unspecified, using default values
  3829                           ;	Configuration Register Write Protection bit
  3830                           ;	WRTC = 0x1, unprogrammed default
  3831                           ;	Boot Block Write Protection bit
  3832                           ;	WRTB = 0x1, unprogrammed default
  3833                           ;	Data EEPROM Write Protection bit
  3834                           ;	WRTD = 0x1, unprogrammed default
  3835  30000B                     	org	3145739
  3836  30000B  E0                 	db	224
  3837                           
  3838                           ;Config register CONFIG7L @ 0x30000C
  3839                           ;	unspecified, using default values
  3840                           ;	Table Read Protection Block 0
  3841                           ;	EBTR0 = 0x1, unprogrammed default
  3842                           ;	Table Read Protection Block 1
  3843                           ;	EBTR1 = 0x1, unprogrammed default
  3844                           ;	Table Read Protection Block 2
  3845                           ;	EBTR2 = 0x1, unprogrammed default
  3846                           ;	Table Read Protection Block 3
  3847                           ;	EBTR3 = 0x1, unprogrammed default
  3848  30000C                     	org	3145740
  3849  30000C  0F                 	db	15
  3850                           
  3851                           ;Config register CONFIG7H @ 0x30000D
  3852                           ;	unspecified, using default values
  3853                           ;	Boot Block Table Read Protection bit
  3854                           ;	EBTRB = 0x1, unprogrammed default
  3855  30000D                     	org	3145741
  3856  30000D  40                 	db	64
  3857                           tosu	equ	0xFFF
  3858                           tosh	equ	0xFFE
  3859                           tosl	equ	0xFFD
  3860                           stkptr	equ	0xFFC
  3861                           pclatu	equ	0xFFB
  3862                           pclath	equ	0xFFA
  3863                           pcl	equ	0xFF9
  3864                           tblptru	equ	0xFF8
  3865                           tblptrh	equ	0xFF7
  3866                           tblptrl	equ	0xFF6
  3867                           tablat	equ	0xFF5
  3868                           prodh	equ	0xFF4
  3869                           prodl	equ	0xFF3
  3870                           indf0	equ	0xFEF
  3871                           postinc0	equ	0xFEE
  3872                           postdec0	equ	0xFED
  3873                           preinc0	equ	0xFEC
  3874                           plusw0	equ	0xFEB
  3875                           fsr0h	equ	0xFEA
  3876                           fsr0l	equ	0xFE9
  3877                           wreg	equ	0xFE8
  3878                           indf1	equ	0xFE7
  3879                           postinc1	equ	0xFE6
  3880                           postdec1	equ	0xFE5
  3881                           preinc1	equ	0xFE4
  3882                           plusw1	equ	0xFE3
  3883                           fsr1h	equ	0xFE2
  3884                           fsr1l	equ	0xFE1
  3885                           bsr	equ	0xFE0
  3886                           indf2	equ	0xFDF
  3887                           postinc2	equ	0xFDE
  3888                           postdec2	equ	0xFDD
  3889                           preinc2	equ	0xFDC
  3890                           plusw2	equ	0xFDB
  3891                           fsr2h	equ	0xFDA
  3892                           fsr2l	equ	0xFD9
  3893                           status	equ	0xFD8

Data Sizes:
    Strings     171
    Constant    0
    Data        4
    BSS         47
    Persistent  0
    Stack       0

Auto Spaces:
    Space          Size  Autos    Used
    COMRAM           94     82      88
    BANK0           160    139     152
    BANK1           256      0      32
    BANK2           256      0       0
    BANK3           256      0       0
    BANK4           256      0       0
    BANK5           256      0       0
    BANK6           256      0       0
    BANK7           256      0       0
    BANK8           256      0       0
    BANK9           256      0       0
    BANK10          256      0       0
    BANK11          256      0       0
    BANK12          256      0       0
    BANK13          256      0       0
    BANK14          256      0       0
    BANK15           56      0       0

Pointer List with Targets:

    strlen@s	PTR const unsigned char  size(2) Largest target is 32
		 -> dbuf(BANK1[32]), 

    strlen@a	PTR const unsigned char  size(2) Largest target is 32
		 -> dbuf(BANK1[32]), 

    fputs@s	PTR const unsigned char  size(2) Largest target is 32
		 -> dbuf(BANK1[32]), 

    fputs@fp	PTR struct _IO_FILE size(2) Largest target is 11
		 -> sprintf@f(BANK0[11]), 

    fputc@fp...source	PTR const unsigned char  size(2) Largest target is 0

    fputc@fp...buffer	PTR unsigned char  size(2) Largest target is 0

    fputc@fp	PTR struct _IO_FILE size(2) Largest target is 11
		 -> sprintf@f(BANK0[11]), 

    vfprintf@ap	PTR PTR void  size(2) Largest target is 2
		 -> sprintf@ap(BANK0[2]), 

    vfprintf@fp	PTR struct _IO_FILE size(2) Largest target is 11
		 -> sprintf@f(BANK0[11]), 

    vfprintf@fmt	PTR const unsigned char  size(2) Largest target is 33
		 -> STR_6(CODE[27]), STR_5(CODE[29]), STR_4(CODE[25]), STR_3(CODE[29]), 
		 -> STR_2(CODE[28]), STR_1(CODE[33]), 

    vfprintf@cfmt	PTR unsigned char  size(2) Largest target is 33
		 -> STR_6(CODE[27]), STR_5(CODE[29]), STR_4(CODE[25]), STR_3(CODE[29]), 
		 -> STR_2(CODE[28]), STR_1(CODE[33]), 

    vfpfcnvrt@fp	PTR struct _IO_FILE size(2) Largest target is 11
		 -> sprintf@f(BANK0[11]), 

    vfpfcnvrt@ap	PTR PTR void  size(2) Largest target is 2
		 -> sprintf@ap(BANK0[2]), 

    vfpfcnvrt@fmt	PTR PTR unsigned char  size(2) Largest target is 2
		 -> vfprintf@cfmt(BANK0[2]), 

    utoa@fp	PTR struct _IO_FILE size(2) Largest target is 11
		 -> sprintf@f(BANK0[11]), 

    pad@fp	PTR struct _IO_FILE size(2) Largest target is 11
		 -> sprintf@f(BANK0[11]), 

    pad@buf	PTR unsigned char  size(2) Largest target is 32
		 -> dbuf(BANK1[32]), 

    sprintf@fmt	PTR const unsigned char  size(2) Largest target is 33
		 -> STR_6(CODE[27]), STR_5(CODE[29]), STR_4(CODE[25]), STR_3(CODE[29]), 
		 -> STR_2(CODE[28]), STR_1(CODE[33]), 

    sprintf@s	PTR unsigned char  size(2) Largest target is 17
		 -> main@textLEVEL(BANK0[17]), main@text1(BANK0[17]), main@text2(BANK0[17]), main@textSTOP2(BANK0[17]), 
		 -> main@textSTOP1(BANK0[17]), main@textSTART(BANK0[17]), 

    sprintf@ap	PTR void [1] size(2) Largest target is 2
		 -> ?_sprintf(BANK0[2]), 

    S1568$source	PTR const unsigned char  size(2) Largest target is 0

    f...source	PTR const unsigned char  size(2) Largest target is 0

    S1568$buffer	PTR unsigned char  size(2) Largest target is 0

    f...buffer	PTR unsigned char  size(2) Largest target is 0

    LCD_ShowString@textData	PTR unsigned char  size(2) Largest target is 17
		 -> main@textLEVEL(BANK0[17]), main@text1(BANK0[17]), main@text2(BANK0[17]), main@textSTOP2(BANK0[17]), 
		 -> main@textSTOP1(BANK0[17]), main@textSTART(BANK0[17]), 


Critical Paths under _main in COMRAM

    _vfprintf->_vfpfcnvrt
    _vfpfcnvrt->_utoa
    _utoa->_pad
    _pad->_fputs
    _fputs->_fputc
    _rand->___lmul
    ___awmod->_rand
    _LCD_ShowString->_LCD_Send
    _LCD_Init->_LCD_Send

Critical Paths under _T1_ISR_HANDLER in COMRAM

    _T1_ISR_HANDLER->_driveLED

Critical Paths under _main in BANK0

    _main->_sprintf
    _sprintf->_vfprintf

Critical Paths under _T1_ISR_HANDLER in BANK0

    None.

Critical Paths under _main in BANK1

    None.

Critical Paths under _T1_ISR_HANDLER in BANK1

    None.

Critical Paths under _main in BANK2

    None.

Critical Paths under _T1_ISR_HANDLER in BANK2

    None.

Critical Paths under _main in BANK3

    None.

Critical Paths under _T1_ISR_HANDLER in BANK3

    None.

Critical Paths under _main in BANK4

    None.

Critical Paths under _T1_ISR_HANDLER in BANK4

    None.

Critical Paths under _main in BANK5

    None.

Critical Paths under _T1_ISR_HANDLER in BANK5

    None.

Critical Paths under _main in BANK6

    None.

Critical Paths under _T1_ISR_HANDLER in BANK6

    None.

Critical Paths under _main in BANK7

    None.

Critical Paths under _T1_ISR_HANDLER in BANK7

    None.

Critical Paths under _main in BANK8

    None.

Critical Paths under _T1_ISR_HANDLER in BANK8

    None.

Critical Paths under _main in BANK9

    None.

Critical Paths under _T1_ISR_HANDLER in BANK9

    None.

Critical Paths under _main in BANK10

    None.

Critical Paths under _T1_ISR_HANDLER in BANK10

    None.

Critical Paths under _main in BANK11

    None.

Critical Paths under _T1_ISR_HANDLER in BANK11

    None.

Critical Paths under _main in BANK12

    None.

Critical Paths under _T1_ISR_HANDLER in BANK12

    None.

Critical Paths under _main in BANK13

    None.

Critical Paths under _T1_ISR_HANDLER in BANK13

    None.

Critical Paths under _main in BANK14

    None.

Critical Paths under _T1_ISR_HANDLER in BANK14

    None.

Critical Paths under _main in BANK15

    None.

Critical Paths under _T1_ISR_HANDLER in BANK15

    None.

Call Graph Tables:

 ---------------------------------------------------------------------------------
 (Depth) Function   	        Calls       Base Space   Used Autos Params    Refs
 ---------------------------------------------------------------------------------
 (0) _main                                               112   112      0    9319
                                             27 BANK0    112   112      0
                           _LCD_Init
                     _LCD_ShowString
                            ___awmod
                               _rand
                            _sprintf
 ---------------------------------------------------------------------------------
 (1) _sprintf                                             21    15      6    6986
                                              8 BANK0     19    13      6
                           _vfprintf
 ---------------------------------------------------------------------------------
 (2) _vfprintf                                             8     2      6    5600
                                              0 BANK0      8     2      6
                          _vfpfcnvrt
 ---------------------------------------------------------------------------------
 (3) _vfpfcnvrt                                           44    38      6    5130
                                             64 COMRAM    18    12      6
                              _fputc
                               _utoa
 ---------------------------------------------------------------------------------
 (4) _utoa                                                32    22     10    3759
                                             32 COMRAM    32    22     10
                            ___lodiv
                            ___lomod
                                _pad
 ---------------------------------------------------------------------------------
 (5) _pad                                                 11     5      6    2709
                                             21 COMRAM    11     5      6
                              _fputc
                              _fputs
                             _strlen
 ---------------------------------------------------------------------------------
 (6) _strlen                                               4     2      2     166
                                              5 COMRAM     4     2      2
 ---------------------------------------------------------------------------------
 (6) _fputs                                                7     3      4    1235
                                             14 COMRAM     7     3      4
                              _fputc
 ---------------------------------------------------------------------------------
 (7) _fputc                                                9     5      4     834
                                              5 COMRAM     9     5      4
                              _putch
 ---------------------------------------------------------------------------------
 (8) _putch                                                1     1      0       0
 ---------------------------------------------------------------------------------
 (5) ___lomod                                             17     1     16     311
                                              5 COMRAM    17     1     16
 ---------------------------------------------------------------------------------
 (5) ___lodiv                                             25     9     16     314
                                              5 COMRAM    25     9     16
 ---------------------------------------------------------------------------------
 (1) _rand                                                 6     4      2     370
                                             17 COMRAM     6     4      2
                             ___lmul
 ---------------------------------------------------------------------------------
 (2) ___lmul                                              12     4      8     370
                                              5 COMRAM    12     4      8
 ---------------------------------------------------------------------------------
 (1) ___awmod                                              6     2      4     600
                                             23 COMRAM     6     2      4
                               _rand (ARG)
 ---------------------------------------------------------------------------------
 (1) _LCD_ShowString                                       4     2      2     613
                                              6 COMRAM     4     2      2
                           _LCD_Send
 ---------------------------------------------------------------------------------
 (1) _LCD_Init                                             1     1      0      22
                                              6 COMRAM     1     1      0
                           _LCD_Send
 ---------------------------------------------------------------------------------
 (2) _LCD_Send                                             1     1      0      22
                                              5 COMRAM     1     1      0
 ---------------------------------------------------------------------------------
 Estimated maximum stack depth 8
 ---------------------------------------------------------------------------------
 (Depth) Function   	        Calls       Base Space   Used Autos Params    Refs
 ---------------------------------------------------------------------------------
 (9) _T1_ISR_HANDLER                                       4     4      0     155
                                              1 COMRAM     4     4      0
                           _driveLED
 ---------------------------------------------------------------------------------
 (10) _driveLED                                            1     1      0     132
                                              0 COMRAM     1     1      0
 ---------------------------------------------------------------------------------
 Estimated maximum stack depth 10
 ---------------------------------------------------------------------------------

 Call Graph Graphs:

 _main (ROOT)
   _LCD_Init
     _LCD_Send
   _LCD_ShowString
     _LCD_Send
   ___awmod
     _rand (ARG)
       ___lmul
   _rand
   _sprintf
     _vfprintf
       _vfpfcnvrt
         _fputc
           _putch
         _utoa
           ___lodiv
           ___lomod
           _pad
             _fputc
             _fputs
               _fputc
             _strlen

 _T1_ISR_HANDLER (ROOT)
   _driveLED

 Address spaces:
Name               Size   Autos  Total    Cost      Usage
BIGRAM             F37      0       0      51        0.0%
EEDATA             400      0       0       0        0.0%
BITBANK14          100      0       0      32        0.0%
BANK14             100      0       0      33        0.0%
BITBANK13          100      0       0      30        0.0%
BANK13             100      0       0      31        0.0%
BITBANK12          100      0       0      28        0.0%
BANK12             100      0       0      29        0.0%
BITBANK11          100      0       0      26        0.0%
BANK11             100      0       0      27        0.0%
BITBANK10          100      0       0      24        0.0%
BANK10             100      0       0      25        0.0%
BITBANK9           100      0       0      22        0.0%
BANK9              100      0       0      23        0.0%
BITBANK8           100      0       0      20        0.0%
BANK8              100      0       0      21        0.0%
BITBANK7           100      0       0      18        0.0%
BANK7              100      0       0      19        0.0%
BITBANK6           100      0       0      16        0.0%
BANK6              100      0       0      17        0.0%
BITBANK5           100      0       0      14        0.0%
BANK5              100      0       0      15        0.0%
BITBANK4           100      0       0      12        0.0%
BANK4              100      0       0      13        0.0%
BITBANK3           100      0       0      10        0.0%
BANK3              100      0       0      11        0.0%
BITBANK2           100      0       0       8        0.0%
BANK2              100      0       0       9        0.0%
BITBANK1           100      0       0       6        0.0%
BANK1              100      0      20       7       12.5%
BITBANK0            A0      0       0       4        0.0%
BANK0               A0     8B      98       5       95.0%
BITCOMRAM           5E      0       0       0        0.0%
COMRAM              5E     52      58       1       93.6%
BITBANK15           38      0       0      34        0.0%
BANK15              38      0       0      35        0.0%
BITBIGSFRlllhll     2E      0       0      48        0.0%
BITBIGSFRhhl        22      0       0      37        0.0%
BITBIGSFRhllh       1B      0       0      40        0.0%
BITBIGSFRlllhlh     12      0       0      47        0.0%
BITBIGSFRhhh         D      0       0      36        0.0%
BITBIGSFRhlhhh       8      0       0      38        0.0%
BITBIGSFRlh          7      0       0      42        0.0%
BITBIGSFRlllhhl      6      0       0      46        0.0%
BITBIGSFRllhl        5      0       0      44        0.0%
BITBIGSFRhlll        5      0       0      41        0.0%
BITBIGSFRllll        3      0       0      49        0.0%
BITBIGSFRlllhhh      1      0       0      45        0.0%
BITBIGSFRllhh        1      0       0      43        0.0%
BITBIGSFRhlhl        1      0       0      39        0.0%
BIGSFR               0      0       0     200        0.0%
BITSFR_1             0      0       0     200        0.0%
SFR_1                0      0       0     200        0.0%
BITSFR               0      0       0     200        0.0%
SFR                  0      0       0     200        0.0%
STACK                0      0       0       2        0.0%
NULL                 0      0       0       0        0.0%
ABS                  0      0     110      50        0.0%
DATA                 0      0     110       3        0.0%
CODE                 0      0       0       0        0.0%


Microchip Technology PIC18 Macro Assembler V2.36 build 20220127204148 
Symbol Table                                                                                   Wed May 04 19:07:46 2022

                      _w 0053                       l90 11D0                       l83 1308  
                     l89 11CE                      l131 17FA                      l140 1BBC  
                    l133 1808                      l134 188A                      l142 1BCA  
                    l151 1C48                      l160 1F2E                      l144 1C0A  
                    l137 18A6                      l154 1F10                      l147 1C38  
                    l148 1C3A                      l157 1F1E                      l159 1F2C  
                    l186 1D80                      l419 1BB6                      l187 1D90  
                    l620 17CC                      l613 17AC                      l630 1976  
                    l623 1956                      l910 1DF2                      l903 16DC  
                    l922 1A40                      l930 1ED2                      l941 1D26  
                    l933 1F34                      l909 1DEA                      l853 1E44  
                    l881 1ACA                      l890 1388                      l947 1F08  
                    l883 1B06                      l878 1A88                      l888 1380  
                    l898 154A                      _GIE 007F97                      u801 16E4  
                    u810 1708                      u811 1704                      u820 1732  
                    u740 198A                      u900 1ADA                      u821 172E  
                    u741 1986                      u901 1AD6                      u830 1772  
                    u750 199C                      u910 1358                      u831 176E  
                    u751 1998                      u911 1354                      u840 18C6  
                    u760 19C4                      u920 1374                      u841 18C2  
                    u761 19C0                      u921 1370                      u850 18F0  
                    u770 19FA                      u930 14C0                      u851 18EC  
                    u771 19F6                      u931 14BC                      u860 191E  
                    u780 1ED2                      u940 14DE                      u861 191A  
                    u781 1ECE                      u941 14DA                      u790 1EFC  
                    u870 1A52                      u950 14F8                      u791 1EF8  
                    u871 1A4E                      u951 14F4                      u880 1A74  
                    u960 1512                      u881 1A70                      u961 150E  
                    u890 1ACA                      u970 1522                      u891 1AC6  
                    u971 151E                      u980 1570                      u981 156C  
                    u990 15B8                      u991 15B4                      _pad 1A42  
           ___awmod@sign 001D                      wreg 000FE8                     l2023 131E  
                   l1411 1978                     l1421 19FA                     l1413 198A  
                   l1415 199C                     l1431 1EB2                     l1511 13B0  
                   l1503 1348                     l1601 17CE                     l1417 19A6  
                   l1425 1E90                     l1433 1ED4                     l1521 1444  
                   l1513 13B8                     l1505 1358                     l1611 180A  
                   l1603 17DC                     l1451 1724                     l1443 16DE  
                   l1419 19C4                     l1427 1E9C                     l1435 1EE0  
                   l1531 14F8                     l1523 144A                     l1515 13C2  
                   l1507 135A                     l1613 1888                     l1605 17E8  
                   l1461 1794                     l1453 1732                     l1445 16EA  
                   l1429 1EAE                     l1437 1EE4                     l1533 1512  
                   l1517 13C8                     l1525 14AE                     l1509 1374  
                   l1541 1570                     l1615 1898                     l1607 17EA  
                   l1631 1BBA                     l1463 17A6                     l1455 1744  
                   l1447 1708                     l1471 18E2                     l1439 1EFC  
                   l1527 14C0                     l1535 1522                     l1519 143E  
                   l1551 1602                     l1543 157E                     l1609 17F8  
                   l1641 1C04                     l1633 1BCC                     l1457 1772  
                   l1449 1710                     l1473 18F0                     l1465 18A8  
                   l1481 1A42                     l1529 14DE                     l1561 1680  
                   l1545 1590                     l1651 1C26                     l1643 1C10  
                   l1635 1BD8                     l1459 1792                     l1475 191E  
                   l1467 18C6                     l1491 1A94                     l1483 1A52  
                   l1555 163A                     l1547 1594                     l1571 16A6  
                   l1539 154C                     l1653 1C28                     l1637 1BE8  
                   l1629 1BBA                     l1661 1B08                     l1581 1D28  
                   l1477 193E                     l1469 18CE                     l1493 1AA8  
                   l1485 1A66                     l1573 16CA                     l1557 165E  
                   l1565 168C                     l1549 15B8                     l1901 10E4  
                   l1639 1BF2                     l1671 1B34                     l1663 1B0C  
                   l1583 1D38                     l1655 1CBA                     l1479 1950  
                   l1495 1AAC                     l1487 1A74                     l1567 169A  
                   l1559 166C                     l1911 10FC                     l1903 10EC  
                   l1649 1C14                     l1681 1B6C                     l1673 1B3C  
                   l1665 1B1A                     l1585 1D46                     l1657 1CF8  
                   l1497 1ADA                     l1489 1A80                     l1921 111E  
                   l1913 10FE                     l1905 10F4                     l1579 1F0C  
                   l1691 1BA6                     l1683 1B82                     l1675 1B4E  
                   l1667 1B22                     l1587 1D56                     l1499 1AEE  
                   l1931 1168                     l1923 112C                     l1915 1100  
                   l1907 10F8                     l1693 1BAE                     l1685 1B8A  
                   l1677 1B56                     l1669 1B26                     l1589 1D60  
                   l1941 11C6                     l1933 1176                     l1925 113A  
                   l1917 1102                     l1909 10FA                     l1687 1B90  
                   l1679 1B5E                     l1871 1DA8                     l1951 1234  
                   l1943 11DE                     l1935 118C                     l1927 114C  
                   l1919 110A                     l1689 1B96                     l1873 1DCE  
                   l1881 1E16                     l1961 126C                     l1953 1242  
                   l1945 11EC                     l1937 119A                     l1929 1154  
                   l1867 1D92                     l1883 1E32                     l1875 1DF4  
                   l1971 12DE                     l1963 129C                     l1955 125C  
                   l1947 1208                     l1939 11A8                     l1891 10CC  
                   l1869 1D9A                     l1877 1E06                     l1973 12EC  
                   l1965 12B4                     l1949 1216                     l1893 10D0  
                   ?_pad 0016                     l1879 1E0E                     l1975 12F0  
                   l1967 12BC                     l1895 10D2                     l1887 10AE  
                   l1977 12F4                     l1969 12D0                     l1985 1308  
                   l1897 10DA                     l1889 10C8                     l1899 10E2  
                   STR_1 1001                     STR_2 105C                     STR_3 103F  
                   STR_4 1093                     STR_5 1022                     STR_6 1078  
                   u1000 165E                     u1001 165A                     u1010 1F1E  
                   u1011 1F1A                     u1020 1F2C                     u1021 1F28  
                   u1030 1D46                     u1031 1D42                     u1200 1BCA  
                   u1040 1D80                     u1201 1BC6                     u1041 1D7C  
                   u1210 1BE8                     u1211 1BE4                     u1220 1C04  
                   u1300 1B82                     u1221 1C00                     u1301 1B7E  
                   u1230 1C38                     u1310 1BA6                     u1231 1C34  
                   u1311 1BA2                     u1240 1C48                     u1241 1C44  
                   u1250 1D18                     u1180 1808                     u1260 1B1A  
                   u1500 11DE                     u1181 1804                     u1261 1B16  
                   u1501 11DA                     u1190 1898                     u1270 1B34  
                   u1510 125C                     u1191 1894                     u1271 1B30  
                   u1255 1D0E                     u1511 1258                     u1280 1B4E  
                   u1520 129C                     u1281 1B4A                     u1521 1298  
                   u1290 1B6C                     u1530 12B4                     u1291 1B68  
                   u1531 12B0                     u1540 12EC                     u1541 12E8  
                   u1470 1DEA                     u1471 1DE6                     u1480 113A  
                   u1481 1136                     u1490 11A8                     u1491 11A4  
                   u1557 17F0                     u1567 189E                     _PEIE 007F96  
                   i2l71 00AC                     i2l77 00AE                     _TMR1 000FCE  
                   _dbuf 0100                     _main 10AE                     _rand 1CBA  
                   _seed 00F4                     _prec 00EF                     _nout 00EB  
                   pad@i 001D                     pad@p 001A                     fsr1h 000FE2  
                   fsr2h 000FDA                     indf2 000FDF                     fsr1l 000FE1  
                   pad@w 001F                     fsr2l 000FD9                     btemp 0059  
                   _utoa 1348                     start 00B2             ___param_bank 000000  
         _LCD_ShowString 1BB8                    ??_pad 001C         __end_of_LCD_Init 18A8  
       __end_of_LCD_Send 1F30                    ?_main 0001                    ?_rand 0012  
        __end_of___awmod 1BB8                    ?_utoa 0021          __end_of___lodiv 17CE  
                  _LATD2 007C62                    _LATC4 007C5C                    _LATD3 007C63  
                  _LATD4 007C64                    _LATD5 007C65                    _LATD6 007C66  
        __end_of___lomod 1978                    i2l104 1CB8             vfpfcnvrt@fmt 0043  
           vfpfcnvrt@llu 004B      ___lmul@multiplicand 000A             main@rand_num 00E9  
                  _delay 0055                    _flags 00F1                    _fputc 1978  
                  _fputs 1E90                    pad@fp 0016                    _width 00ED  
                  _putch 1F34                    main@k 00E3                    tablat 000FF5  
                  ttemp5 005A                    ttemp6 005D                    ttemp7 0061  
                  utoa@d 0023                    utoa@i 003F                    utoa@n 0037  
                  utoa@p 0033                    utoa@w 0035                    status 000FD8  
                  wtemp8 005A          __end_of_sprintf 1E46         ___lodiv@dividend 0006  
        __initialization 1E46   __end_of_LCD_ShowString 1C4A             __end_of_main 1348  
           __end_of_rand 1D28             __end_of_utoa 154C             LCD_Send@data 0006  
                 ??_main 007B                   ??_rand 0014                   ??_utoa 002B  
          __activetblptr 000002         ___lodiv@quotient 0016                   ?_fputc 0006  
                 ?_fputs 000F                   _ADRESH 000FC4                   _ADRESL 000FC3  
                 ?_putch 0001                   _ANSELE 000F3C                   _GODONE 007E11  
                 i2l1701 0026                   i2l1711 0078                   i2l1703 0038  
                 i2l1721 009C                   i2l1713 007C                   i2l1705 005C  
                 i2l1723 00A0                   i2l1715 007E                   i2l1707 0062  
                 i2l1717 0086                   i2l1709 0074                   i2l1719 0088  
                 i2l1599 1C4C                   i2l1697 000A                   i2l1699 0018  
        T1_ISR_HANDLER@i 00F3                   _TMR1IE 007CE8                   _TMR1IF 007CF0  
                 _TMR1ON 007E68                   _SSP2IF 007D27             vfprintf@cfmt 0066  
        ?_LCD_ShowString 0007                   ___lmul 1D28         __end_of_driveLED 1CBA  
              ??___awmod 001C                ??___lodiv 0016                ??___lomod 0016  
                 clear_0 1E6C                   clear_1 1E78          ___awmod@divisor 001A  
                 isa$std 000001          ___awmod@counter 001C                   pad@buf 0018  
          main@textLEVEL 00B0                   _strlen 1ED4            main@textSTART 009F  
          main@textSTOP1 00C1            main@textSTOP2 00D2                   fputc@c 0006  
                 fputs@c 0013                   fputs@i 0014             __pdataCOMRAM 0053  
                 fputs@s 000F             __mediumconst 0000                   tblptrh 000FF7  
                 tblptrl 000FF6                   tblptru 000FF8                   putch@c 0001  
       __end_of_vfprintf 1DF4                   utoa@fp 0021                ??_sprintf 0053  
             __accesstop 0060  __end_of__initialization 1E82                ?_LCD_Init 0001  
              ?_LCD_Send 0001            ___rparam_used 000001           __pcstackCOMRAM 0001  
         _T1_ISR_HANDLER 0008            __end_of_fputc 1A42            __end_of_fputs 1ED4  
          __end_of_putch 1F36                  ??_fputc 000A                  ??_fputs 0013  
                ??_putch 0006               __pbssBANK0 00EB               __pbssBANK1 0100  
             ??_LCD_Init 0007               ??_LCD_Send 0006   __end_of_T1_ISR_HANDLER 00B2  
             _game_state 0058                  ?___lmul 0006           ___lmul@product 000E  
                ?_strlen 0006                  _SSP2ADD 000F6E                  _SSP2BUF 000F6F  
       ___lomod@dividend 0006                ?_driveLED 0001          LCD_ShowString@i 000A  
                __Hparam 0000                  __Lparam 0000          ?_T1_ISR_HANDLER 0001  
                ___awmod 1B08                  ___lodiv 16DE                  ___lomod 18A8  
              ?_vfprintf 0060             __psmallconst 1000                  __pcinit 1E46  
                __ramtop 1000                  __ptext0 10AE                  __ptext1 1DF4  
                __ptext2 1D92                  __ptext3 154C                  __ptext4 1348  
                __ptext5 1A42                  __ptext6 1ED4                  __ptext7 1E90  
                __ptext8 1978                  __ptext9 1F34                _T1CONbits 000FCD  
       ___awmod@dividend 0018                  _sprintf 1DF4                  main@pot 00E7  
   end_of_initialization 1E82               ??_driveLED 0001                  fputc@fp 0008  
          __Lmediumconst 0000                  fputs@fp 0011         ??_LCD_ShowString 0009  
  LCD_ShowString@lineNum 0009        __end_of_vfpfcnvrt 16DE                  postdec1 000FE5  
                postdec2 000FDD                  postinc0 000FEE                  postinc1 000FE6  
                postinc2 000FDE               ??_vfprintf 0053                  strlen@a 0008  
                strlen@s 0006                _PORTCbits 000F82                _TRISAbits 000F92  
              _TRISCbits 000F94                _TRISDbits 000F95   T1_ISR_HANDLER@tmr_over 0004  
             driveLED@in 0001           __end_of___lmul 1D92              vfpfcnvrt@ap 0045  
            vfpfcnvrt@fp 0041            __pidataCOMRAM 1F30           __end_of_strlen 1F0A  
    start_initialization 1E46          ___lodiv@divisor 000E          ___lodiv@counter 001E  
            __end_of_pad 1B08              vfprintf@fmt 0062                 ??___lmul 000E  
               ??_strlen 0008              __pbssCOMRAM 0057            __pcstackBANK0 0060  
       ??_T1_ISR_HANDLER 0002                __pintcode 0008                 ?___awmod 0018  
               ?___lodiv 0006                 ?___lomod 0006          ___lomod@divisor 000E  
              _led_state 0057              __smallconst 1000          ___lomod@counter 0016  
               ?_sprintf 0068                 _LCD_Init 17CE                 _LCD_Send 1F0A  
               _LATAbits 000F89                 _LATCbits 000F8B                 _LATDbits 000F8C  
               i2u110_40 1C80                 i2u110_41 1C7A                 i2u111_45 1C82  
               i2u112_40 1C92                 i2u112_41 1C8C                 i2u113_45 1C94  
               i2u114_40 1CA4                 i2u106_40 1C5C                 i2u114_41 1C9E  
               i2u106_41 1C56                 i2u115_45 1CA6                 i2u107_45 1C5E  
               i2u116_40 1CB6                 i2u108_40 1C6E                 i2u132_40 0018  
               i2u116_41 1CB0                 i2u108_41 1C68                 i2u132_41 0014  
               i2u133_40 0026                 i2u133_41 0022                 i2u117_45 1CB8  
               i2u109_45 1C70                 i2u134_40 0038                 i2u134_41 0034  
               i2u135_44 0052                 i2u135_45 004E                 i2u136_40 0074  
               i2u136_41 0070                 i2u137_40 009C                 i2u137_41 0098  
              _vfpfcnvrt 154C               _ADCON0bits 000FC2               _ADCON2bits 000FC0  
              main@text1 007D                main@text2 008E        ___lmul@multiplier 0006  
              copy_data0 1E5A                 __Hrparam 0000               vfprintf@ap 0064  
               __Lrparam 0000               vfprintf@fp 0060               ?_vfpfcnvrt 0041  
             _ANSELDbits 000F3B               sprintf@fmt 006A                 __ptext10 18A8  
               __ptext11 16DE                 __ptext12 1CBA                 __ptext13 1D28  
               __ptext14 1B08                 __ptext15 1BB8                 __ptext16 17CE  
               __ptext17 1F0A                 __ptext19 1C4A             _SSP2CON1bits 000F6C  
           _SSP2CON2bits 000F6B                 _driveLED 1C4A                 isa$xinst 000000  
               int$flags 0059                 _vfprintf 1D92             _SSP2STATbits 000F6D  
               intlevel2 0000                sprintf@ap 006E              ??_vfpfcnvrt 0047  
 LCD_ShowString@textData 0007                 sprintf@f 0070                 sprintf@s 0068  
